{
"type": "FeatureCollection",
"name": "tab_list_20260830",
"crs": { "type": "name", "properties": { "name": "urn:ogc:def:crs:OGC:1.3:CRS84" } },
"features": [
{ "type": "Feature", "id": 0, "properties": { "wkt_wgs84": "POINT (21.553913144 51.588925065)", "x_wgs84": 21.553913144, "y_wgs84": 51.588925064999998, "country": "Polska", "province": "mazowieckie", "district": "kozienicki", "municipality": "Kozienice", "postcode": "26-900", "object_type": "K01.20.10", "object_type_name": "Pałace", "veracity_score": "good", "accessibility": "full", "state": "excellent", "otar_id": "K01.20.10.11539K", "name": "Pałac Stanisława Augusta Poniatowskiego w Kozienicach", "description": "Historia tego miejsca sięga XIV wieku, kiedy istniał tu zamek myśliwski. Według przekazów gościł w nim Władysław Jagiełło, a także urodził się tutaj przyszły król Zygmunt I Stary. Dawna warownia nie przetrwała do dziś  na jej miejscu Stanisław August Poniatowski polecił wznieść pałac, który zachował się do dziś. Pod koniec XVIII wieku w pałacu działała manufaktura sztucerów, produkująca broń dla żołnierzy piechoty koronnej.", "wikidata": "n/a", "wikidata_url": "n/a", "wikipedia": "n/a", "wikipedia_url": "n/a", "published": "2026-08-14" }, "geometry": { "type": "Point", "coordinates": [ 21.553913144, 51.588925065 ] } },
{ "type": "Feature", "id": 1, "properties": { "wkt_wgs84": "POINT (16.249440654 52.366263426)", "x_wgs84": 16.249440654000001, "y_wgs84": 52.366263426000003, "country": "Polska", "province": "wielkopolskie", "district": "nowotomyski", "municipality": "Kuślin", "postcode": "64-316", "object_type": "K01.20.10", "object_type_name": "Pałace", "veracity_score": "good", "accessibility": "partial", "state": "excellent", "otar_id": "K01.20.10.14WEE9", "name": "Zamek w Wąsowie", "description": "Zamek w Wąsowie wzniesiono w latach 1870–1872 jako neogotycką rezydencję rodu von Hardtów. Monumentalna budowla otrzymała rozczłonkowaną bryłę z wieżami, ryzalitami, blankami i detalem inspirowanym architekturą średniowiecznych zamków. Otacza ją rozległy park krajobrazowy. Obecnie obiekt jest dobrze zachowany, odrestaurowany i pełni funkcje hotelowe oraz konferencyjne.", "wikidata": "Q1461752", "wikidata_url": "https://www.wikidata.org/wiki/Q1461752", "wikipedia": "pl:Zamek w Wąsowie", "wikipedia_url": "https://pl.wikipedia.org/wiki/Zamek_w_W%C4%85sowie", "published": "2026-08-14" }, "geometry": { "type": "Point", "coordinates": [ 16.249440654, 52.366263426 ] } },
{ "type": "Feature", "id": 2, "properties": { "wkt_wgs84": "POINT (17.149732329 51.6579678)", "x_wgs84": 17.149732329, "y_wgs84": 51.6579678, "country": "Polska", "province": "wielkopolskie", "district": "rawicki", "municipality": "Jutrosin", "postcode": "63-930", "object_type": "K01.20.10", "object_type_name": "Pałace", "veracity_score": "good", "accessibility": "partial", "state": "good", "otar_id": "K01.20.10.1ZYGR3", "name": "Pałac Czartoryskich w Starym Sielcu", "description": "Nieukończony Pałac Czartoryskich zbudowany w miejscu XVIII w. obronnej rezydencji szlacheckiej. Niedokończona budowla zachowała charakter pałacowy z regularną bryłą i reprezentacyjnym układem wnętrz. Wokół rozciąga się założenie parkowe związane z dawnym majątkiem. Obecnie pałac jest zachowany jako element historycznego zespołu rezydencjonalnego.", "wikidata": "Q33092878", "wikidata_url": "https://www.wikidata.org/wiki/Q33092878", "wikipedia": "pl:Pałac Czartoryskich w Starym Sielcu", "wikipedia_url": "https://pl.wikipedia.org/wiki/Pa%C5%82ac_Czartoryskich_w_Starym_Sielcu", "published": "2026-08-14" }, "geometry": { "type": "Point", "coordinates": [ 17.149732329, 51.6579678 ] } },
{ "type": "Feature", "id": 3, "properties": { "wkt_wgs84": "POINT (16.515003994 51.047280934)", "x_wgs84": 16.515003994000001, "y_wgs84": 51.047280934, "country": "Polska", "province": "dolnośląskie", "district": "średzki", "municipality": "Udanin", "postcode": "55-340", "object_type": "K01.20.10", "object_type_name": "Pałace", "veracity_score": "good", "accessibility": "limited", "state": "fair", "otar_id": "K01.20.10.29RT4A", "name": "Pałac w Pielaszkowicach", "description": "Późnorenesansowy zamek-pałac typu palazzo in fortezza z 1570 r., wzniesiony przez Hansa von Mühlheima jako obronna rezydencja, później włączoną w rozbudowany zespół pałacowy. Towarzyszą mu park ze stawami, oficyny mieszkalne i gospodarcze, drewniana altana oraz spichrz. Obiekt wielokrotnie przekształcano wraz z otoczeniem parkowym. Obecnie pałac znajduje się w stanie ruiny, a cały zespół objęty jest ochroną konserwatorską.", "wikidata": "Q24941452", "wikidata_url": "https://www.wikidata.org/wiki/Q24941452", "wikipedia": "pl:Pałac w Pielaszkowicach", "wikipedia_url": "https://pl.wikipedia.org/wiki/Pa%C5%82ac_w_Pielaszkowicach", "published": "2026-08-14" }, "geometry": { "type": "Point", "coordinates": [ 16.515003994, 51.047280934 ] } },
{ "type": "Feature", "id": 4, "properties": { "wkt_wgs84": "POINT (15.813822891 50.875450579)", "x_wgs84": 15.813822891, "y_wgs84": 50.875450579000002, "country": "Polska", "province": "dolnośląskie", "district": "karkonoski", "municipality": "Mysłakowice", "postcode": "58-500", "object_type": "K01.20.10", "object_type_name": "Pałace", "veracity_score": "good", "accessibility": "partial", "state": "excellent", "otar_id": "K01.20.10.3NFHQF", "name": "Pałac w Wojanowie", "description": "Pałac w Wojanowie wzniesiono w XVII w. jako obronną rezydencję szlachecką, a w XIX w. gruntownie przebudowano w duchu neogotyckim. Otrzymał malowniczą, symetryczną bryłę z narożnymi wieżami, krenelażem i dekoracyjnymi szczytami, otoczoną rozległym parkiem krajobrazowym. Po 1945 r. obiekt ulegał degradacji, lecz na początku XXI w. został odrestaurowany. Obecnie pełni funkcje hotelowe, konferencyjne i turystyczne.", "wikidata": "Q11815054", "wikidata_url": "https://www.wikidata.org/wiki/Q11815054", "wikipedia": "pl:Pałac w Wojanowie", "wikipedia_url": "https://pl.wikipedia.org/wiki/Pa%C5%82ac_w_Wojanowie", "published": "2026-08-14" }, "geometry": { "type": "Point", "coordinates": [ 15.813822891, 50.875450579 ] } },
{ "type": "Feature", "id": 5, "properties": { "wkt_wgs84": "POINT (21.482585 49.751961)", "x_wgs84": 21.482585, "y_wgs84": 49.751961, "country": "Polska", "province": "podkarpackie", "district": "jasielski", "municipality": "Jasło", "postcode": "38-200", "object_type": "K01.20.10", "object_type_name": "Pałace", "veracity_score": "good", "accessibility": "partial", "state": "excellent", "otar_id": "K01.20.10.3NJ8FC", "name": "Pałac Sroczyńskich w Jaśle", "description": "Według Spisu Dóbr Koronnych z 1629 roku starosta jasielski Baltazar Brodecki polecił wznieść w tej miejscowości murowaną warownię. Zamek miał charakter obronny  wyposażony był w baszty oraz zwodzony most, a jego zabezpieczenie stanowił dodatkowo ziemny wał otaczający całość założenia. Dawny zamek nie zachował się do czasów współczesnych. W jego miejscu w 1858 roku wybudowano pałac Sroczyńskich, który obecnie pełni funkcję siedziby Zespołu Szkół Medycznych.", "wikidata": "Q30513149", "wikidata_url": "https://www.wikidata.org/wiki/Q30513149", "wikipedia": "pl:Pałac Sroczyńskich w Jaśle", "wikipedia_url": "https://pl.wikipedia.org/wiki/Pa%C5%82ac_Sroczy%C5%84skich_w_Ja%C5%9Ble", "published": "2026-08-14" }, "geometry": { "type": "Point", "coordinates": [ 21.482585, 49.751961 ] } },
{ "type": "Feature", "id": 6, "properties": { "wkt_wgs84": "POINT (19.92565 53.911819)", "x_wgs84": 19.92565, "y_wgs84": 53.911819, "country": "Polska", "province": "warmińsko-mazurskie", "district": "ostródzki", "municipality": "Morąg", "postcode": "14-300", "object_type": "K01.20.10", "object_type_name": "Pałace", "veracity_score": "good", "accessibility": "full", "state": "excellent", "otar_id": "K01.20.10.3XHZH8", "name": "Pałac w Morągu", "description": "W sąsiedztwie XIV-wiecznego zamku krzyżackiego wzniesiono w drugiej połowie XVI wieku rezydencję rodu Dohnów. Podczas budowy wykorzystano fragmenty miejskich fortyfikacji, w tym mury oraz basztę. W 1717 roku obiekt został rozbudowany, zyskując bardziej pałacowy charakter. Zniszczony w 1945 roku, został odbudowany w latach 1975-1985. Obecnie mieści się w nim Muzeum Warmii i Mazur.", "wikidata": "Q11814998", "wikidata_url": "https://www.wikidata.org/wiki/Q11814998", "wikipedia": "pl:Pałac w Morągu", "wikipedia_url": "https://pl.wikipedia.org/wiki/Pa%C5%82ac_w_Mor%C4%85gu", "published": "2026-08-14" }, "geometry": { "type": "Point", "coordinates": [ 19.92565, 53.911819 ] } },
{ "type": "Feature", "id": 7, "properties": { "wkt_wgs84": "POINT (16.150172669 51.569657256)", "x_wgs84": 16.150172669, "y_wgs84": 51.569657256, "country": "Polska", "province": "dolnośląskie", "district": "polkowicki", "municipality": "Grębocice", "postcode": "59-150", "object_type": "K01.20.10", "object_type_name": "Pałace", "veracity_score": "good", "accessibility": "limited", "state": "good", "otar_id": "K01.20.10.4B299N", "name": "Pałac w Świninie", "description": "Zabytkowy pałac w Świninie (dolnośląskie) z XVIII w., wzniesiony w miejscu dawnej budowli renesansowej. Wyróżnia go dach mansardowy i asymetryczny ryzalit z balkonem. Otoczony zabytkowym parkiem oraz folwarkiem. Obiekt nie jest udostępniony do zwiedzania, bryłę można podziwiać z zewnątrz.", "wikidata": "Q19844448", "wikidata_url": "https://www.wikidata.org/wiki/Q19844448", "wikipedia": "pl:Pałac w Świninie", "wikipedia_url": "https://pl.wikipedia.org/wiki/Pa%C5%82ac_w_%C5%9Awininie", "published": "2026-08-14" }, "geometry": { "type": "Point", "coordinates": [ 16.150172669, 51.569657256 ] } },
{ "type": "Feature", "id": 8, "properties": { "wkt_wgs84": "POINT (16.674364643 50.611568596)", "x_wgs84": 16.674364643000001, "y_wgs84": 50.611568595999998, "country": "Polska", "province": "dolnośląskie", "district": "ząbkowicki", "municipality": "Stoszowice", "postcode": "58-262", "object_type": "K01.20.10", "object_type_name": "Pałace", "veracity_score": "fair", "accessibility": "partial", "state": "fair", "otar_id": "K01.20.10.4TQ6W9", "name": "Pałac w Rudnicy", "description": "Pałac w Rudnicy powstał w XVI w. jako renesansowy dwór, następnie był kilkakrotnie rozbudowywany, a w XIX w. otrzymał jednolitą formę klasycystyczną z neogotycką wieżą. Czteroskrzydłowa, dwukondygnacyjna budowla otaczała niewielki dziedziniec; zachowały się fragmenty sgraffitów, kamiennych obramień i sklepień. Obecnie pałac znajduje się w stanie zaawansowanej ruiny, z zachowanymi murami obwodowymi i cylindryczną wieżą.", "wikidata": "Q19401160", "wikidata_url": "https://www.wikidata.org/wiki/Q19401160", "wikipedia": "pl:Pałac w Rudnicy", "wikipedia_url": "https://pl.wikipedia.org/wiki/Pa%C5%82ac_w_Rudnicy", "published": "2026-08-14" }, "geometry": { "type": "Point", "coordinates": [ 16.674364643, 50.611568596 ] } },
{ "type": "Feature", "id": 9, "properties": { "wkt_wgs84": "POINT (22.33386613 51.353492417)", "x_wgs84": 22.33386613, "y_wgs84": 51.353492416999998, "country": "Polska", "province": "lubelskie", "district": "lubelski", "municipality": "Garbów", "postcode": "21-080", "object_type": "K01.20.10", "object_type_name": "Pałace", "veracity_score": "good", "accessibility": "full", "state": "excellent", "otar_id": "K01.20.10.4XB9Q4", "name": "Pałac w Garbowie", "description": "Klasycystyczny pałac w Garbowie (woj. lubelskie), wzniesiony w poł. XIX w. dla rodziny Jezierskich według projektu Józefa Dietricha. Budynek na planie litery H z jońskim portykiem. Otacza go park ze stawami. Obecnie w jego wnętrzach mieści się m.in. ośrodek zdrowia i apteka.", "wikidata": "n/a", "wikidata_url": "n/a", "wikipedia": "n/a", "wikipedia_url": "n/a", "published": "2026-08-14" }, "geometry": { "type": "Point", "coordinates": [ 22.33386613, 51.353492417 ] } },
{ "type": "Feature", "id": 10, "properties": { "wkt_wgs84": "POINT (19.649077507 50.467689787)", "x_wgs84": 19.649077507000001, "y_wgs84": 50.467689786999998, "country": "Polska", "province": "śląskie", "district": "zawierciański", "municipality": "Pilica", "postcode": "42-436", "object_type": "K01.20.10", "object_type_name": "Pałace", "veracity_score": "good", "accessibility": "limited", "state": "good", "otar_id": "K01.20.10.532W4A", "name": "Zamek w Pilicy", "description": "Pałac w Pilicy powstał na miejscu średniowiecznego zamku z XIV wieku. Dawna gotycka warownia, związana m.in. z rodem Pileckich, została w XVI wieku przebudowana na renesansową rezydencję, a następnie wzmocniona systemem bastionowych fortyfikacji. Po zniszczeniach podczas najazdu szwedzkiego obiekt przekształcono w XVIII wieku w barokową rezydencję inspirowaną architekturą francuską. Z dawnego założenia zachowały się fragmenty fortyfikacji oraz elementy starszej zabudowy.", "wikidata": "Q9386705", "wikidata_url": "https://www.wikidata.org/wiki/Q9386705", "wikipedia": "pl:Zamek w Pilicy", "wikipedia_url": "https://pl.wikipedia.org/wiki/Zamek_w_Pilicy", "published": "2026-08-14" }, "geometry": { "type": "Point", "coordinates": [ 19.649077507, 50.467689787 ] } },
{ "type": "Feature", "id": 11, "properties": { "wkt_wgs84": "POINT (17.835562207 51.128454184)", "x_wgs84": 17.835562207, "y_wgs84": 51.128454184, "country": "Polska", "province": "wielkopolskie", "district": "kępiński", "municipality": "Rychtal", "postcode": "63-630", "object_type": "K01.20.10", "object_type_name": "Pałace", "veracity_score": "good", "accessibility": "partial", "state": "good", "otar_id": "K01.20.10.5EKYVS", "name": "Pałac biskupów wrocławskich w Skoroszowie", "description": "Pałac w Skoroszowie to urokliwy, choć nieco zapomniany zabytek architektury rezydencjonalnej. Stanowi on klasyczny przykład wiejskiej siedziby szlacheckiej, w której nowożytna elegancja całkowicie zastąpiła surowe, średniowieczne walory obronne. Obecny pałac został wzniesiony w drugiej połowie XVIII wieku, prawdopodobnie około 1790 roku, w miejscu wcześniejszego, skromniejszego założenia dworskiego. Fundacja ta wiąże się z rodem von Kessel, który w tym czasie władał lokalnymi dobrami.", "wikidata": "Q32998765", "wikidata_url": "https://www.wikidata.org/wiki/Q32998765", "wikipedia": "pl:Pałac w Skoroszowie", "wikipedia_url": "https://pl.wikipedia.org/wiki/Pa%C5%82ac_w_Skoroszowie", "published": "2026-08-14" }, "geometry": { "type": "Point", "coordinates": [ 17.835562207, 51.128454184 ] } },
{ "type": "Feature", "id": 12, "properties": { "wkt_wgs84": "POINT (16.536687691 50.986570864)", "x_wgs84": 16.536687691000001, "y_wgs84": 50.986570864000001, "country": "Polska", "province": "dolnośląskie", "district": "świdnicki", "municipality": "Żarów", "postcode": "58-130", "object_type": "K01.20.10", "object_type_name": "Pałace", "veracity_score": "good", "accessibility": "limited", "state": "good", "otar_id": "K01.20.10.5GBMPC", "name": "Pałac w Pyszczynie", "description": "Pałac w Pyszczynie powstał z wcześniejszego dworu obronnego, wzmiankowanego już w XIV w., a obecną wczesnoklasycystyczną formę uzyskał podczas rozbudowy w latach 1794–1796. Jest dwukondygnacyjną budowlą na planie podkowy, nakrytą dachami dwuspadowymi z lukarnami. Fasada zachowała barokowy portal, korynckie pilastry i kartusze herbowe. Obecnie pałac pozostaje własnością prywatną i wymaga dalszej rewaloryzacji.", "wikidata": "Q19401157", "wikidata_url": "https://www.wikidata.org/wiki/Q19401157", "wikipedia": "pl:Pałac w Pyszczynie", "wikipedia_url": "https://pl.wikipedia.org/wiki/Pa%C5%82ac_w_Pyszczynie", "published": "2026-08-14" }, "geometry": { "type": "Point", "coordinates": [ 16.536687691, 50.986570864 ] } },
{ "type": "Feature", "id": 13, "properties": { "wkt_wgs84": "POINT (22.523925 51.023881)", "x_wgs84": 22.523925, "y_wgs84": 51.023881, "country": "Polska", "province": "lubelskie", "district": "lubelski", "municipality": "Bychawa", "postcode": "23-100", "object_type": "K01.20.10", "object_type_name": "Pałace", "veracity_score": "good", "accessibility": "partial", "state": "poor", "otar_id": "K01.20.10.5M8LJB", "name": "Pałac w Bychawie", "description": "Ruiny pałacu w Bychawie to pozostałości dawnego zamku, którego budowę rozpoczęto na początku XVI wieku, w okresie nadania osadzie praw miejskich w 1537 roku. Z czasem pierwotna warownia została przekształcona w pałacową rezydencję. Choć budowla nie przetrwała do dziś w całości, do dziś zachowały się imponujące, duże partie murów, które dają wyobrażenie o jej dawnej skali i świetności. Wstęp na teren ruin jest całkowicie bezpłatny.", "wikidata": "Q30099995", "wikidata_url": "https://www.wikidata.org/wiki/Q30099995", "wikipedia": "n/a", "wikipedia_url": "n/a", "published": "2026-08-14" }, "geometry": { "type": "Point", "coordinates": [ 22.523925, 51.023881 ] } },
{ "type": "Feature", "id": 14, "properties": { "wkt_wgs84": "POINT (15.779605 50.844761)", "x_wgs84": 15.779605, "y_wgs84": 50.844761, "country": "Polska", "province": "dolnośląskie", "district": "karkonoski", "municipality": "Mysłakowice", "postcode": "58-533", "object_type": "K01.20.10", "object_type_name": "Pałace", "veracity_score": "good", "accessibility": "partial", "state": "excellent", "otar_id": "K01.20.10.5QN5NF", "name": "Pałac w Mysłakowicach", "description": "Najstarsze wzmianki o miejscowości pochodzą z 1385 roku. W połowie XVII wieku ówczesny właściciel Leopold von Reibnitz wzniósł tutaj zamek, którego pozostałości były jeszcze widoczne w XIX stuleciu. Na miejscu dawnej rezydencji powstał później pałac z pierwszej połowy XVIII wieku, który na przestrzeni lat był wielokrotnie przebudowywany.", "wikidata": "Q19401146", "wikidata_url": "https://www.wikidata.org/wiki/Q19401146", "wikipedia": "pl:Pałac w Mysłakowicach", "wikipedia_url": "https://pl.wikipedia.org/wiki/Pa%C5%82ac_w_Mys%C5%82akowicach", "published": "2026-08-14" }, "geometry": { "type": "Point", "coordinates": [ 15.779605, 50.844761 ] } },
{ "type": "Feature", "id": 15, "properties": { "wkt_wgs84": "POINT (17.589264108 54.753265497)", "x_wgs84": 17.589264107999998, "y_wgs84": 54.753265497000001, "country": "Polska", "province": "pomorskie", "district": "lęborski", "municipality": "Wicko", "postcode": "84-360", "object_type": "K01.20.10", "object_type_name": "Pałace", "veracity_score": "good", "accessibility": "partial", "state": "excellent", "otar_id": "K01.20.10.5RUVU5", "name": "Pałac w Nowęcinie", "description": "Dawna obronna siedziba zamkowa wzniesiona w 1497 roku przez Mikołaja Wejhera. Obiekt był wielokrotnie przebudowywany, a jego obecna forma posiada cechy neogotyckiej rezydencji. Z najstarszych elementów zachowała się gotycka kaplica zwana Jerozolimką oraz pozostałości dawnych umocnień, w tym wały i fosa. Współcześnie zamek pełni funkcję użytkową, w jego wnętrzach działają hotel i restauracja.", "wikidata": "Q30585222", "wikidata_url": "https://www.wikidata.org/wiki/Q30585222", "wikipedia": "pl:Pałac w Nowęcinie", "wikipedia_url": "https://pl.wikipedia.org/wiki/Pa%C5%82ac_w_Now%C4%99cinie", "published": "2026-08-14" }, "geometry": { "type": "Point", "coordinates": [ 17.589264108, 54.753265497 ] } },
{ "type": "Feature", "id": 16, "properties": { "wkt_wgs84": "POINT (20.757827595 51.246996089)", "x_wgs84": 20.757827594999998, "y_wgs84": 51.246996089, "country": "Polska", "province": "mazowieckie", "district": "szydłowiecki", "municipality": "Chlewiska", "postcode": "26-510", "object_type": "K01.20.10", "object_type_name": "Pałace", "veracity_score": "good", "accessibility": "partial", "state": "excellent", "otar_id": "K01.20.10.5VX138", "name": "Zamek w Chlewiskach", "description": "Historia Chlewisk związana jest z rodem Odrowążów, którzy w XV wieku wznieśli tutaj murowany zamek rycerski, zastępując wcześniejszy drewniany zameczek z XII wieku. Z czasem właściciele przyjęli nazwisko Chlewiccy. W XVIII wieku dawną warownię przebudowano na pałac, który zachował się do dziś. Obecnie w obiekcie działa ośrodek wypoczynkowo-szkoleniowy.", "wikidata": "Q9386612", "wikidata_url": "https://www.wikidata.org/wiki/Q9386612", "wikipedia": "pl:Zamek w Chlewiskach", "wikipedia_url": "https://pl.wikipedia.org/wiki/Zamek_w_Chlewiskach", "published": "2026-08-14" }, "geometry": { "type": "Point", "coordinates": [ 20.757827595, 51.246996089 ] } },
{ "type": "Feature", "id": 17, "properties": { "wkt_wgs84": "POINT (16.733557627 50.431955543)", "x_wgs84": 16.733557627, "y_wgs84": 50.431955543000001, "country": "Polska", "province": "dolnośląskie", "district": "kłodzki", "municipality": "Kłodzko", "postcode": "57-312", "object_type": "K01.20.10", "object_type_name": "Pałace", "veracity_score": "good", "accessibility": "partial", "state": "excellent", "otar_id": "K01.20.10.5XF14C", "name": "Pałac w Podzamku", "description": "Dzisiejszy pałac, utrzymany w stylu neogotyckim, powstał w XIX wieku. Jego bryła kryje pozostałości zamku wzniesionego w 1554 roku. Z dawnych elementów zachował się również renesansowy portal. Obiekt jest efektem przebudowy wcześniejszego dworu z połowy XVI wieku, przeprowadzonej na przełomie XVII i XVIII stulecia.", "wikidata": "Q11815014", "wikidata_url": "https://www.wikidata.org/wiki/Q11815014", "wikipedia": "pl:Pałac w Podzamku", "wikipedia_url": "https://pl.wikipedia.org/wiki/Pa%C5%82ac_w_Podzamku", "published": "2026-08-14" }, "geometry": { "type": "Point", "coordinates": [ 16.733557627, 50.431955543 ] } },
{ "type": "Feature", "id": 18, "properties": { "wkt_wgs84": "POINT (22.444780901 51.635963773)", "x_wgs84": 22.444780901000001, "y_wgs84": 51.635963773, "country": "Polska", "province": "lubelskie", "district": "lubartowski", "municipality": "Kock", "postcode": "21-150", "object_type": "K01.20.10", "object_type_name": "Pałace", "veracity_score": "good", "accessibility": "partial", "state": "excellent", "otar_id": "K01.20.10.6U1A7T", "name": "Pałac w Kocku", "description": "Pałac w Kocku ma początki w XVI w., gdy Firlejowie wznieśli tu obronne fortalicium. W latach 1779–1782 rezydencję całkowicie przebudowano według projektu Szymona Bogumiła Zuga, nadając jej klasycystyczny układ na planie podkowy z jońskim portykiem. Kolejna przebudowa nastąpiła w latach 1825–1832. Obecnie pałac jest zachowany, mieści dom pomocy społecznej i pozostaje zabytkiem chronionym.", "wikidata": "Q30099897", "wikidata_url": "https://www.wikidata.org/wiki/Q30099897", "wikipedia": "pl:Pałac w Kocku", "wikipedia_url": "https://pl.wikipedia.org/wiki/Pa%C5%82ac_w_Kocku", "published": "2026-08-14" }, "geometry": { "type": "Point", "coordinates": [ 22.444780901, 51.635963773 ] } },
{ "type": "Feature", "id": 19, "properties": { "wkt_wgs84": "POINT (20.391416 54.025687)", "x_wgs84": 20.391416, "y_wgs84": 54.025687, "country": "Polska", "province": "warmińsko-mazurskie", "district": "olsztyński", "municipality": "Dobre Miasto", "postcode": "11-040", "object_type": "K01.20.10", "object_type_name": "Pałace", "veracity_score": "good", "accessibility": "limited", "state": "good", "otar_id": "K01.20.10.6YA9CS", "name": "Pałac w Smolajnach", "description": "Dawna letnia rezydencja biskupów warmińskich, wybudowana w latach 1741-1746 w stylu barokowym z inicjatywy biskupa Adama Stanisława Grabowskiego na miejscu wcześniejszego dworu obronnego (fortalicjum) z XV w., który wielokrotnie niszczony (wojna głodowa 1414, wojna trzynastoletnia 1454, konflikty 1519-1521, wojny szwedzkie) był każdorazowo odbudowywany. W 1557 r. przeniesiono tu siedzibę komornictwa dobromiejskiego, a w 1629 r. biskup Wacław Leszczyński obrał Smolajny na letnią rezydencję.", "wikidata": "Q11815032", "wikidata_url": "https://www.wikidata.org/wiki/Q11815032", "wikipedia": "pl:Pałac w Smolajnach", "wikipedia_url": "https://pl.wikipedia.org/wiki/Pa%C5%82ac_w_Smolajnach", "published": "2026-08-14" }, "geometry": { "type": "Point", "coordinates": [ 20.391416, 54.025687 ] } },
{ "type": "Feature", "id": 20, "properties": { "wkt_wgs84": "POINT (22.853547825 51.10161746)", "x_wgs84": 22.853547825, "y_wgs84": 51.10161746, "country": "Polska", "province": "lubelskie", "district": "świdnicki", "municipality": "Piaski", "postcode": "21-050", "object_type": "K01.20.10", "object_type_name": "Pałace", "veracity_score": "good", "accessibility": "full", "state": "excellent", "otar_id": "K01.20.10.75GNCV", "name": "Pałac w Gardzienicach", "description": "Pałac w Gardzienicach rozwinął się z XIV-wiecznej warowni, złożonej później z dwóch kamiennych wież połączonych murem kurtynowym. Od XVI w. Orzechowscy przekształcali ją w renesansowy dwór, a pod koniec XVII lub na początku XVIII w. Potoccy rozbudowali założenie w barokowy pałac. Obecnie zespół zachował pałac, część dawnego dworu, budynki gospodarcze i park, a w jego architekturze czytelne są relikty starszej zabudowy obronnej.", "wikidata": "n/a", "wikidata_url": "n/a", "wikipedia": "n/a", "wikipedia_url": "n/a", "published": "2026-08-14" }, "geometry": { "type": "Point", "coordinates": [ 22.853547825, 51.10161746 ] } },
{ "type": "Feature", "id": 21, "properties": { "wkt_wgs84": "POINT (23.248989212 50.717617955)", "x_wgs84": 23.248989212000001, "y_wgs84": 50.717617955000001, "country": "Polska", "province": "lubelskie", "district": "Zamość", "municipality": "Zamość", "postcode": "22-400", "object_type": "K01.20.10", "object_type_name": "Pałace", "veracity_score": "good", "accessibility": "partial", "state": "excellent", "otar_id": "K01.20.10.7DHHNF", "name": "Pałac Zamoyskich w Zamościu", "description": "Budowę zamku-pałacu rozpoczęto w 1579 roku z inicjatywy Jana Zamoyskiego, według projektu Bernarda Moranda. Najpierw powstały umocnienia obwodowe z dwiema bastejami, a dopiero później wzniesiono główny budynek rezydencji. Obiekt na przestrzeni wieków był niszczony, odbudowywany i wielokrotnie przekształcany. Od 1918 roku mieści się w nim siedziba sądu.", "wikidata": "Q11814891", "wikidata_url": "https://www.wikidata.org/wiki/Q11814891", "wikipedia": "pl:Pałac Zamoyskich w Zamościu", "wikipedia_url": "https://pl.wikipedia.org/wiki/Pa%C5%82ac_Zamoyskich_w_Zamo%C5%9Bciu", "published": "2026-08-14" }, "geometry": { "type": "Point", "coordinates": [ 23.248989212, 50.717617955 ] } },
{ "type": "Feature", "id": 22, "properties": { "wkt_wgs84": "POINT (22.496409443 51.105736014)", "x_wgs84": 22.496409443000001, "y_wgs84": 51.105736014000001, "country": "Polska", "province": "lubelskie", "district": "lubelski", "municipality": "Strzyżewice", "postcode": "23-107", "object_type": "K01.20.10", "object_type_name": "Pałace", "veracity_score": "good", "accessibility": "limited", "state": "excellent", "otar_id": "K01.20.10.7HMDLG", "name": "Pałac w Osmolicach", "description": "Zespół pałacowo-parkowy w Osmolicach to historyczna rezydencja, której korzenie sięgają średniowiecza. Początkowo w tym miejscu funkcjonował obronny kasztel otoczony wodami rzek Bystrzycy i Kosarzewki  z tej najstarszej budowli przetrwały do dziś masywne mury w przyziemiu oraz ciężko sklepione piwnice. Obecny pałac powstał w 1831 roku. Na przełomie XIX i XX wieku, za sprawą rodów Grabowskich i Stadnickich, budowlę rozbudowano o dodatkową kondygnację, taras południowy i boczne aneksy.", "wikidata": "n/a", "wikidata_url": "n/a", "wikipedia": "n/a", "wikipedia_url": "n/a", "published": "2026-08-14" }, "geometry": { "type": "Point", "coordinates": [ 22.496409443, 51.105736014 ] } },
{ "type": "Feature", "id": 23, "properties": { "wkt_wgs84": "POINT (22.609594982 51.46555872)", "x_wgs84": 22.609594982000001, "y_wgs84": 51.46555872, "country": "Polska", "province": "lubelskie", "district": "lubartowski", "municipality": "Lubartów", "postcode": "21-100", "object_type": "K01.20.10", "object_type_name": "Pałace", "veracity_score": "fair", "accessibility": "partial", "state": "excellent", "otar_id": "K01.20.10.7MERMH", "name": "Pałac Sanguszków w Lubartowie", "description": "Barokowy pałac Sanguszków w Lubartowie, przebudowany w XVIII wieku według projektu Pawła Antoniego Fontany, otaczają park, oranżeria i pozostałości ogrodu francuskiego. Obecnie mieści Starostwo Powiatowe i jest jedną z najważniejszych zabytkowych rezydencji miasta.", "wikidata": "Q30099923", "wikidata_url": "https://www.wikidata.org/wiki/Q30099923", "wikipedia": "pl:Pałac Sanguszków w Lubartowie", "wikipedia_url": "https://pl.wikipedia.org/wiki/Pa%C5%82ac_Sanguszk%C3%B3w_w_Lubartowie", "published": "2026-08-14" }, "geometry": { "type": "Point", "coordinates": [ 22.609594982, 51.46555872 ] } },
{ "type": "Feature", "id": 24, "properties": { "wkt_wgs84": "POINT (15.807193615746774 50.89622878845043)", "x_wgs84": 15.807193615746774, "y_wgs84": 50.896228788450429, "country": "Polska", "province": "dolnośląskie", "district": "karkonoski", "municipality": "Mysłakowice", "postcode": "58-500", "object_type": "K01.20.10", "object_type_name": "Pałace", "veracity_score": "good", "accessibility": "partial", "state": "good", "otar_id": "K01.20.10.7UF3HZ", "name": "Pałac w Dąbrowicy", "description": "Początki tutejszej siedziby sięgają 1189 roku, kiedy Bolesław Wysocki wzniósł w Dąbrowicy zamek. Warownia została zniszczona w 1428 roku podczas wojen husyckich. W późniejszym okresie na miejscu dawnego założenia powstał pałac będący efektem przebudowy obronnego dworu z drugiej połowy XV wieku.", "wikidata": "Q11814944", "wikidata_url": "https://www.wikidata.org/wiki/Q11814944", "wikipedia": "pl:Pałac w Dąbrowicy", "wikipedia_url": "https://pl.wikipedia.org/wiki/Pa%C5%82ac_w_D%C4%85browicy", "published": "2026-08-14" }, "geometry": { "type": "Point", "coordinates": [ 15.807193615746774, 50.896228788450429 ] } },
{ "type": "Feature", "id": 25, "properties": { "wkt_wgs84": "POINT (17.931194502 50.539066685)", "x_wgs84": 17.931194502, "y_wgs84": 50.539066685000002, "country": "Polska", "province": "opolskie", "district": "krapkowicki", "municipality": "Krapkowice", "postcode": "47-300", "object_type": "K01.20.10", "object_type_name": "Pałace", "veracity_score": "good", "accessibility": "partial", "state": "good", "otar_id": "K01.20.10.7W2NG6", "name": "Pałac w Dąbrówce Górnej", "description": "należący do zespołu pałacowo-parkowego z drugiej połowy XVII w., był przebudowywany w XVIII i XX w. W latach 1907–1909 otrzymał formę neobarokową. Po 1945 r. jego wnętrza zostały silnie zdewastowane, następnie obiekt pełnił funkcje użytkowe. Od połowy lat 80. pozostawał nieużytkowany. W 1993 r. został zakupiony przez prywatnego właściciela z zamiarem remontu i adaptacji na hotel.", "wikidata": "Q30225995", "wikidata_url": "https://www.wikidata.org/wiki/Q30225995", "wikipedia": "pl:Pałac w Dąbrówce Górnej", "wikipedia_url": "https://pl.wikipedia.org/wiki/Pa%C5%82ac_w_D%C4%85br%C3%B3wce_G%C3%B3rnej", "published": "2026-08-14" }, "geometry": { "type": "Point", "coordinates": [ 17.931194502, 50.539066685 ] } },
{ "type": "Feature", "id": 26, "properties": { "wkt_wgs84": "POINT (17.273023531 50.84375223)", "x_wgs84": 17.273023531, "y_wgs84": 50.84375223, "country": "Polska", "province": "dolnośląskie", "district": "oławski", "municipality": "Oława", "postcode": "55-200", "object_type": "K01.20.10", "object_type_name": "Pałace", "veracity_score": "fair", "accessibility": "partial", "state": "good", "otar_id": "K01.20.10.87HQR7", "name": "Pałac w Oleśnicy Małej", "description": "Pałac w Oleśnicy Małej powstał z wcześniejszego zespołu klasztorno-rezydencjonalnego joannitów, rozwijanego od średniowiecza. Obecną formę uzyskał głównie w XVIII i XIX w., kiedy rozbudowano go w wieloskrzydłową rezydencję z dziedzińcem, wieżą i rozległym parkiem. W architekturze widoczne są elementy barokowe i późniejsze historyzujące. Obecnie pałac jest zachowany i użytkowany, a wraz z parkiem tworzy rozległy zespół zabytkowy.", "wikidata": "Q20033973", "wikidata_url": "https://www.wikidata.org/wiki/Q20033973", "wikipedia": "pl:Pałac w Oleśnicy Małej", "wikipedia_url": "https://pl.wikipedia.org/wiki/Pa%C5%82ac_w_Ole%C5%9Bnicy_Ma%C5%82ej", "published": "2026-08-14" }, "geometry": { "type": "Point", "coordinates": [ 17.273023531, 50.84375223 ] } },
{ "type": "Feature", "id": 27, "properties": { "wkt_wgs84": "POINT (18.839883785 50.634401858)", "x_wgs84": 18.839883785000001, "y_wgs84": 50.634401857999997, "country": "Polska", "province": "śląskie", "district": "lubliniecki", "municipality": "Koszęcin", "postcode": "42-286", "object_type": "K01.20.10", "object_type_name": "Pałace", "veracity_score": "good", "accessibility": "partial", "state": "excellent", "otar_id": "K01.20.10.8DUTWM", "name": "Pałac w Koszęcinie", "description": "Początki rezydencji w Koszęcinie sięgają XVII wieku, kiedy Andrzej Kochcicki wzniósł murowany zamek wraz z kaplicą. W kolejnych latach obiekt wielokrotnie zmieniał właścicieli, a w XIX wieku został przebudowany przez ród Hohenlohe-Ingelfingen w stylu klasycystycznym. Obecny pałac pochodzi z lat 1829-1830 i otoczony jest zabytkowym parkiem krajobrazowym. Po wojnie rezydencja pełniła różne funkcje, a od 1953 roku jest siedzibą Państwowego Zespołu Pieśni i Tańca „Śląsk” im. Stanisława Hadyny.", "wikidata": "Q11814970", "wikidata_url": "https://www.wikidata.org/wiki/Q11814970", "wikipedia": "pl:Pałac w Koszęcinie", "wikipedia_url": "https://pl.wikipedia.org/wiki/Pa%C5%82ac_w_Kosz%C4%99cinie", "published": "2026-08-14" }, "geometry": { "type": "Point", "coordinates": [ 18.839883785, 50.634401858 ] } },
{ "type": "Feature", "id": 28, "properties": { "wkt_wgs84": "POINT (18.96485937 53.429436537)", "x_wgs84": 18.96485937, "y_wgs84": 53.429436537000001, "country": "Polska", "province": "kujawsko-pomorskie", "district": "grudziądzki", "municipality": "Gruta", "postcode": "86-330", "object_type": "K01.20.10", "object_type_name": "Pałace", "veracity_score": "good", "accessibility": "limited", "state": "good", "otar_id": "K01.20.10.8JU6DP", "name": "Pałac w Mełnie", "description": "Eklektyczny pałac w Mełnie (woj. kujawsko-pomorskie) wzniesiony w 1855 r. dla rodu Bielerów. W 1902 r. dobudowano do niego nowe skrzydło w związku ze spodziewaną wizytą cesarza Wilhelma. Budowlę urozmaicają dwie wieże. Zabytek otacza stary park z egzotycznym drzewostanem. Obecnie obiekt należy do Instytutu Zootechniki w Krakowie.", "wikidata": "Q29975091", "wikidata_url": "https://www.wikidata.org/wiki/Q29975091", "wikipedia": "n/a", "wikipedia_url": "n/a", "published": "2026-08-14" }, "geometry": { "type": "Point", "coordinates": [ 18.96485937, 53.429436537 ] } },
{ "type": "Feature", "id": 29, "properties": { "wkt_wgs84": "POINT (16.176935121 52.902169153)", "x_wgs84": 16.176935121, "y_wgs84": 52.902169153000003, "country": "Polska", "province": "wielkopolskie", "district": "czarnkowsko-trzcianecki", "municipality": "Wieleń", "postcode": "64-730", "object_type": "K01.20.10", "object_type_name": "Pałace", "veracity_score": "fair", "accessibility": "limited", "state": "good", "otar_id": "K01.20.10.8MLY1U", "name": "Pałac Sapiehów w Wieleniu", "description": "Pałac Sapiehów w Wieleniu wzniesiono około 1749 r. w stylu barokowym, prawdopodobnie na miejscu wcześniejszego zamku. Planowano czteroskrzydłową rezydencję z wewnętrznym dziedzińcem, lecz ukończono głównie skrzydła południowe i zachodnie. Fasada zachowała pilastry, boniowany cokół, ryzalit i trójkątny naczółek. Po pożarze w 1945 r. pałac popadł w ruinę. Obecnie zachowane są mury i elewacje dawnej rezydencji.", "wikidata": "Q11814855", "wikidata_url": "https://www.wikidata.org/wiki/Q11814855", "wikipedia": "pl:Pałac Sapiehów w Wieleniu", "wikipedia_url": "https://pl.wikipedia.org/wiki/Pa%C5%82ac_Sapieh%C3%B3w_w_Wieleniu", "published": "2026-08-14" }, "geometry": { "type": "Point", "coordinates": [ 16.176935121, 52.902169153 ] } },
{ "type": "Feature", "id": 30, "properties": { "wkt_wgs84": "POINT (22.48446 49.690613)", "x_wgs84": 22.48446, "y_wgs84": 49.690613, "country": "Polska", "province": "podkarpackie", "district": "przemyski", "municipality": "Bircza", "postcode": "37-740", "object_type": "K01.20.10", "object_type_name": "Pałace", "veracity_score": "good", "accessibility": "limited", "state": "good", "otar_id": "K01.20.10.A3DQ5M", "name": "Pałac w Birczy", "description": "Choć pierwsze źródłowe wzmianki o Birczy pochodzą z pierwszej połowy XVIII wieku, przypuszcza się, że już w XVI wieku istniał tu obronny dwór bastionowy należący do rodu Bireckich. Budowla pełniła funkcję strażnicy przy szlaku handlowym prowadzącym z Przemyśla na Węgry. W XIX i XX wieku obiekt został gruntownie przebudowany, zmieniając swój pierwotny wygląd. Po remoncie przeprowadzonym w 1970 roku zaadaptowano go na internat.", "wikidata": "Q11814916", "wikidata_url": "https://www.wikidata.org/wiki/Q11814916", "wikipedia": "pl:Pałac w Birczy", "wikipedia_url": "https://pl.wikipedia.org/wiki/Pa%C5%82ac_w_Birczy", "published": "2026-08-14" }, "geometry": { "type": "Point", "coordinates": [ 22.48446, 49.690613 ] } },
{ "type": "Feature", "id": 31, "properties": { "wkt_wgs84": "POINT (14.817265 51.633491)", "x_wgs84": 14.817265, "y_wgs84": 51.633491, "country": "Polska", "province": "lubuskie", "district": "żarski", "municipality": "Trzebiel", "postcode": "68-212", "object_type": "K01.20.10", "object_type_name": "Pałace", "veracity_score": "fair", "accessibility": "partial", "state": "bad", "otar_id": "K01.20.10.AB5KQF", "name": "Pałac w Trzebielu", "description": "Pałac w Trzebielu wzniesiono w 1601 r., na miejscu starszego zamku, a w 1729 r. przebudowano w stylu barokowym. Jest to dwukondygnacyjna budowla na planie kwadratu o boku ok. 22 m, nakryta dachem mansardowym. Symetryczną fasadę zdobią zdwojone pilastry, portal z pseudobalkonem, wolutowa wystawka i dekoracyjne opaski okienne. Na parterze zachowały się renesansowe sklepienia. Obiekt jest trwała ruiną, mocno zarośnięty", "wikidata": "Q24945505", "wikidata_url": "https://www.wikidata.org/wiki/Q24945505", "wikipedia": "pl:Pałac w Trzebielu", "wikipedia_url": "https://pl.wikipedia.org/wiki/Pa%C5%82ac_w_Trzebielu", "published": "2026-08-14" }, "geometry": { "type": "Point", "coordinates": [ 14.817265, 51.633491 ] } },
{ "type": "Feature", "id": 32, "properties": { "wkt_wgs84": "POINT (17.81176 51.101778)", "x_wgs84": 17.81176, "y_wgs84": 51.101778, "country": "Polska", "province": "opolskie", "district": "namysłowski", "municipality": "Namysłów", "postcode": "46-142", "object_type": "K01.20.10", "object_type_name": "Pałace", "veracity_score": "good", "accessibility": "limited", "state": "poor", "otar_id": "K01.20.10.ASJ5CL", "name": "Pałac w Bukowie Śląskiej", "description": "Pozostałości dworu obronnego to relikty dawnej rezydencji, której początki sięgają końca XVI wieku. Pierwotny budynek został wzniesiony w latach 1585-1588 z inicjatywy Achacego von Naefea. Na początku XX stulecia (w latach 1911-1912) budowla doczekała się przebudowy. Niestety, zabytek nie przetrwał do dziś w pełnej okazałości  w 1957 roku obiekt został rozebrany.", "wikidata": "n/a", "wikidata_url": "n/a", "wikipedia": "n/a", "wikipedia_url": "n/a", "published": "2026-08-14" }, "geometry": { "type": "Point", "coordinates": [ 17.81176, 51.101778 ] } },
{ "type": "Feature", "id": 33, "properties": { "wkt_wgs84": "POINT (22.208914155 49.773011582)", "x_wgs84": 22.208914155, "y_wgs84": 49.773011582000002, "country": "Polska", "province": "podkarpackie", "district": "brzozowski", "municipality": "Nozdrzec", "postcode": "36-245", "object_type": "K01.20.10", "object_type_name": "Pałace", "veracity_score": "good", "accessibility": "limited", "state": "excellent", "otar_id": "K01.20.10.B8PPJL", "name": "Pałac Skrzyńskich w Nozdrzcu", "description": "Pierwsze wzmianki o Nozdrzcu, dawniej znanym jako Nieczujów, pochodzą z 1436 roku. Na wysokiej skarpie nad Sanem znajdowała się wówczas obronna siedziba, początkowo drewniana, a później murowana, wyposażona w baszty. Obiekt przez lata wielokrotnie zmieniał właścicieli. W 1843 roku na miejscu dawnego zamku Ludwik Skrzyński wzniósł pałac. Po późniejszych przekształceniach przeprowadzonych przez Krośnieńskie Huty Szkła budynek pełni obecnie funkcję hotelu i ośrodka szkoleniowego.", "wikidata": "Q30231981", "wikidata_url": "https://www.wikidata.org/wiki/Q30231981", "wikipedia": "pl:Pałac Skrzyńskich w Nozdrzcu", "wikipedia_url": "https://pl.wikipedia.org/wiki/Pa%C5%82ac_Skrzy%C5%84skich_w_Nozdrzcu", "published": "2026-08-14" }, "geometry": { "type": "Point", "coordinates": [ 22.208914155, 49.773011582 ] } },
{ "type": "Feature", "id": 34, "properties": { "wkt_wgs84": "POINT (19.687646329 50.7817061)", "x_wgs84": 19.687646329, "y_wgs84": 50.7817061, "country": "Polska", "province": "śląskie", "district": "częstochowski", "municipality": "Koniecpol", "postcode": "42-230", "object_type": "K01.20.10", "object_type_name": "Pałace", "veracity_score": "good", "accessibility": "partial", "state": "good", "otar_id": "K01.20.10.BGH8AU", "name": "Pałac w Koniecpolu", "description": "Pałac powstały pod koniec XVIII wieku w miejscu wcześniejszego zamku wznoszonego od 1603 roku z inicjatywy Aleksandra Koniecpolskiego. Pierwotne założenie miało charakter obronny, jednak z czasem zostało przekształcone w reprezentacyjną rezydencję magnacką. W trakcie przebudowy usunięto mury obronne i zasypano fosę. Z dawnego założenia zachowała się jedna z baszt, przekształcona w XIX wieku w ozdobną altanę.", "wikidata": "Q24945464", "wikidata_url": "https://www.wikidata.org/wiki/Q24945464", "wikipedia": "pl:Pałac w Koniecpolu", "wikipedia_url": "https://pl.wikipedia.org/wiki/Pa%C5%82ac_w_Koniecpolu", "published": "2026-08-14" }, "geometry": { "type": "Point", "coordinates": [ 19.687646329, 50.7817061 ] } },
{ "type": "Feature", "id": 35, "properties": { "wkt_wgs84": "POINT (17.000571606 51.014049548)", "x_wgs84": 17.000571606000001, "y_wgs84": 51.014049548000003, "country": "Polska", "province": "dolnośląskie", "district": "wrocławski", "municipality": "Żórawina", "postcode": "52-200", "object_type": "K01.20.10", "object_type_name": "Pałace", "veracity_score": "good", "accessibility": "limited", "state": "good", "otar_id": "K01.20.10.BHLYCC", "name": "Pałac w Komorowicach", "description": "Renesansowa rezydencja powstała w 1529 roku jako zamek. Na przełomie XVII i XVIII wieku obiekt został poddany gruntownej przebudowie, która zmieniła jego charakter. Ostatnie większe prace remontowe przeprowadzono w 1971 roku. Pałac wywodzi się z XVI-wiecznego założenia z 1529 roku. Obecnie wystawiony na sprzedaż", "wikidata": "Q24945643", "wikidata_url": "https://www.wikidata.org/wiki/Q24945643", "wikipedia": "pl:Pałac w Komorowicach (powiat wrocławski)", "wikipedia_url": "https://pl.wikipedia.org/wiki/Pa%C5%82ac_w_Komorowicach_%28powiat_wroc%C5%82awski%29", "published": "2026-08-14" }, "geometry": { "type": "Point", "coordinates": [ 17.000571606, 51.014049548 ] } },
{ "type": "Feature", "id": 36, "properties": { "wkt_wgs84": "POINT (20.204732396 50.524694341)", "x_wgs84": 20.204732396000001, "y_wgs84": 50.524694341, "country": "Polska", "province": "świętokrzyskie", "district": "jędrzejowski", "municipality": "Wodzisław", "postcode": "28-330", "object_type": "K01.20.10", "object_type_name": "Pałace", "veracity_score": "fair", "accessibility": "limited", "state": "good", "otar_id": "K01.20.10.BJYKFE", "name": "Pałac Wodzisław-Brzezie", "description": "Pałacyk w Brzeziu wzniesiono jako budowlę o funkcji obronnej, której nadano reprezentacyjną formę w stylu palladiańskim. Dziewięciotraktowy obiekt wyróżnia centralnie usytuowana wieża oraz charakterystyczna latarnia w dachu. Wokół zachowały się pozostałości parku z klonami i kasztanowcami oraz część dawnych zabudowań folwarcznych. Obecnie pałacyk stanowi zachowany element historycznego zespołu rezydencjonalno-gospodarczego.", "wikidata": "n/a", "wikidata_url": "n/a", "wikipedia": "n/a", "wikipedia_url": "n/a", "published": "2026-08-14" }, "geometry": { "type": "Point", "coordinates": [ 20.204732396, 50.524694341 ] } },
{ "type": "Feature", "id": 37, "properties": { "wkt_wgs84": "POINT (22.60870632 50.171435615)", "x_wgs84": 22.60870632, "y_wgs84": 50.171435615, "country": "Polska", "province": "podkarpackie", "district": "przeworski", "municipality": "Sieniawa", "postcode": "37-530", "object_type": "K01.20.10", "object_type_name": "Pałace", "veracity_score": "good", "accessibility": "full", "state": "excellent", "otar_id": "K01.20.10.CQ4DLT", "name": "Pałac w Sieniawie", "description": "Pałac w Sieniawie wzniesiono w XVIII w. jako barokową rezydencję rodu Czartoryskich. Założenie obejmuje reprezentacyjny korpus pałacowy z oficynami, dziedzińcem i rozległym parkiem krajobrazowym. W kolejnych stuleciach obiekt był przebudowywany i modernizowany, zachowując rezydencjonalny charakter. Obecnie pałac jest odrestaurowany i pełni funkcje hotelowe, konferencyjne oraz reprezentacyjne.", "wikidata": "Q11815031", "wikidata_url": "https://www.wikidata.org/wiki/Q11815031", "wikipedia": "pl:Pałac w Sieniawie", "wikipedia_url": "https://pl.wikipedia.org/wiki/Pa%C5%82ac_w_Sieniawie", "published": "2026-08-14" }, "geometry": { "type": "Point", "coordinates": [ 22.60870632, 50.171435615 ] } },
{ "type": "Feature", "id": 38, "properties": { "wkt_wgs84": "POINT (17.541597084 54.614066015)", "x_wgs84": 17.541597084, "y_wgs84": 54.614066015, "country": "Polska", "province": "pomorskie", "district": "słupski", "municipality": "Główczyce", "postcode": "76-220", "object_type": "K01.20.10", "object_type_name": "Pałace", "veracity_score": "good", "accessibility": "limited", "state": "excellent", "otar_id": "K01.20.10.CX352S", "name": "Pałac w Wolinii", "description": "Pałac w Wolinii powstał na miejscu dawnego grodziska. Jego początki sięgają XV w. W II połowie XVIII w. pałac gruntownie przebudowano, a w XIX w. rozwinęli go Puttkamerowie. Barokowa budowla składała się z korpusu i dwóch symetrycznych skrzydeł z rokokowymi szczytami. Obecnie zachowały się skrzydła północne i wschodnie, fragment zachodniego, park z cennym starodrzewem oraz ruiny neogotyckiego grobowca.", "wikidata": "n/a", "wikidata_url": "n/a", "wikipedia": "n/a", "wikipedia_url": "n/a", "published": "2026-08-14" }, "geometry": { "type": "Point", "coordinates": [ 17.541597084, 54.614066015 ] } },
{ "type": "Feature", "id": 39, "properties": { "wkt_wgs84": "POINT (17.276142921 52.502473033)", "x_wgs84": 17.276142921000002, "y_wgs84": 52.502473033000001, "country": "Polska", "province": "wielkopolskie", "district": "poznański", "municipality": "Pobiedziska", "postcode": "62-010", "object_type": "K01.20.10", "object_type_name": "Pałace", "veracity_score": "good", "accessibility": "limited", "state": "good", "otar_id": "K01.20.10.D4BZ24", "name": "Pałac w Pomarzanowicach", "description": "Pałac w Pomarzanowicach wzniesiono w XVIII w. jako barokową rezydencję szlachecką, na miejscu dawnego dworu obronnego. Budowla miała regularną, reprezentacyjną bryłę i była otoczona założeniem parkowym. W kolejnych stuleciach pałac przebudowywano i dostosowywano do nowych funkcji, zacierając część pierwotnych cech stylowych. Obecnie obiekt jest zachowany jako element zabytkowego zespołu rezydencjonalnego.", "wikidata": "Q11815015", "wikidata_url": "https://www.wikidata.org/wiki/Q11815015", "wikipedia": "pl:Pałac w Pomarzanowicach", "wikipedia_url": "https://pl.wikipedia.org/wiki/Pa%C5%82ac_w_Pomarzanowicach", "published": "2026-08-14" }, "geometry": { "type": "Point", "coordinates": [ 17.276142921, 52.502473033 ] } },
{ "type": "Feature", "id": 40, "properties": { "wkt_wgs84": "POINT (15.614924702 51.116070882)", "x_wgs84": 15.614924702, "y_wgs84": 51.116070882000002, "country": "Polska", "province": "dolnośląskie", "district": "lwówecki", "municipality": "Lwówek Śląski", "postcode": "59-600", "object_type": "K01.20.10", "object_type_name": "Pałace", "veracity_score": "good", "accessibility": "partial", "state": "excellent", "otar_id": "K01.20.10.DFSEMU", "name": "Zamek w Płakowicach", "description": "Pałac z 1550 r. powstały z przebudowy zamku z 2. poł. XIV w. Zamek w Płakowicach powstał w XVI w. na miejscu wcześniejszego dworu obronnego z XV w. W latach 15501563 został wzniesiony jako renesansowa rezydencja obronna rodu Talkenbergów. W późniejszych wiekach był przebudowywany i zmieniał właścicieli, m.in. należał do rodów Schaffgotsch i Hochberg. Po wojnach napoleońskich utracił część dawnego wystroju, a w XIX w. został przekształcony na szpital psychiatryczny.", "wikidata": "Q9386718", "wikidata_url": "https://www.wikidata.org/wiki/Q9386718", "wikipedia": "pl:Zamek w Płakowicach", "wikipedia_url": "https://pl.wikipedia.org/wiki/Zamek_w_P%C5%82akowicach", "published": "2026-08-14" }, "geometry": { "type": "Point", "coordinates": [ 15.614924702, 51.116070882 ] } },
{ "type": "Feature", "id": 41, "properties": { "wkt_wgs84": "POINT (16.182684779 50.979687936)", "x_wgs84": 16.182684779, "y_wgs84": 50.979687935999998, "country": "Polska", "province": "dolnośląskie", "district": "jaworski", "municipality": "Paszowice", "postcode": "59-411", "object_type": "K01.20.10", "object_type_name": "Pałace", "veracity_score": "good", "accessibility": "limited", "state": "good", "otar_id": "K01.20.10.DJFW1S", "name": "Pałac w Wiadrowie", "description": "Dawny zamek został zdobyty i spalony podczas wojen husyckich, a jego pozostałości prawdopodobnie wykorzystano przy budowie XVI-wiecznego dworu. W 1770 roku obiekt został przebudowany na pałac należący do dr. Waltera Josepha, zachowując elementy wcześniejszej rezydencji. Pałac powstał w wyniku przekształcenia renesansowego dworu z XVI wieku.", "wikidata": "Q20034015", "wikidata_url": "https://www.wikidata.org/wiki/Q20034015", "wikipedia": "pl:Pałac w Wiadrowie", "wikipedia_url": "https://pl.wikipedia.org/wiki/Pa%C5%82ac_w_Wiadrowie", "published": "2026-08-14" }, "geometry": { "type": "Point", "coordinates": [ 16.182684779, 50.979687936 ] } },
{ "type": "Feature", "id": 42, "properties": { "wkt_wgs84": "POINT (16.897887921 51.783273153)", "x_wgs84": 16.897887921, "y_wgs84": 51.783273153000003, "country": "Polska", "province": "wielkopolskie", "district": "gostyński", "municipality": "Poniec", "postcode": "63-805", "object_type": "K01.20.10", "object_type_name": "Pałace", "veracity_score": "good", "accessibility": "full", "state": "excellent", "otar_id": "K01.20.10.DMLRD1", "name": "Pałac w Rokosowie", "description": "Pałac w Rokosowie (Zamkk w Rokosowie) wzniesiono w latach 1849–1854 jako neogotycką rezydencję rodu Mycielskich według projektu Friedricha Augusta Stülera. Budowla ma regularną, monumentalną bryłę z narożnymi wieżami, krenelażem i detalem inspirowanym architekturą średniowieczną, a całość otacza park krajobrazowy. Po 1945 r. obiekt pełnił różne funkcje. Obecnie jest odrestaurowany i mieści ośrodek konferencyjno-szkoleniowy.", "wikidata": "Q11815024", "wikidata_url": "https://www.wikidata.org/wiki/Q11815024", "wikipedia": "pl:Pałac w Rokosowie", "wikipedia_url": "https://pl.wikipedia.org/wiki/Pa%C5%82ac_w_Rokosowie", "published": "2026-08-14" }, "geometry": { "type": "Point", "coordinates": [ 16.897887921, 51.783273153 ] } },
{ "type": "Feature", "id": 43, "properties": { "wkt_wgs84": "POINT (16.881333355 50.52132928)", "x_wgs84": 16.881333355, "y_wgs84": 50.52132928, "country": "Polska", "province": "dolnośląskie", "district": "ząbkowicki", "municipality": "Kamieniec Ząbkowicki", "postcode": "57-230", "object_type": "K01.20.10", "object_type_name": "Pałace", "veracity_score": "good", "accessibility": "full", "state": "excellent", "otar_id": "K01.20.10.E1VRRR", "name": "Pałac w Kamieńcu Ząbkowickim", "description": "Monumentalny pałac w Kamieńcu Ząbkowickim powstał w XIX wieku w stylu neogotyckim z inicjatywy Marianny Orańskiej według projektu Karla Friedricha Schinkla. Budowę rozpoczęto w 1838 roku, a zakończono w 1872 roku. Po zniszczeniach wojennych i latach zaniedbań obiekt jest obecnie sukcesywnie odnawiany. Choć oficjalnie jest to pałac, jego potężne wieże, blanki i obronny styl sprawiają, że wygląda jak średniowieczny zamek.", "wikidata": "Q2241816", "wikidata_url": "https://www.wikidata.org/wiki/Q2241816", "wikipedia": "pl:Pałac w Kamieńcu Ząbkowickim", "wikipedia_url": "https://pl.wikipedia.org/wiki/Pa%C5%82ac_w_Kamie%C5%84cu_Z%C4%85bkowickim", "published": "2026-08-14" }, "geometry": { "type": "Point", "coordinates": [ 16.881333355, 50.52132928 ] } },
{ "type": "Feature", "id": 44, "properties": { "wkt_wgs84": "POINT (22.770932705 51.337913081)", "x_wgs84": 22.770932705, "y_wgs84": 51.337913081000004, "country": "Polska", "province": "lubelskie", "district": "łęczyński", "municipality": "Spiczyn", "postcode": "21-077", "object_type": "K01.20.10", "object_type_name": "Pałace", "veracity_score": "good", "accessibility": "limited", "state": "good", "otar_id": "K01.20.10.EA2E4A", "name": "Pałac w Kijanach", "description": "Pałac Sonnenbergów w Kijanach powstał około 1850 roku na reliktach XVII-wiecznego zamku, a około 1880 roku został gruntownie przebudowany w stylu neorenesansowym według projektu Apoloniusza Pawła Nieniewskiego dla Stanisława Sonnenberga. Dwukondygnacyjną rezydencję wyróżnia arkadowy portyk podtrzymujący taras oraz posągi bogiń Ateny i Demeter przy głównym wejściu. Pałac otacza rozległy park krajobrazowy z aleją lipową.", "wikidata": "Q30099826", "wikidata_url": "https://www.wikidata.org/wiki/Q30099826", "wikipedia": "n/a", "wikipedia_url": "n/a", "published": "2026-08-14" }, "geometry": { "type": "Point", "coordinates": [ 22.770932705, 51.337913081 ] } },
{ "type": "Feature", "id": 45, "properties": { "wkt_wgs84": "POINT (18.934041831 50.915525752)", "x_wgs84": 18.934041830999998, "y_wgs84": 50.915525752000001, "country": "Polska", "province": "śląskie", "district": "kłobucki", "municipality": "Kłobuck", "postcode": "42-100", "object_type": "K01.20.10", "object_type_name": "Pałace", "veracity_score": "good", "accessibility": "limited", "state": "good", "otar_id": "K01.20.10.F1Z16J", "name": "Pałac Chrystiana von Haugwitza w Kłobucku", "description": "Kłobuck otrzymał prawa miejskie najprawdopodobniej już w XIII wieku, a ich potwierdzenie nastąpiło w 1339 roku za panowania Kazimierza Wielkiego. W XV wieku miasto zostało otoczone systemem umocnień. Na jego terenie znajdowała się również zamkowa siedziba, która w XIX wieku została przekształcona w stylu neogotyckim.", "wikidata": "Q11814983", "wikidata_url": "https://www.wikidata.org/wiki/Q11814983", "wikipedia": "pl:Pałac w Kłobucku", "wikipedia_url": "https://pl.wikipedia.org/wiki/Pa%C5%82ac_w_K%C5%82obucku", "published": "2026-08-14" }, "geometry": { "type": "Point", "coordinates": [ 18.934041831, 50.915525752 ] } },
{ "type": "Feature", "id": 46, "properties": { "wkt_wgs84": "POINT (19.172851 53.463487)", "x_wgs84": 19.172851, "y_wgs84": 53.463487, "country": "Polska", "province": "kujawsko-pomorskie", "district": "grudziądzki", "municipality": "Świecie nad Osą", "postcode": "86-342", "object_type": "K01.20.10", "object_type_name": "Pałace", "veracity_score": "good", "accessibility": "limited", "state": "good", "otar_id": "K01.20.10.FFZMWT", "name": "Pałac w Lisnowie", "description": "Pierwotny pałac wzniesiono prawdopodobnie jako budowlę obronną z inicjatywy Pawła von Biberstein-Orzechowskiego, ukończony w 1696 r. (o czym świadczył kartusz nad wejściem, zniszczony podczas remontu w latach 1969-70); obecny eklektyczny kształt nadał mu August Peterson, który nabył majątek w 1836 r. i rok później dostawił piętrową przybudówkę.", "wikidata": "Q29975597", "wikidata_url": "https://www.wikidata.org/wiki/Q29975597", "wikipedia": "n/a", "wikipedia_url": "n/a", "published": "2026-08-14" }, "geometry": { "type": "Point", "coordinates": [ 19.172851, 53.463487 ] } },
{ "type": "Feature", "id": 47, "properties": { "wkt_wgs84": "POINT (15.827904595 51.035509055)", "x_wgs84": 15.827904595, "y_wgs84": 51.035509055, "country": "Polska", "province": "dolnośląskie", "district": "złotoryjski", "municipality": "Świerzawa", "postcode": "59-540", "object_type": "K01.20.10", "object_type_name": "Pałace", "veracity_score": "fair", "accessibility": "limited", "state": "bad", "otar_id": "K01.20.10.FH1WVK", "name": "Pałac w Sokołowcu Dolnym", "description": "W miejscu obecnych ruin pałacu znajdował się wcześniej średniowieczny zamek, wzmiankowany w 1426 roku. Został on zniszczony podczas najazdów husyckich. Na jego miejscu w późniejszym okresie wzniesiono rezydencję pałacową, której obecna forma pochodzi z początku XIX wieku.", "wikidata": "Q20033993", "wikidata_url": "https://www.wikidata.org/wiki/Q20033993", "wikipedia": "pl:Pałac w Sokołowcu Dolnym", "wikipedia_url": "https://pl.wikipedia.org/wiki/Pa%C5%82ac_w_Soko%C5%82owcu_Dolnym", "published": "2026-08-14" }, "geometry": { "type": "Point", "coordinates": [ 15.827904595, 51.035509055 ] } },
{ "type": "Feature", "id": 48, "properties": { "wkt_wgs84": "POINT (18.616189324 49.881469125)", "x_wgs84": 18.616189324, "y_wgs84": 49.881469125000002, "country": "Polska", "province": "śląskie", "district": "cieszyński", "municipality": "Zebrzydowice", "postcode": "43-410", "object_type": "K01.20.10", "object_type_name": "Pałace", "veracity_score": "good", "accessibility": "partial", "state": "excellent", "otar_id": "K01.20.10.FSBA39", "name": "Pałac w Zebrzydowicach", "description": "Najstarsze dzieje zamku sięgają końca XIII wieku, kiedy powstała tu pierwsza warownia. Przez kolejne stulecia obiekt wielokrotnie zmieniał właścicieli, a w połowie XVIII wieku przeszedł w ręce rodziny Mattencloit. Nowi właściciele przeprowadzili szeroko zakrojoną przebudowę, nadając dawnej budowli formę barokowego pałacu. Po opuszczeniu rezydencji przez ostatniego właściciela w 1945 roku obiekt został zdewastowany i częściowo rozgrabiony.", "wikidata": "Q16587116", "wikidata_url": "https://www.wikidata.org/wiki/Q16587116", "wikipedia": "pl:Pałac w Zebrzydowicach", "wikipedia_url": "https://pl.wikipedia.org/wiki/Pa%C5%82ac_w_Zebrzydowicach", "published": "2026-08-14" }, "geometry": { "type": "Point", "coordinates": [ 18.616189324, 49.881469125 ] } },
{ "type": "Feature", "id": 49, "properties": { "wkt_wgs84": "POINT (16.281912635 51.745132124)", "x_wgs84": 16.281912635000001, "y_wgs84": 51.745132124000001, "country": "Polska", "province": "lubuskie", "district": "wschowski", "municipality": "Szlichtyngowa", "postcode": "67-407", "object_type": "K01.20.10", "object_type_name": "Pałace", "veracity_score": "good", "accessibility": "partial", "state": "good", "otar_id": "K01.20.10.FYBK9R", "name": "Pałac w Jędrzychowicach", "description": "Historia tego miejsca sięga średniowiecza, kiedy znajdowała się tutaj obronna warownia. Badania wykazały, że najstarsze fragmenty obecnego założenia mają około 800 lat. W 1776 roku na miejscu dawnego zamku wzniesiono pałac, który zachował się do dziś. Obiekt pozostaje własnością prywatną.", "wikidata": "Q11814959", "wikidata_url": "https://www.wikidata.org/wiki/Q11814959", "wikipedia": "pl:Pałac w Jędrzychowicach (powiat wschowski)", "wikipedia_url": "https://pl.wikipedia.org/wiki/Pa%C5%82ac_w_J%C4%99drzychowicach_%28powiat_wschowski%29", "published": "2026-08-14" }, "geometry": { "type": "Point", "coordinates": [ 16.281912635, 51.745132124 ] } },
{ "type": "Feature", "id": 50, "properties": { "wkt_wgs84": "POINT (19.90915586 50.075336137)", "x_wgs84": 19.90915586, "y_wgs84": 50.075336137000001, "country": "Polska", "province": "małopolskie", "district": "Kraków", "municipality": "Kraków", "postcode": "30-078", "object_type": "K01.20.10", "object_type_name": "Pałace", "veracity_score": "good", "accessibility": "partial", "state": "excellent", "otar_id": "K01.20.10.FZ3G92", "name": "Pałac Królewski w Łobzowie", "description": "Dawny Pałac Królewski na Łobzowie (zlokalizowany w krakowskiej dzielnicy Krowodrza, przy ul. Podchorążych 1) to historyczna letnia rezydencja polskich monarchów. Jej początki sięgają XIV wieku, kiedy to z polecenia Kazimierza Wielkiego wzniesiono w tym miejscu gotycki zamek. Na przestrzeni kolejnych stuleci obiekt przechodził istotne metamorfozy architektoniczne.", "wikidata": "Q11814791", "wikidata_url": "https://www.wikidata.org/wiki/Q11814791", "wikipedia": "pl:Pałac Królewski w Łobzowie", "wikipedia_url": "https://pl.wikipedia.org/wiki/Pa%C5%82ac_Kr%C3%B3lewski_w_%C5%81obzowie", "published": "2026-08-14" }, "geometry": { "type": "Point", "coordinates": [ 19.90915586, 50.075336137 ] } },
{ "type": "Feature", "id": 51, "properties": { "wkt_wgs84": "POINT (17.025334271 51.618866921)", "x_wgs84": 17.025334270999998, "y_wgs84": 51.618866921, "country": "Polska", "province": "wielkopolskie", "district": "rawicki", "municipality": "Pakosław", "postcode": "63-921", "object_type": "K01.20.10", "object_type_name": "Pałace", "veracity_score": "good", "accessibility": "limited", "state": "good", "otar_id": "K01.20.10.G647SM", "name": "Pałac Czarneckich w Golejewku", "description": "Rozległe założenie pałacowo-parkowo-folwarczne ukształtowane na bazie późnośredniowiecznego dworu obronnego, położone w Golejewku. Pierwotnie gród Czestram (wzmiankowany w bulli papieża Innocentego II z 1136 r.), od 1486 do 1663 r. własność rodu Awdańców-Chojeńskich; w 1496 r. pierwsza wzmianka o dworze, w 1620 r.", "wikidata": "n/a", "wikidata_url": "n/a", "wikipedia": "n/a", "wikipedia_url": "n/a", "published": "2026-08-14" }, "geometry": { "type": "Point", "coordinates": [ 17.025334271, 51.618866921 ] } },
{ "type": "Feature", "id": 52, "properties": { "wkt_wgs84": "POINT (15.652900261 51.720187955)", "x_wgs84": 15.652900261, "y_wgs84": 51.720187955, "country": "Polska", "province": "lubuskie", "district": "nowosolski", "municipality": "Kożuchów", "postcode": "67-120", "object_type": "K01.20.10", "object_type_name": "Pałace", "veracity_score": "good", "accessibility": "partial", "state": "excellent", "otar_id": "K01.20.10.GBVC5P", "name": "Pałac w Solnikach", "description": "Pałac w Solnikach to klasycystyczna rezydencja powstała na początku XIX wieku z inicjatywy generała Wilhelma von Dobschutza, w wyniku przebudowy renesansowego dworu obronnego z połowy XVI wieku. W XIX i na początku XX wieku pałac rozbudowano m.in. o wieżę, taras i werandę. Rezydencję otacza zabytkowy park z oranżerią i oficynami. Obecnie pałac jest własnością prywatną, został odrestaurowany i pełni funkcję hotelowo-eventową.", "wikidata": "Q19401167", "wikidata_url": "https://www.wikidata.org/wiki/Q19401167", "wikipedia": "pl:Pałac w Solnikach", "wikipedia_url": "https://pl.wikipedia.org/wiki/Pa%C5%82ac_w_Solnikach", "published": "2026-08-14" }, "geometry": { "type": "Point", "coordinates": [ 15.652900261, 51.720187955 ] } },
{ "type": "Feature", "id": 53, "properties": { "wkt_wgs84": "POINT (18.464468959 54.687839562)", "x_wgs84": 18.464468959000001, "y_wgs84": 54.687839562000001, "country": "Polska", "province": "pomorskie", "district": "pucki", "municipality": "Puck", "postcode": "84-100", "object_type": "K01.20.10", "object_type_name": "Pałace", "veracity_score": "good", "accessibility": "partial", "state": "excellent", "otar_id": "K01.20.10.GGS234", "name": "Pałac w Rzucewie", "description": "W Rzucewie w średniowieczu znajdował się zamek krzyżacki, który z czasem uległ zniszczeniu. Po odbudowie obiekt został przystosowany do nowych funkcji i działały w nim hotel oraz restauracja. Obecny pałac powstał w latach 1840-1845 dla rodu von Below według projektu Friedricha Augusta Stülera. Rezydencja stanęła na miejscu wcześniejszych założeń pałacowych, które istniały tu od XVII wieku i były kolejno przebudowywane. Obiekt jest częścią zespołu pałacowo-folwarcznego.", "wikidata": "Q30651439", "wikidata_url": "https://www.wikidata.org/wiki/Q30651439", "wikipedia": "pl:Pałac w Rzucewie", "wikipedia_url": "https://pl.wikipedia.org/wiki/Pa%C5%82ac_w_Rzucewie", "published": "2026-08-14" }, "geometry": { "type": "Point", "coordinates": [ 18.464468959, 54.687839562 ] } },
{ "type": "Feature", "id": 54, "properties": { "wkt_wgs84": "POINT (17.192450499 51.195382313)", "x_wgs84": 17.192450499, "y_wgs84": 51.195382313000003, "country": "Polska", "province": "dolnośląskie", "district": "wrocławski", "municipality": "Długołęka", "postcode": "55-095", "object_type": "K01.20.10", "object_type_name": "Pałace", "veracity_score": "good", "accessibility": "limited", "state": "fair", "otar_id": "K01.20.10.GKJTED", "name": "Pałac Sybilli w Szczodrem", "description": "Pałac Sybilli w Szczodrem powstał w XVII w., a w XIX stuleciu został gruntownie rozbudowany i przekształcony w monumentalną rezydencję o cechach neogotyckich i neorenesansowych. Założenie obejmowało rozbudowany korpus, wieże, tarasy i bogato ukształtowane elewacje, otoczone rozległym parkiem. Po 1945 r. pałac uległ dewastacji i częściowej rozbiórce. Obecnie zachowały się jedynie fragmenty dawnej rezydencji i pozostałości parku.", "wikidata": "Q24941836", "wikidata_url": "https://www.wikidata.org/wiki/Q24941836", "wikipedia": "pl:Pałac Sybilli w Szczodrem", "wikipedia_url": "https://pl.wikipedia.org/wiki/Pa%C5%82ac_Sybilli_w_Szczodrem", "published": "2026-08-14" }, "geometry": { "type": "Point", "coordinates": [ 17.192450499, 51.195382313 ] } },
{ "type": "Feature", "id": 55, "properties": { "wkt_wgs84": "POINT (16.131483234 51.131396057)", "x_wgs84": 16.131483234000001, "y_wgs84": 51.131396057000003, "country": "Polska", "province": "dolnośląskie", "district": "legnicki", "municipality": "Krotoszyce", "postcode": "59-223", "object_type": "K01.20.10", "object_type_name": "Pałace", "veracity_score": "good", "accessibility": "partial", "state": "excellent", "otar_id": "K01.20.10.HHD76D", "name": "Pałac w Warmątowicach Sienkiewiczowskich", "description": "Pałac powstał na miejscu renesansowego zamku z początku XVII wieku, który w XVIII wieku został przebudowany na barokową rezydencję. Przez lata należał do różnych właścicieli, a na początku XX wieku Alfred von Olszewski zapisał majątek Henrykowi Sienkiewiczowi, który jednak nie przyjął spadku. Podczas II wojny światowej pałac został zniszczony, a od 1995 roku znajduje się w rękach prywatnych.", "wikidata": "Q24945038", "wikidata_url": "https://www.wikidata.org/wiki/Q24945038", "wikipedia": "pl:Pałac w Warmątowicach Sienkiewiczowskich", "wikipedia_url": "https://pl.wikipedia.org/wiki/Pa%C5%82ac_w_Warm%C4%85towicach_Sienkiewiczowskich", "published": "2026-08-14" }, "geometry": { "type": "Point", "coordinates": [ 16.131483234, 51.131396057 ] } },
{ "type": "Feature", "id": 56, "properties": { "wkt_wgs84": "POINT (21.480715652990682 50.05774192994749)", "x_wgs84": 21.480715652990682, "y_wgs84": 50.05774192994749, "country": "Polska", "province": "podkarpackie", "district": "dębicki", "municipality": "Dębica", "postcode": "39-200", "object_type": "K01.20.10", "object_type_name": "Pałace", "veracity_score": "good", "accessibility": "limited", "state": "fair", "otar_id": "K01.20.10.HY5GGN", "name": "Kaplica z basztą w Zawadzie", "description": "Zamek w Zawadzie to historyczna rezydencja, której początki sięgają II połowy XVI wieku i wiążą się z rodem Ligęzów. Pierwotnie była to czterobasztowa budowla obronna, która na przestrzeni wieków należała do Przebędowskich, Radziwiłłów i ostatecznie Raczyńskich. W XIX wieku hrabia Atanazy Raczyński podjął się gruntownej odbudowy obiektu z ruin, nadając mu styl neogotycki. Projekt fasady wschodniej opracował wybitny pruski architekt Karl Friedrich Schinkel.", "wikidata": "n/a", "wikidata_url": "n/a", "wikipedia": "n/a", "wikipedia_url": "n/a", "published": "2026-08-14" }, "geometry": { "type": "Point", "coordinates": [ 21.480715652990682, 50.05774192994749 ] } },
{ "type": "Feature", "id": 57, "properties": { "wkt_wgs84": "POINT (16.750072049 50.979101798)", "x_wgs84": 16.750072049, "y_wgs84": 50.979101798000002, "country": "Polska", "province": "dolnośląskie", "district": "wrocławski", "municipality": "Kąty Wrocławskie", "postcode": "55-080", "object_type": "K01.20.10", "object_type_name": "Pałace", "veracity_score": "good", "accessibility": "limited", "state": "bad", "otar_id": "K01.20.10.JXFAHT", "name": "Pałac w Kamionnej", "description": "Obiekt w Kamionnej to ruiny dawnej rezydencji, której korzenie sięgają średniowiecznej wieży mieszkalnej. W 1571 roku rodzina von Seidlitz rozbudowała ją w renesansowy dwór obronny na wodzie. W latach 1740-1744 z inicjatywy rodu von Kalckreuth dwór przebudowano na okazały, barokowy pałac. Od lat 80. XX wieku budynek pozostaje opuszczony i znajduje się w stanie zaawansowanej ruiny.", "wikidata": "Q24945626", "wikidata_url": "https://www.wikidata.org/wiki/Q24945626", "wikipedia": "pl:Pałac w Kamionnej", "wikipedia_url": "https://pl.wikipedia.org/wiki/Pa%C5%82ac_w_Kamionnej", "published": "2026-08-14" }, "geometry": { "type": "Point", "coordinates": [ 16.750072049, 50.979101798 ] } },
{ "type": "Feature", "id": 58, "properties": { "wkt_wgs84": "POINT (15.976556382 50.867997444)", "x_wgs84": 15.976556382, "y_wgs84": 50.867997443999997, "country": "Polska", "province": "dolnośląskie", "district": "kamiennogórski", "municipality": "Marciszów", "postcode": "58-410", "object_type": "K01.20.10", "object_type_name": "Pałace", "veracity_score": "good", "accessibility": "full", "state": "excellent", "otar_id": "K01.20.10.K4TH4U", "name": "Pałac w Ciechanowicach", "description": "Najstarsze wzmianki potwierdzają, że w 1451 roku znajdował się tutaj zamek. Z przekazów historycznych wynika, że został on sprzedany Hansowi z Mysłowa. Dawna warownia nie przetrwała do naszych czasów i nie zachowały się po niej żadne widoczne pozostałości. W miejscu zamku stoi pałac z początku XVIII wieku, powstały w wyniku przebudowy XVI-wiecznej warowni.", "wikidata": "Q20033916", "wikidata_url": "https://www.wikidata.org/wiki/Q20033916", "wikipedia": "pl:Pałac w Ciechanowicach", "wikipedia_url": "https://pl.wikipedia.org/wiki/Pa%C5%82ac_w_Ciechanowicach", "published": "2026-08-14" }, "geometry": { "type": "Point", "coordinates": [ 15.976556382, 50.867997444 ] } },
{ "type": "Feature", "id": 59, "properties": { "wkt_wgs84": "POINT (15.849860083 50.846638471)", "x_wgs84": 15.849860083, "y_wgs84": 50.846638471, "country": "Polska", "province": "dolnośląskie", "district": "karkonoski", "municipality": "Mysłakowice", "postcode": "58-533", "object_type": "K01.20.10", "object_type_name": "Pałace", "veracity_score": "good", "accessibility": "partial", "state": "excellent", "otar_id": "K01.20.10.KDH424", "name": "Zamek w Karpnikach", "description": "Pierwsza warownia powstała tutaj już w XIV wieku, prawdopodobnie z inicjatywy Henryka Czirna, właściciela Płoniny i Sokolca. Obiekt na przestrzeni dziejów był wielokrotnie przebudowywany, a obecny wygląd zawdzięcza przekształceniom z 1846 roku. Kolejne prace remontowe prowadzono w 1962 roku, a w 1978 roku zamek zaadaptowano na potrzeby ośrodka wypoczynkowego. Obecnie jest to odrestaurowany, zachowany w całości obiekt, w którym działa hotel.", "wikidata": "Q2241006", "wikidata_url": "https://www.wikidata.org/wiki/Q2241006", "wikipedia": "pl:Zamek w Karpnikach", "wikipedia_url": "https://pl.wikipedia.org/wiki/Zamek_w_Karpnikach", "published": "2026-08-14" }, "geometry": { "type": "Point", "coordinates": [ 15.849860083, 50.846638471 ] } },
{ "type": "Feature", "id": 60, "properties": { "wkt_wgs84": "POINT (21.975596256 51.150845566)", "x_wgs84": 21.975596256, "y_wgs84": 51.150845566000001, "country": "Polska", "province": "lubelskie", "district": "opolski", "municipality": "Opole Lubelskie", "postcode": "24-300", "object_type": "K01.20.10", "object_type_name": "Pałace", "veracity_score": "good", "accessibility": "partial", "state": "excellent", "otar_id": "K01.20.10.KE2V9P", "name": "Pałac w Opolu Lubelskim", "description": "Pierwotnie w miejscu obecnego pałacu znajdował się średniowieczny zamek rodu Słupeckich, wzniesiony prawdopodobnie w XIVXV w. Była to obronna siedziba otoczona fosą i fortyfikacjami, posiadająca m.in. dwie wieże. Około 1613 r. Feliks Słupecki przebudował ją na reprezentacyjną rezydencję magnacką. W latach 1737-1743 pałac został przebudowany w stylu barokowym dla wojewody lubelskiego Jana Tarły.", "wikidata": "Q26988706", "wikidata_url": "https://www.wikidata.org/wiki/Q26988706", "wikipedia": "pl:Pałac w Opolu Lubelskim", "wikipedia_url": "https://pl.wikipedia.org/wiki/Pa%C5%82ac_w_Opolu_Lubelskim", "published": "2026-08-14" }, "geometry": { "type": "Point", "coordinates": [ 21.975596256, 51.150845566 ] } },
{ "type": "Feature", "id": 61, "properties": { "wkt_wgs84": "POINT (16.935583356 50.772021308)", "x_wgs84": 16.935583356, "y_wgs84": 50.772021308, "country": "Polska", "province": "dolnośląskie", "district": "strzeliński", "municipality": "Kondratowice", "postcode": "57-150", "object_type": "K01.20.10", "object_type_name": "Pałace", "veracity_score": "good", "accessibility": "partial", "state": "excellent", "otar_id": "K01.20.10.KF8FQL", "name": "Pałac w Kondratowicach", "description": "Historia rezydencji w Kondratowicach sięga XVI wieku, kiedy około 1550 roku wzniesiono tutaj renesansowy zamek otoczony wodą. Około 1740 roku obiekt został przekształcony w barokowy pałac, zmieniając swój pierwotny obronny charakter na reprezentacyjną siedzibę. W 1651 roku właścicielem tutejszego majątku został Mikołaj Henel z Prudnika. Pałac stanowi część większego zespołu zabudowań, obejmującego również park i ogród gospodarczy z XIX wieku oraz dawne budynki folwarczne.", "wikidata": "Q19401137", "wikidata_url": "https://www.wikidata.org/wiki/Q19401137", "wikipedia": "pl:Pałac w Kondratowicach", "wikipedia_url": "https://pl.wikipedia.org/wiki/Pa%C5%82ac_w_Kondratowicach", "published": "2026-08-14" }, "geometry": { "type": "Point", "coordinates": [ 16.935583356, 50.772021308 ] } },
{ "type": "Feature", "id": 62, "properties": { "wkt_wgs84": "POINT (19.106421308 53.634691065)", "x_wgs84": 19.106421308000002, "y_wgs84": 53.634691064999998, "country": "Polska", "province": "pomorskie", "district": "kwidzyński", "municipality": "Gardeja", "postcode": "82-520", "object_type": "K01.20.10", "object_type_name": "Pałace", "veracity_score": "good", "accessibility": "limited", "state": "good", "otar_id": "K01.20.10.KJKBNA", "name": "Pałac w Klecewie", "description": "Neorenesansowy pałac w Klecewie (województwo pomorskie, powiat kwidzyński) wzniesiono w latach 1870-1872 na miejscu dawnego dworu. Reprezentacyjny, piętrowy obiekt z czerwonej cegły charakteryzuje się elementami renesansu francuskiego, arkadowym portykiem oraz ryzalitami. Obecnie obiekt jest własnością prywatną i wymaga renowacji.", "wikidata": "Q30584152", "wikidata_url": "https://www.wikidata.org/wiki/Q30584152", "wikipedia": "pl:Pałac w Klecewie", "wikipedia_url": "https://pl.wikipedia.org/wiki/Pa%C5%82ac_w_Klecewie", "published": "2026-08-14" }, "geometry": { "type": "Point", "coordinates": [ 19.106421308, 53.634691065 ] } },
{ "type": "Feature", "id": 63, "properties": { "wkt_wgs84": "POINT (19.924050041 51.598758391)", "x_wgs84": 19.924050041000001, "y_wgs84": 51.598758390999997, "country": "Polska", "province": "łódzkie", "district": "tomaszowski", "municipality": "Ujazd", "postcode": "97-225", "object_type": "K01.20.10", "object_type_name": "Pałace", "veracity_score": "good", "accessibility": "partial", "state": "good", "otar_id": "K01.20.10.KLKN21", "name": "Pałac w Ujeździe", "description": "Pałac w Ujeździe został wzniesiony w 1812 roku na miejscu dawnego zamku, którego początki sięgają pierwszej połowy XV wieku. Pierwotna warownia składała się z czworoboku murów oraz budynku mieszkalnego i w XVII stuleciu została przekształcona w barokową rezydencję. Do dziś z zamku zachował się jedynie fragment gotyckiego muru o wymiarach około 12 x 3 m, odkryty podczas badań archeologicznych i włączony w frontową ścianę pałacu.", "wikidata": "Q30096715", "wikidata_url": "https://www.wikidata.org/wiki/Q30096715", "wikipedia": "n/a", "wikipedia_url": "n/a", "published": "2026-08-14" }, "geometry": { "type": "Point", "coordinates": [ 19.924050041, 51.598758391 ] } },
{ "type": "Feature", "id": 64, "properties": { "wkt_wgs84": "POINT (17.294480523 50.944444365)", "x_wgs84": 17.294480523000001, "y_wgs84": 50.944444365000003, "country": "Polska", "province": "dolnośląskie", "district": "oławski", "municipality": "Oława", "postcode": "55-200", "object_type": "K01.20.10", "object_type_name": "Pałace", "veracity_score": "good", "accessibility": "partial", "state": "excellent", "otar_id": "K01.20.10.KWGEJK", "name": "Zamek Piastowski w Oławie", "description": "Pałac Luizy w Oławie powstał jako część dawnego Zamku Piastowskiego, którego początki sięgały gotyckiego zamku myśliwskiego z XIV wieku. W XVII wieku obiekt został przebudowany w stylu renesansowo-barokowym przez włoskich architektów, a za czasów księżnej Ludwiki Anhalckiej powstało skrzydło nazwane „Luisenbau”. Po opuszczeniu zamku przez Piastów budowla stopniowo traciła znaczenie i była wykorzystywana m.in. jako lazaret, koszary oraz szkoła.", "wikidata": "Q9386555", "wikidata_url": "https://www.wikidata.org/wiki/Q9386555", "wikipedia": "pl:Zamek Piastowski w Oławie", "wikipedia_url": "https://pl.wikipedia.org/wiki/Zamek_Piastowski_w_O%C5%82awie", "published": "2026-08-14" }, "geometry": { "type": "Point", "coordinates": [ 17.294480523, 50.944444365 ] } },
{ "type": "Feature", "id": 65, "properties": { "wkt_wgs84": "POINT (16.99094022 52.040821445)", "x_wgs84": 16.99094022, "y_wgs84": 52.040821445, "country": "Polska", "province": "wielkopolskie", "district": "śremski", "municipality": "Śrem", "postcode": "63-100", "object_type": "K01.20.10", "object_type_name": "Pałace", "veracity_score": "good", "accessibility": "partial", "state": "fair", "otar_id": "K01.20.10.LDXP9M", "name": "Pałac w Kadzewie", "description": "Pałac w Kadzewie (wielkopolskie) z II poł. XIX w., rozbudowany na pocz. XX w. przez ród Żółtowskich. Piętrowy budynek o skomplikowanej bryle bez wyraźnego stylu. Otacza go XIX-wieczny park krajobrazowy. Dziś to remontowana własność prywatna, którą można obejrzeć jedynie z zewnątrz.", "wikidata": "n/a", "wikidata_url": "n/a", "wikipedia": "n/a", "wikipedia_url": "n/a", "published": "2026-08-14" }, "geometry": { "type": "Point", "coordinates": [ 16.99094022, 52.040821445 ] } },
{ "type": "Feature", "id": 66, "properties": { "wkt_wgs84": "POINT (15.729917566 53.584676614)", "x_wgs84": 15.729917566, "y_wgs84": 53.584676614000003, "country": "Polska", "province": "zachodniopomorskie", "district": "łobeski", "municipality": "Łobez", "postcode": "73-150", "object_type": "K01.20.10", "object_type_name": "Pałace", "veracity_score": "good", "accessibility": "partial", "state": "good", "otar_id": "K01.20.10.LHSXQF", "name": "Pałac w Zajezierzu", "description": "Zespół pałacowo-parkowy w Zajezierzu to unikalna rezydencja na Pomorzu Zachodnim, w której bryle zapisano zmiany architektoniczne od średniowiecza po czasy współczesne. Obiekt wznosi się na wzgórzu nad jeziorem Zajezierskim, w miejscu XV-wiecznego zamku rodu Borków. Do dziś w terenie czytelny jest kształt wzgórza zamkowego oraz zarys dawnych fos. Obecny pałac to wynik licznych przekształceń.", "wikidata": "Q33302371", "wikidata_url": "https://www.wikidata.org/wiki/Q33302371", "wikipedia": "n/a", "wikipedia_url": "n/a", "published": "2026-08-14" }, "geometry": { "type": "Point", "coordinates": [ 15.729917566, 53.584676614 ] } },
{ "type": "Feature", "id": 67, "properties": { "wkt_wgs84": "POINT (16.09249502833719 51.44088126215519)", "x_wgs84": 16.09249502833719, "y_wgs84": 51.440881262155187, "country": "Polska", "province": "dolnośląskie", "district": "lubiński", "municipality": "Lubin", "postcode": "59-335", "object_type": "K01.20.10", "object_type_name": "Pałace", "veracity_score": "fair", "accessibility": "partial", "state": "excellent", "otar_id": "K01.20.10.LLDES2", "name": "Pałac w Szklarach Górnych", "description": "Pałac w Szklarach Górnych wzniesiono w XVIII w. w miejscu zamku, który pełnił funkcję strażnicy granicznej.  jako reprezentacyjną rezydencję szlachecką. Budowla była później przebudowywana, zyskując formy historyzujące i rozbudowany układ rezydencjonalny. Pałac otacza park krajobrazowy związany z dawnym majątkiem ziemskim. Obecnie obiekt jest zachowany i stanowi element zabytkowego zespołu pałacowo-parkowego.", "wikidata": "Q11815046", "wikidata_url": "https://www.wikidata.org/wiki/Q11815046", "wikipedia": "pl:Pałac w Szklarach Górnych", "wikipedia_url": "https://pl.wikipedia.org/wiki/Pa%C5%82ac_w_Szklarach_G%C3%B3rnych", "published": "2026-08-14" }, "geometry": { "type": "Point", "coordinates": [ 16.09249502833719, 51.440881262155187 ] } },
{ "type": "Feature", "id": 68, "properties": { "wkt_wgs84": "POINT (22.788192178 51.205956557)", "x_wgs84": 22.788192178, "y_wgs84": 51.205956557, "country": "Polska", "province": "lubelskie", "district": "świdnicki", "municipality": "Mełgiew", "postcode": "21-007", "object_type": "K01.20.10", "object_type_name": "Pałace", "veracity_score": "good", "accessibility": "partial", "state": "good", "otar_id": "K01.20.10.LPUJK5", "name": "Pałac w Podzamczu", "description": "Pałac w Podzamczu wzniesiono w XVII w. jako obronną rezydencję szlachecką, którą w kolejnych stuleciach przebudowywano i rozbudowywano. Budowla ma charakter pałacowy, z regularną bryłą, reprezentacyjną fasadą oraz układem wnętrz dostosowanym do funkcji mieszkalnych. Zespół uzupełnia park i zabudowania gospodarcze. Obecnie pałac zachował historyczną formę i pozostaje cennym elementem dawnego założenia rezydencjonalnego.", "wikidata": "Q30103565", "wikidata_url": "https://www.wikidata.org/wiki/Q30103565", "wikipedia": "pl:Pałac w Podzamczu", "wikipedia_url": "https://pl.wikipedia.org/wiki/Pa%C5%82ac_w_Podzamczu", "published": "2026-08-14" }, "geometry": { "type": "Point", "coordinates": [ 22.788192178, 51.205956557 ] } },
{ "type": "Feature", "id": 69, "properties": { "wkt_wgs84": "POINT (17.166543874 51.500145095)", "x_wgs84": 17.166543873999998, "y_wgs84": 51.500145095000001, "country": "Polska", "province": "dolnośląskie", "district": "milicki", "municipality": "Milicz", "postcode": "56-300", "object_type": "K01.20.10", "object_type_name": "Pałace", "veracity_score": "good", "accessibility": "limited", "state": "good", "otar_id": "K01.20.10.LQN9FL", "name": "Pałac w Sułowie", "description": "Barokowy pałac w Sułowie (dolnośląskie), wzniesiony w 1680 r. dla rodu Burghausów i przebudowany w duchu rokoka w XVIII w. Zabytek otacza stary, 11-hektarowy park. Należy obecnie do prywatnego inwestora z przeznaczeniem na cele hotelowo-restauracyjne. Cechuje go ozdobny portal z kartuszem herbowym. Niedostępny do zwiedzania.", "wikidata": "Q19788864", "wikidata_url": "https://www.wikidata.org/wiki/Q19788864", "wikipedia": "pl:Pałac w Sułowie", "wikipedia_url": "https://pl.wikipedia.org/wiki/Pa%C5%82ac_w_Su%C5%82owie", "published": "2026-08-14" }, "geometry": { "type": "Point", "coordinates": [ 17.166543874, 51.500145095 ] } },
{ "type": "Feature", "id": 70, "properties": { "wkt_wgs84": "POINT (15.830480333 50.870405993)", "x_wgs84": 15.830480333000001, "y_wgs84": 50.870405993, "country": "Polska", "province": "dolnośląskie", "district": "karkonoski", "municipality": "Mysłakowice", "postcode": "58-500", "object_type": "K01.20.10", "object_type_name": "Pałace", "veracity_score": "good", "accessibility": "limited", "state": "bad", "otar_id": "K01.20.10.LUNVXZ", "name": "Pałac w Bobrowie", "description": "Ruiny pałacu z XIX wieku Wcześniej w tym miejscu znajdował się dwór a jeszcze wcześniej w XV w. inny murowany budynek, najprawdopodobniej zamek albo wieża strażnicza  obecnie pałac jest w stanie który nie nadaje się do zwiedzania, ale można go oglądać zza bramu", "wikidata": "Q19722283", "wikidata_url": "https://www.wikidata.org/wiki/Q19722283", "wikipedia": "pl:Pałac w Bobrowie", "wikipedia_url": "https://pl.wikipedia.org/wiki/Pa%C5%82ac_w_Bobrowie", "published": "2026-08-14" }, "geometry": { "type": "Point", "coordinates": [ 15.830480333, 50.870405993 ] } },
{ "type": "Feature", "id": 71, "properties": { "wkt_wgs84": "POINT (17.585281289 54.328270109)", "x_wgs84": 17.585281289000001, "y_wgs84": 54.328270109000002, "country": "Polska", "province": "pomorskie", "district": "bytowski", "municipality": "Czarna Dąbrówka", "postcode": "77-116", "object_type": "K01.20.10", "object_type_name": "Pałace", "veracity_score": "fair", "accessibility": "limited", "state": "good", "otar_id": "K01.20.10.LXB8CG", "name": "Pałac w Jerzkowicach", "description": "Pałac (Zamek) w Jerzkowicach, przebudowany w 1867 r., stanowi centralny element zespołu pałacowo-folwarcznego. Budowla ma charakter reprezentacyjnej rezydencji ziemiańskiej, której forma nawiązuje do architektury obronnej i zamkowej. Otacza ją park krajobrazowy, a z zespołem związane są także zabudowania gospodarcze dawnego folwarku. Obecnie jest to budynek mieszkalny, który po licznych przebudowach utracił cechy reprezentacyjne.", "wikidata": "n/a", "wikidata_url": "n/a", "wikipedia": "n/a", "wikipedia_url": "n/a", "published": "2026-08-14" }, "geometry": { "type": "Point", "coordinates": [ 17.585281289, 54.328270109 ] } },
{ "type": "Feature", "id": 72, "properties": { "wkt_wgs84": "POINT (21.676617583 50.579499456)", "x_wgs84": 21.676617583, "y_wgs84": 50.579499456000001, "country": "Polska", "province": "podkarpackie", "district": "Tarnobrzeg", "municipality": "Tarnobrzeg", "postcode": "39-400", "object_type": "K01.20.10", "object_type_name": "Pałace", "veracity_score": "good", "accessibility": "partial", "state": "excellent", "otar_id": "K01.20.10.LYJKSV", "name": "Pałac Tarnowskich w Tarnobrzegu", "description": "Obiekt powstał w XVI wieku jako zamek otoczony systemem obronnym. Do dziś zachowały się pozostałości dawnych fortyfikacji, między innymi fragmenty murów i bastionów oraz ślady fosy. Obecny pałac wzniesiono w XIX w. jako rezydencję rodu Tarnowskich. W kolejnych latach pałac był modernizowany i adaptowany do nowych funkcji. Obecnie pozostaje zachowany i użytkowany jako obiekt zabytkowy.", "wikidata": "Q5319923", "wikidata_url": "https://www.wikidata.org/wiki/Q5319923", "wikipedia": "pl:Pałac Tarnowskich w Tarnobrzegu", "wikipedia_url": "https://pl.wikipedia.org/wiki/Pa%C5%82ac_Tarnowskich_w_Tarnobrzegu", "published": "2026-08-14" }, "geometry": { "type": "Point", "coordinates": [ 21.676617583, 50.579499456 ] } },
{ "type": "Feature", "id": 73, "properties": { "wkt_wgs84": "POINT (18.6025629271587 50.82744796155192)", "x_wgs84": 18.602562927158701, "y_wgs84": 50.827447961551918, "country": "Polska", "province": "śląskie", "district": "lubliniecki", "municipality": "Ciasna", "postcode": "42-793", "object_type": "K01.20.10", "object_type_name": "Pałace", "veracity_score": "good", "accessibility": "limited", "state": "good", "otar_id": "K01.20.10.M341GX", "name": "Pałac w Wędzinie", "description": "Zabytkowy dwór w Wędzinie (woj. śląskie) wzniesiony w XIX w. Otoczony jest pozostałościami dawnego, urokliwego parku krajobrazowego. Ze względu na to, że budynek znajduje się w rękach prywatnych, nie ma możliwości zwiedzania jego wnętrz, ale bryłę można obejrzeć z zewnątrz.", "wikidata": "Q24945524", "wikidata_url": "https://www.wikidata.org/wiki/Q24945524", "wikipedia": "pl:Pałac w Wędzinie", "wikipedia_url": "https://pl.wikipedia.org/wiki/Pa%C5%82ac_w_W%C4%99dzinie", "published": "2026-08-14" }, "geometry": { "type": "Point", "coordinates": [ 18.602562927158701, 50.827447961551918 ] } },
{ "type": "Feature", "id": 74, "properties": { "wkt_wgs84": "POINT (15.006576127 53.949331559)", "x_wgs84": 15.006576127000001, "y_wgs84": 53.949331559000001, "country": "Polska", "province": "zachodniopomorskie", "district": "kamieński", "municipality": "Świerzno", "postcode": "72-405", "object_type": "K01.20.10", "object_type_name": "Pałace", "veracity_score": "good", "accessibility": "partial", "state": "excellent", "otar_id": "K01.20.10.M4XEQY", "name": "Pałac w Stuchowie", "description": "Pierwsze wzmianki o Stuchowie pochodzą z XIV wieku. W średniowieczu istniał tutaj zamek, którego pozostałości przetrwały aż do początku XX wieku. Obecny pałac powstał w latach 1880-1888 dla rodu von Plötzów, w stylu eklektycznym. Charakterystycznym elementem budowli jest ośmioboczna wieża zwieńczona neobarokowym hełmem oraz reprezentacyjny portyk wejściowy. Pałac jest częścią zespołu rezydencjonalnego obejmującego również park z XIX wieku.", "wikidata": "Q33259944", "wikidata_url": "https://www.wikidata.org/wiki/Q33259944", "wikipedia": "pl:Pałac w Stuchowie", "wikipedia_url": "https://pl.wikipedia.org/wiki/Pa%C5%82ac_w_Stuchowie", "published": "2026-08-14" }, "geometry": { "type": "Point", "coordinates": [ 15.006576127, 53.949331559 ] } },
{ "type": "Feature", "id": 75, "properties": { "wkt_wgs84": "POINT (16.213034399 50.898971873)", "x_wgs84": 16.213034399000001, "y_wgs84": 50.898971873000001, "country": "Polska", "province": "dolnośląskie", "district": "świdnicki", "municipality": "Dobromierz", "postcode": "58-170", "object_type": "K01.20.10", "object_type_name": "Pałace", "veracity_score": "good", "accessibility": "limited", "state": "good", "otar_id": "K01.20.10.M7D5VJ", "name": "Pałac w Pietrzykowie", "description": "Pałac w Pietrzykowie powstał w wyniku przebudowy wcześniejszej, XVII-wiecznej budowli o charakterze obronnym. W połowie XVIII w. przekształcono ją w rezydencję pałacową, ponownie przebudowaną w XIX w. Z dawnego założenia obronnego zachowały się fosa, groble oraz trójprzęsłowy most prowadzący do głównego wejścia. Obecnie pałac wraz z parkiem tworzy zabytkowy zespół pałacowy.", "wikidata": "Q19401149", "wikidata_url": "https://www.wikidata.org/wiki/Q19401149", "wikipedia": "pl:Pałac w Pietrzykowie", "wikipedia_url": "https://pl.wikipedia.org/wiki/Pa%C5%82ac_w_Pietrzykowie", "published": "2026-08-14" }, "geometry": { "type": "Point", "coordinates": [ 16.213034399, 50.898971873 ] } },
{ "type": "Feature", "id": 76, "properties": { "wkt_wgs84": "POINT (16.829508218 50.746010848)", "x_wgs84": 16.829508218000001, "y_wgs84": 50.746010847999997, "country": "Polska", "province": "dolnośląskie", "district": "dzierżoniowski", "municipality": "Niemcza", "postcode": "58-230", "object_type": "K01.20.10", "object_type_name": "Pałace", "veracity_score": "good", "accessibility": "partial", "state": "excellent", "otar_id": "K01.20.10.MEWBGV", "name": "Pałac w Kietlinie", "description": "Już w połowie XV wieku w Kietlinie znajdował się zamek myśliwski. W XVII wieku został przebudowany, zyskując barokowy charakter. Na przestrzeni dziejów obiekt wielokrotnie przechodził w ręce kolejnych właścicieli. Dziś jest własnością prywatną i funkcjonuje jako gospodarstwo agroturystyczne.", "wikidata": "Q19401133", "wikidata_url": "https://www.wikidata.org/wiki/Q19401133", "wikipedia": "pl:Pałac w Kietlinie", "wikipedia_url": "https://pl.wikipedia.org/wiki/Pa%C5%82ac_w_Kietlinie", "published": "2026-08-14" }, "geometry": { "type": "Point", "coordinates": [ 16.829508218, 50.746010848 ] } },
{ "type": "Feature", "id": 77, "properties": { "wkt_wgs84": "POINT (23.565429127 50.566406299)", "x_wgs84": 23.565429127000002, "y_wgs84": 50.566406299000001, "country": "Polska", "province": "lubelskie", "district": "tomaszowski", "municipality": "Rachanie", "postcode": "22-640", "object_type": "K01.20.10", "object_type_name": "Pałace", "veracity_score": "fair", "accessibility": "full", "state": "poor", "otar_id": "K01.20.10.MFK8WP", "name": "Pałac w Wożuczynie", "description": "Pałac w Wożuczynie rozwinął się z wcześniejszego XV-wiecznego dworu obronnego; pod koniec XVI w. Jakub Wożuczyński rozpoczął budowę murowanego zamku na planie czworoboku, otoczonego fosą, murem i czterema bastejami ze strzelnicami. W XVIII–XIX w. rezydencję wielokrotnie przebudowywano i otoczono rozległymi ogrodami. Zniszczona podczas I wojny światowej, była następnie rozbierana. Obecnie zachowały się ruiny, fragmenty murów, obeliski i budynek bramny z biblioteką.", "wikidata": "n/a", "wikidata_url": "n/a", "wikipedia": "n/a", "wikipedia_url": "n/a", "published": "2026-08-14" }, "geometry": { "type": "Point", "coordinates": [ 23.565429127, 50.566406299 ] } },
{ "type": "Feature", "id": 78, "properties": { "wkt_wgs84": "POINT (16.786988652 51.867137341)", "x_wgs84": 16.786988652000002, "y_wgs84": 51.867137341000003, "country": "Polska", "province": "wielkopolskie", "district": "leszczyński", "municipality": "Krzemieniewo", "postcode": "64-120", "object_type": "K01.20.10", "object_type_name": "Pałace", "veracity_score": "good", "accessibility": "limited", "state": "excellent", "otar_id": "K01.20.10.NETCBH", "name": "Pałac w Garzynie", "description": "Pałac w Garzynie wzniesiono w połowie XIX w. w stylu neorenesansu toskańskiego. Rezydencję otacza park krajobrazowy o powierzchni około 7,2 ha. W jego obrębie, na niewielkim kopcu, zachowały się relikty starszego zameczku rycerskiego z przełomu XIV i XV w., wykorzystywanego w okresie międzywojennym jako lodownia. Obecnie pałac wraz z parkiem i ruinami zamku tworzy historyczny zespół rezydencjonalny.", "wikidata": "Q33008368", "wikidata_url": "https://www.wikidata.org/wiki/Q33008368", "wikipedia": "pl:Pałac w Garzynie", "wikipedia_url": "https://pl.wikipedia.org/wiki/Pa%C5%82ac_w_Garzynie", "published": "2026-08-14" }, "geometry": { "type": "Point", "coordinates": [ 16.786988652, 51.867137341 ] } },
{ "type": "Feature", "id": 79, "properties": { "wkt_wgs84": "POINT (15.24486 52.517429)", "x_wgs84": 15.24486, "y_wgs84": 52.517429, "country": "Polska", "province": "lubuskie", "district": "sulęciński", "municipality": "Lubniewice", "postcode": "69-210", "object_type": "K01.20.10", "object_type_name": "Pałace", "veracity_score": "good", "accessibility": "full", "state": "excellent", "otar_id": "K01.20.10.NRJ1XV", "name": "Pałac \"Nowy Zamek\" w Lubniewicach", "description": "Neorenesansowa budowla wzniesiona w latach 19091911 dla Carla Friedricha Ernsta Eduarda von Waldow-Reitzenstein i jego żony Johanny, według projektu berlińskich architektów A. Dinklage, E. Paulusa i O. Lilloe; położona po pn.-wsch. stronie zatoki jeziora Lubiąż, otoczona rozległym parkiem krajobrazowym w typie angielskim. Budynek murowany.", "wikidata": "Q30108384", "wikidata_url": "https://www.wikidata.org/wiki/Q30108384", "wikipedia": "pl:Zespół pałacowy w Lubniewicach", "wikipedia_url": "https://pl.wikipedia.org/wiki/Zesp%C3%B3%C5%82_pa%C5%82acowy_w_Lubniewicach", "published": "2026-08-14" }, "geometry": { "type": "Point", "coordinates": [ 15.24486, 52.517429 ] } },
{ "type": "Feature", "id": 80, "properties": { "wkt_wgs84": "POINT (15.270553578 54.063321546)", "x_wgs84": 15.270553578, "y_wgs84": 54.063321545999997, "country": "Polska", "province": "zachodniopomorskie", "district": "gryficki", "municipality": "Trzebiatów", "postcode": "72-320", "object_type": "K01.20.10", "object_type_name": "Pałace", "veracity_score": "good", "accessibility": "full", "state": "excellent", "otar_id": "K01.20.10.P72XR6", "name": "Pałac w Trzebiatowie", "description": "Pałac w Trzebiatowie powstał w wyniku przebudowy dawnego renesansowego zamku Gryfitów, który wzniesiono w XVI w. na miejscu wcześniejszego grodu i klasztoru norbertanek. Po pożarze w 1679 r. został odbudowany około 1682 r., a w XVIII w. otrzymał klasycystyczną formę. W swojej historii pełnił funkcję rezydencji książęcej, siedziby możnych rodów oraz obiektu wojskowego i administracyjnego. Obecnie mieści bibliotekę publiczną oraz Trzebiatowski Ośrodek Kultury.", "wikidata": "Q11815052", "wikidata_url": "https://www.wikidata.org/wiki/Q11815052", "wikipedia": "pl:Pałac w Trzebiatowie", "wikipedia_url": "https://pl.wikipedia.org/wiki/Pa%C5%82ac_w_Trzebiatowie", "published": "2026-08-14" }, "geometry": { "type": "Point", "coordinates": [ 15.270553578, 54.063321546 ] } },
{ "type": "Feature", "id": 81, "properties": { "wkt_wgs84": "POINT (15.249374 52.515957)", "x_wgs84": 15.249374, "y_wgs84": 52.515957, "country": "Polska", "province": "lubuskie", "district": "sulęciński", "municipality": "Lubniewice", "postcode": "69-210", "object_type": "K01.20.10", "object_type_name": "Pałace", "veracity_score": "good", "accessibility": "limited", "state": "good", "otar_id": "K01.20.10.P9SMSJ", "name": "Pałac \"Stary Zamek\" w Lubniewicach", "description": "Zespół pałacowy w Lubniewicach obejmuje starszą rezydencję oraz tzw. Nowy Zamek, wzniesiony na początku XX w. w stylu neorenesansowym. Starszy pałac powstał w miejscu wcześniejszej siedziby o charakterze obronnym, której relikty zostały wykorzystane w kolejnych przebudowach. Całość uzupełnia park krajobrazowy nad jeziorem Lubiąż. Obecnie zespół zachował historyczny układ rezydencjonalny, a jego obiekty pozostają w zróżnicowanym stanie zachowania.", "wikidata": "Q30108384", "wikidata_url": "https://www.wikidata.org/wiki/Q30108384", "wikipedia": "pl:Zespół pałacowy w Lubniewicach", "wikipedia_url": "https://pl.wikipedia.org/wiki/Zesp%C3%B3%C5%82_pa%C5%82acowy_w_Lubniewicach", "published": "2026-08-14" }, "geometry": { "type": "Point", "coordinates": [ 15.249374, 52.515957 ] } },
{ "type": "Feature", "id": 82, "properties": { "wkt_wgs84": "POINT (14.997998 51.018992)", "x_wgs84": 14.997998, "y_wgs84": 51.018992, "country": "Polska", "province": "dolnośląskie", "district": "zgorzelecki", "municipality": "Zgorzelec", "postcode": "59-900", "object_type": "K01.20.10", "object_type_name": "Pałace", "veracity_score": "good", "accessibility": "partial", "state": "good", "otar_id": "K01.20.10.PJ59QC", "name": "Pałac w Kostrzynie", "description": "Pałac w Kostrzynie powstał w 1757 roku jako siedziba rodu von Kyaw. W kolejnych stuleciach był kilkukrotnie przebudowywany, przez co utracił część pierwotnych cech barokowych. Jest to dwukondygnacyjny, podpiwniczony budynek na planie prostokąta, przykryty wysokim dachem czterospadowym z lukarnami. Nad głównym wejściem znajduje się portal z datą budowy oraz herbami rodów von Uechtritz i von Kyaw. W pałacu zachowały się fragmenty dawnego wystroju wnętrz.", "wikidata": "Q20033942", "wikidata_url": "https://www.wikidata.org/wiki/Q20033942", "wikipedia": "pl:Pałac w Kostrzynie", "wikipedia_url": "https://pl.wikipedia.org/wiki/Pa%C5%82ac_w_Kostrzynie", "published": "2026-08-14" }, "geometry": { "type": "Point", "coordinates": [ 14.997998, 51.018992 ] } },
{ "type": "Feature", "id": 83, "properties": { "wkt_wgs84": "POINT (21.684600169 49.556968983)", "x_wgs84": 21.684600169, "y_wgs84": 49.556968982999997, "country": "Polska", "province": "podkarpackie", "district": "krośnieński", "municipality": "Dukla", "postcode": "38-450", "object_type": "K01.20.10", "object_type_name": "Pałace", "veracity_score": "good", "accessibility": "full", "state": "excellent", "otar_id": "K01.20.10.PWAJ2X", "name": "Pałac w Dukli", "description": "Początki obecnego założenia sięgają XVI wieku, kiedy powstał pierwszy budynek mieszkalny o charakterze obronnym. Z czasem obiekt został rozbudowany, a jego zabezpieczenia wzmocniono bastionami oraz murami kurtynowymi. Na przestrzeni lat zamek wielokrotnie zmieniał właścicieli. W 1738 roku budowla ucierpiała podczas wielkiego pożaru miasta. Po odbudowie zrezygnowano z elementów obronnych, przekształcając zamek w późnobarokową rezydencję pałacową. W tej formie obiekt zachował się do dziś.", "wikidata": "Q30530422", "wikidata_url": "https://www.wikidata.org/wiki/Q30530422", "wikipedia": "pl:Pałac w Dukli", "wikipedia_url": "https://pl.wikipedia.org/wiki/Pa%C5%82ac_w_Dukli", "published": "2026-08-14" }, "geometry": { "type": "Point", "coordinates": [ 21.684600169, 49.556968983 ] } },
{ "type": "Feature", "id": 84, "properties": { "wkt_wgs84": "POINT (18.900805589 50.438836053)", "x_wgs84": 18.900805589000001, "y_wgs84": 50.438836053000003, "country": "Polska", "province": "śląskie", "district": "tarnogórski", "municipality": "Świerklaniec", "postcode": "42-620", "object_type": "K01.20.10", "object_type_name": "Pałace", "veracity_score": "good", "accessibility": "full", "state": "excellent", "otar_id": "K01.20.10.PX2D8P", "name": "Pałac Donnersmarcków w Nakle Śląskim", "description": "Pałac Donnersmarcków w Nakle Śląskim wzniesiono w latach 1856–1858, prawdopodobnie na miejscu starszego dworu lub zamku. Neogotycka rezydencja, nawiązująca do angielskiego gotyku Tudorów, została rozbudowana w 1891 r., m.in. przez podwyższenie wieży. Otacza ją rozległy park krajobrazowy. Obecnie pałac jest dobrze zachowany i mieści Centrum Kultury Śląskiej.\n", "wikidata": "Q11814752", "wikidata_url": "https://www.wikidata.org/wiki/Q11814752", "wikipedia": "pl:Pałac Donnersmarcków w Nakle Śląskim", "wikipedia_url": "https://pl.wikipedia.org/wiki/Pa%C5%82ac_Donnersmarck%C3%B3w_w_Nakle_%C5%9Al%C4%85skim", "published": "2026-08-14" }, "geometry": { "type": "Point", "coordinates": [ 18.900805589, 50.438836053 ] } },
{ "type": "Feature", "id": 85, "properties": { "wkt_wgs84": "POINT (14.879024 53.691436)", "x_wgs84": 14.879024, "y_wgs84": 53.691436, "country": "Polska", "province": "zachodniopomorskie", "district": "goleniowski", "municipality": "Przybiernów", "postcode": "72-110", "object_type": "K01.20.10", "object_type_name": "Pałace", "veracity_score": "good", "accessibility": "limited", "state": "fair", "otar_id": "K01.20.10.Q8VTYP", "name": "Pałac w Łoźnicy", "description": "Pierwsze wzmianki o zamku „Camenz” pochodzą z dokumentu z 1269 roku. Warownia była podzielona pomiędzy księcia oraz biskupa kamieńskiego. Pod koniec XIII wieku obiekt popadł w ruinę i z czasem przestał istnieć. W XVIII wieku na miejscu dawnego zamku wzniesiono pałac, którego ruiny zachowały się do dziś.\n", "wikidata": "Q33249846", "wikidata_url": "https://www.wikidata.org/wiki/Q33249846", "wikipedia": "n/a", "wikipedia_url": "n/a", "published": "2026-08-14" }, "geometry": { "type": "Point", "coordinates": [ 14.879024, 53.691436 ] } },
{ "type": "Feature", "id": 86, "properties": { "wkt_wgs84": "POINT (16.133323217 51.568986812)", "x_wgs84": 16.133323217000001, "y_wgs84": 51.568986812, "country": "Polska", "province": "dolnośląskie", "district": "polkowicki", "municipality": "Grębocice", "postcode": "59-150", "object_type": "K01.20.10", "object_type_name": "Pałace", "veracity_score": "good", "accessibility": "limited", "state": "good", "otar_id": "K01.20.10.Q99X53", "name": "Pałac w Dużej Wólce", "description": "Renesansowy pałac w Dużej Wólce (dolnośląskie), wzniesiony w 1570 r. z kamienia i cegły dla Georga von Puscha. W XIX w. zyskał dwie oficyny. Nad wejściem zachowała się tablica fundacyjna z herbami. Zabytek czeka na remont. Wnętrza są niedostępne do zwiedzania, ale bryłę można obejrzeć z zewnątrz.", "wikidata": "Q19844456", "wikidata_url": "https://www.wikidata.org/wiki/Q19844456", "wikipedia": "pl:Pałac w Dużej Wólce", "wikipedia_url": "https://pl.wikipedia.org/wiki/Pa%C5%82ac_w_Du%C5%BCej_W%C3%B3lce", "published": "2026-08-14" }, "geometry": { "type": "Point", "coordinates": [ 16.133323217, 51.568986812 ] } },
{ "type": "Feature", "id": 87, "properties": { "wkt_wgs84": "POINT (16.503521415 50.513233515)", "x_wgs84": 16.503521415000002, "y_wgs84": 50.513233515000003, "country": "Polska", "province": "dolnośląskie", "district": "kłodzki", "municipality": "Radków", "postcode": "57-410", "object_type": "K01.20.10", "object_type_name": "Pałace", "veracity_score": "good", "accessibility": "partial", "state": "good", "otar_id": "K01.20.10.QDGQ55", "name": "Pałac w Ścinawce Średniej", "description": "W Ścinawce Średniej zachował się drugi z miejscowych obiektów zamkowych, określany jako „dobra dolne”. Jego początki sięgają XIV wieku. Wewnątrz założenia znajduje się dawny dziedziniec ze studnią, wokół którego rozmieszczono zabudowania zamkowe. Choć zostały one wielokrotnie przekształcone, zachowały się między innymi renesansowe piwnice.", "wikidata": "Q19401179", "wikidata_url": "https://www.wikidata.org/wiki/Q19401179", "wikipedia": "pl:Pałac w Ścinawce Średniej", "wikipedia_url": "https://pl.wikipedia.org/wiki/Pa%C5%82ac_w_%C5%9Acinawce_%C5%9Aredniej", "published": "2026-08-14" }, "geometry": { "type": "Point", "coordinates": [ 16.503521415, 50.513233515 ] } },
{ "type": "Feature", "id": 88, "properties": { "wkt_wgs84": "POINT (16.159900822013928 54.10046324853792)", "x_wgs84": 16.159900822013928, "y_wgs84": 54.10046324853792, "country": "Polska", "province": "zachodniopomorskie", "district": "koszaliński", "municipality": "Świeszyno", "postcode": "76-024", "object_type": "K01.20.10", "object_type_name": "Pałace", "veracity_score": "good", "accessibility": "partial", "state": "excellent", "otar_id": "K01.20.10.RF595M", "name": "Pałac w Strzekęcinie", "description": "Pałac w Strzekęcinie wzniesiono w latach 1899–1901 w stylu neorenesansowym jako okazałą rezydencję z wieżą o romantycznych, zamkowych formach, na miejscu dawnej budowli obronnej. Pałac otoczono rozległym parkiem z tarasami, balustradami i elementami ogrodów klasycystycznych, renesansowych i barokowych. Po 1945 r. obiekt zmieniał funkcje i popadł w ruinę. Obecnie jest odrestaurowany i działa jako hotel Bursztynowy Pałac.", "wikidata": "Q33301373", "wikidata_url": "https://www.wikidata.org/wiki/Q33301373", "wikipedia": "pl:Pałac w Strzekęcinie", "wikipedia_url": "https://pl.wikipedia.org/wiki/Pa%C5%82ac_w_Strzek%C4%99cinie", "published": "2026-08-14" }, "geometry": { "type": "Point", "coordinates": [ 16.159900822013928, 54.10046324853792 ] } },
{ "type": "Feature", "id": 89, "properties": { "wkt_wgs84": "POINT (22.666895076 49.939656341)", "x_wgs84": 22.666895076, "y_wgs84": 49.939656341000003, "country": "Polska", "province": "podkarpackie", "district": "jarosławski", "municipality": "Chłopice", "postcode": "37-561", "object_type": "K01.20.10", "object_type_name": "Pałace", "veracity_score": "good", "accessibility": "partial", "state": "excellent", "otar_id": "K01.20.10.RV8R9E", "name": "Pałac w Boratynie", "description": "Zespół pałacowo-parkowy w Boratynie to okazała, klasycystyczna rezydencja. Obiekt ten został wzniesiony bezpośrednio na zrębach i fundamentach późnośredniowiecznego dworu obronnego, funkcjonującego w tym miejscu już w XV stuleciu. Dzięki zachowaniu reliktów dawnej warowni w strukturze nowożytnej budowli, pałac stanowi doskonały przykład przekształcenia obiektu o charakterze militarnym w reprezentacyjną rezydencję mieszkalną.", "wikidata": "Q30232299", "wikidata_url": "https://www.wikidata.org/wiki/Q30232299", "wikipedia": "pl:Pałac w Boratynie", "wikipedia_url": "https://pl.wikipedia.org/wiki/Pa%C5%82ac_w_Boratynie", "published": "2026-08-14" }, "geometry": { "type": "Point", "coordinates": [ 22.666895076, 49.939656341 ] } },
{ "type": "Feature", "id": 90, "properties": { "wkt_wgs84": "POINT (15.956767968 50.909280182)", "x_wgs84": 15.956767968, "y_wgs84": 50.909280182000003, "country": "Polska", "province": "dolnośląskie", "district": "jaworski", "municipality": "Bolków", "postcode": "59-420", "object_type": "K01.20.10", "object_type_name": "Pałace", "veracity_score": "good", "accessibility": "partial", "state": "excellent", "otar_id": "K01.20.10.S5FUKE", "name": "Pałac w Kaczorowie", "description": "Najstarsze informacje dotyczące Kaczorowa pochodzą z 1240 roku. Na przestrzeni wieków miejscowość kilkukrotnie zmieniała swoją nazwę, a jej dzieje były związane z różnymi etapami rozwoju zabudowy rezydencjonalnej. Około 1561 roku powstało tutaj pierwotne założenie obronne  przypuszczalnie dwór lub niewielki zamek. W 1829 roku dawną budowlę przebudowano, nadając jej formę pałacu w stylu eklektycznym. Obecnie obiekt pełni funkcję szkoły podstawowej.", "wikidata": "Q11814960", "wikidata_url": "https://www.wikidata.org/wiki/Q11814960", "wikipedia": "pl:Pałac w Kaczorowie", "wikipedia_url": "https://pl.wikipedia.org/wiki/Pa%C5%82ac_w_Kaczorowie", "published": "2026-08-14" }, "geometry": { "type": "Point", "coordinates": [ 15.956767968, 50.909280182 ] } },
{ "type": "Feature", "id": 91, "properties": { "wkt_wgs84": "POINT (17.203984 50.632409)", "x_wgs84": 17.203984, "y_wgs84": 50.632409, "country": "Polska", "province": "dolnośląskie", "district": "strzeliński", "municipality": "Przeworno", "postcode": "57-130", "object_type": "K01.20.10", "object_type_name": "Pałace", "veracity_score": "good", "accessibility": "limited", "state": "bad", "otar_id": "K01.20.10.SNLJZ7", "name": "Pałac w Jagielnie", "description": "W pierwszej połowie XV wieku w Jagielnie wzniesiono zamek, który został zniszczony w 1443 roku. Odbudowany przez rodzinę von Pogrell, w XVII wieku został przebudowany na renesansowy pałac. W kolejnych stuleciach rezydencja była rozbudowywana i zmieniała właścicieli, między innymi należała do rodziny von Ballestrem. Po 1945 roku obiekt popadał w ruinę i został ostatecznie opuszczony. Obecnie zachowały się głównie fragmenty murów pałacu, otoczone fosą i parkiem.", "wikidata": "Q19401123", "wikidata_url": "https://www.wikidata.org/wiki/Q19401123", "wikipedia": "pl:Pałac w Jagielnie", "wikipedia_url": "https://pl.wikipedia.org/wiki/Pa%C5%82ac_w_Jagielnie", "published": "2026-08-14" }, "geometry": { "type": "Point", "coordinates": [ 17.203984, 50.632409 ] } },
{ "type": "Feature", "id": 92, "properties": { "wkt_wgs84": "POINT (16.459373299 51.372371529)", "x_wgs84": 16.459373299, "y_wgs84": 51.372371529, "country": "Polska", "province": "dolnośląskie", "district": "lubiński", "municipality": "Ścinawa", "postcode": "59-330", "object_type": "K01.20.10", "object_type_name": "Pałace", "veracity_score": "fair", "accessibility": "limited", "state": "poor", "otar_id": "K01.20.10.SY55XH", "name": "Pałac w Dziewinie", "description": "Pierwsze wzmianki o książęcej warowni pochodzą już z 1250 roku. Na przestrzeni wieków obiekt wielokrotnie przechodził w ręce kolejnych właścicieli. W latach 1558-1566 dawny zamek został przekształcony w renesansowy dwór, który następnie rozbudowano około 1700 roku. Kolejne zmiany wprowadzono w latach 1860-1889. Budowla została zniszczona w 1945 roku i do dziś pozostaje w stanie trwałej ruiny.", "wikidata": "Q24944267", "wikidata_url": "https://www.wikidata.org/wiki/Q24944267", "wikipedia": "pl:Pałac w Dziewinie", "wikipedia_url": "https://pl.wikipedia.org/wiki/Pa%C5%82ac_w_Dziewinie", "published": "2026-08-14" }, "geometry": { "type": "Point", "coordinates": [ 16.459373299, 51.372371529 ] } },
{ "type": "Feature", "id": 93, "properties": { "wkt_wgs84": "POINT (17.232064281 52.014040109)", "x_wgs84": 17.232064281, "y_wgs84": 52.014040109, "country": "Polska", "province": "wielkopolskie", "district": "śremski", "municipality": "Książ Wielkopolski", "postcode": "63-130", "object_type": "K01.20.10", "object_type_name": "Pałace", "veracity_score": "good", "accessibility": "limited", "state": "good", "otar_id": "K01.20.10.U2FNXG", "name": "Pałac w Mchach", "description": "Klasycystyczny pałac w Mchach (woj. wielkopolskie) wzniesiony pod koniec XVIII w. Otoczony zabytkowym parkiem krajobrazowym. Ponieważ zabytek znajduje się obecnie w rękach prywatnych, jego wnętrza nie są udostępnione do zwiedzania. Bryłę można podziwiać z zewnątrz.", "wikidata": "Q33136595", "wikidata_url": "https://www.wikidata.org/wiki/Q33136595", "wikipedia": "pl:Dwór w Mchach", "wikipedia_url": "https://pl.wikipedia.org/wiki/Dw%C3%B3r_w_Mchach", "published": "2026-08-14" }, "geometry": { "type": "Point", "coordinates": [ 17.232064281, 52.014040109 ] } },
{ "type": "Feature", "id": 94, "properties": { "wkt_wgs84": "POINT (18.082607082 50.137083095)", "x_wgs84": 18.082607082, "y_wgs84": 50.137083095000001, "country": "Polska", "province": "śląskie", "district": "raciborski", "municipality": "Pietrowice Wielkie", "postcode": "47-480", "object_type": "K01.20.10", "object_type_name": "Pałace", "veracity_score": "fair", "accessibility": "partial", "state": "good", "otar_id": "K01.20.10.U52UEK", "name": "Pałac w Krowiarkach", "description": "Początki tutejszej rezydencji sięgają 1678 roku, kiedy rodzina Beess wzniosła pierwszy, drewniany dwór obronny. Obecny wygląd zawdzięcza przebudowie w latach 1852–1877 kiedy rozbudowano rezydencję i założono park, a pod koniec XIX w. dodano m.in. skrzydło secesyjne z elementami neorenesansu i neobaroku. Charakterystycznym elementem jest czteroboczna wieża z dekoracyjnym hełmem. Obecnie pałac jest niezamieszkany i stopniowo popada w ruinę.\n", "wikidata": "Q540596", "wikidata_url": "https://www.wikidata.org/wiki/Q540596", "wikipedia": "pl:Zespół pałacowo-parkowy w Krowiarkach", "wikipedia_url": "https://pl.wikipedia.org/wiki/Zesp%C3%B3%C5%82_pa%C5%82acowo-parkowy_w_Krowiarkach", "published": "2026-08-14" }, "geometry": { "type": "Point", "coordinates": [ 18.082607082, 50.137083095 ] } },
{ "type": "Feature", "id": 95, "properties": { "wkt_wgs84": "POINT (21.684725155 54.1323776)", "x_wgs84": 21.684725155, "y_wgs84": 54.1323776, "country": "Polska", "province": "warmińsko-mazurskie", "district": "węgorzewski", "municipality": "Węgorzewo", "postcode": "11-600", "object_type": "K01.20.10", "object_type_name": "Pałace", "veracity_score": "good", "accessibility": "partial", "state": "good", "otar_id": "K01.20.10.UCZ5RQ", "name": "Pałac w Sztynorcie", "description": "Pałac w Sztynorcie był siedzibą rodu von Lehndorff, który władał tutejszymi dobrami od XV wieku aż do 1944 roku. Pierwsze zamki wznoszone przez rodzinę ulegały zniszczeniu, a obecny pałac powstał pod koniec XVII wieku. Rezydencja stanowi część rozległego zespołu pałacowo-folwarcznego z parkiem, oficynami, kaplicą i zabudowaniami gospodarczymi. W czasie II wojny światowej pałac został przejęty przez Ministerstwo Spraw Zagranicznych III Rzeszy.", "wikidata": "Q32053037", "wikidata_url": "https://www.wikidata.org/wiki/Q32053037", "wikipedia": "pl:Pałac w Sztynorcie", "wikipedia_url": "https://pl.wikipedia.org/wiki/Pa%C5%82ac_w_Sztynorcie", "published": "2026-08-14" }, "geometry": { "type": "Point", "coordinates": [ 21.684725155, 54.1323776 ] } },
{ "type": "Feature", "id": 96, "properties": { "wkt_wgs84": "POINT (21.100605426 50.597064377)", "x_wgs84": 21.100605426000001, "y_wgs84": 50.597064377000002, "country": "Polska", "province": "świętokrzyskie", "district": "staszowski", "municipality": "Staszów", "postcode": "28-200", "object_type": "K01.20.10", "object_type_name": "Pałace", "veracity_score": "good", "accessibility": "full", "state": "excellent", "otar_id": "K01.20.10.UUNW49", "name": "Pałac w Kurozwękach", "description": "Warownię wzniósł ród Kurozwęckich w drugiej połowie XIV wieku. W XV stuleciu została rozbudowana i dodatkowo ufortyfikowana. W kolejnych wiekach obiekt stopniowo zmieniał swój charakter  w XVII i XVIII wieku przekształcono go w rezydencję pałacową, najpierw w stylu barokowym, a następnie klasycystycznym. Obecnie zamek pozostaje własnością prywatną. Budowla zachowała się w bardzo dobrym stanie, a w 2003 roku przeszła prace renowacyjne.", "wikidata": "Q6446458", "wikidata_url": "https://www.wikidata.org/wiki/Q6446458", "wikipedia": "pl:Pałac w Kurozwękach", "wikipedia_url": "https://pl.wikipedia.org/wiki/Pa%C5%82ac_w_Kurozw%C4%99kach", "published": "2026-08-14" }, "geometry": { "type": "Point", "coordinates": [ 21.100605426, 50.597064377 ] } },
{ "type": "Feature", "id": 97, "properties": { "wkt_wgs84": "POINT (18.759059222 50.416923524)", "x_wgs84": 18.759059222000001, "y_wgs84": 50.416923523999998, "country": "Polska", "province": "śląskie", "district": "tarnogórski", "municipality": "Zbrosławice", "postcode": "42-674", "object_type": "K01.20.10", "object_type_name": "Pałace", "veracity_score": "good", "accessibility": "partial", "state": "good", "otar_id": "K01.20.10.UXKKF9", "name": "Pałac w Zbrosławicach", "description": "Pałac w Zbrosławicach wzniesiono około 1756 r. dla rodziny von Stockmannów, przypuszczalnie na miejscu starszej budowli z XVI–XVII w. Pierwotnie późnobarokowy, po przebudowach uzyskał formy klasycystyczne. Jest piętrową, podpiwniczoną budowlą na planie prostokąta, z oficyną i dachem mansardowym; w piwnicach zachowały się sklepienia kolebkowe z lunetami. Obecnie pałac pozostaje w złym stanie technicznym.", "wikidata": "Q24945545", "wikidata_url": "https://www.wikidata.org/wiki/Q24945545", "wikipedia": "pl:Pałac w Zbrosławicach", "wikipedia_url": "https://pl.wikipedia.org/wiki/Pa%C5%82ac_w_Zbros%C5%82awicach", "published": "2026-08-14" }, "geometry": { "type": "Point", "coordinates": [ 18.759059222, 50.416923524 ] } },
{ "type": "Feature", "id": 98, "properties": { "wkt_wgs84": "POINT (22.3933728 49.821907262)", "x_wgs84": 22.3933728, "y_wgs84": 49.821907262000003, "country": "Polska", "province": "podkarpackie", "district": "przemyski", "municipality": "Dubiecko", "postcode": "37-750", "object_type": "K01.20.10", "object_type_name": "Pałace", "veracity_score": "good", "accessibility": "partial", "state": "excellent", "otar_id": "K01.20.10.VFPFUW", "name": "Pałac Krasickich w Dubiecku", "description": "Pałac Krasickich w Dubiecku powstał z przebudowy zamku. Pierwotna warownia została wzniesiona w XVI wieku i od 1588 roku należała do rodu Krasickich. Po pożarze w XVIII wieku zamek przebudowano na barokową rezydencję, a następnie nadano mu klasycystyczny wygląd. W pałacu w 1735 roku urodził się Ignacy Krasicki  poeta, biskup warmiński i jeden z najwybitniejszych twórców polskiego oświecenia.", "wikidata": "Q30552088", "wikidata_url": "https://www.wikidata.org/wiki/Q30552088", "wikipedia": "pl:Zespół pałacowy Krasickich w Dubiecku", "wikipedia_url": "https://pl.wikipedia.org/wiki/Zesp%C3%B3%C5%82_pa%C5%82acowy_Krasickich_w_Dubiecku", "published": "2026-08-14" }, "geometry": { "type": "Point", "coordinates": [ 22.3933728, 49.821907262 ] } },
{ "type": "Feature", "id": 99, "properties": { "wkt_wgs84": "POINT (16.587717612 50.829388615)", "x_wgs84": 16.587717612, "y_wgs84": 50.829388615, "country": "Polska", "province": "dolnośląskie", "district": "świdnicki", "municipality": "Świdnica", "postcode": "58-100", "object_type": "K01.20.10", "object_type_name": "Pałace", "veracity_score": "fair", "accessibility": "limited", "state": "bad", "otar_id": "K01.20.10.VX4BRC", "name": "Pałac w Gogołowie", "description": "Historia tego miejsca zaczyna się od myśliwskiej siedziby książąt świdnickich. W 1538 roku na jej miejscu powstał renesansowy dwór, który w późniejszych okresach był wielokrotnie przekształcany. Dawna rezydencja obecnie pozostaje opuszczona i stopniowo popada w ruinę. W 1894 roku w miejscu wcześniejszego dworu myśliwskiego i renesansowej siedziby wzniesiono pałac.", "wikidata": "Q20033926", "wikidata_url": "https://www.wikidata.org/wiki/Q20033926", "wikipedia": "pl:Pałac w Gogołowie", "wikipedia_url": "https://pl.wikipedia.org/wiki/Pa%C5%82ac_w_Gogo%C5%82owie", "published": "2026-08-14" }, "geometry": { "type": "Point", "coordinates": [ 16.587717612, 50.829388615 ] } },
{ "type": "Feature", "id": 100, "properties": { "wkt_wgs84": "POINT (15.992687134 51.855615789)", "x_wgs84": 15.992687134000001, "y_wgs84": 51.855615788999998, "country": "Polska", "province": "lubuskie", "district": "wschowski", "municipality": "Sława", "postcode": "67-410", "object_type": "K01.20.10", "object_type_name": "Pałace", "veracity_score": "good", "accessibility": "partial", "state": "excellent", "otar_id": "K01.20.10.VYN5GP", "name": "Pałacyk Myśliwski w Tarnowie Jeziernym", "description": "Na wzgórzu położonym nad Jeziorem Tarnowskim już w XIII wieku znajdował się gród kasztelański należący do książąt głogowskich. W kolejnym stuleciu wzniesiono tutaj zamek książęcy, który został zniszczony w 1381 roku. W XIX wieku na miejscu dawnej warowni powstała nowa rezydencja  pałac myśliwski.", "wikidata": "Q30136091", "wikidata_url": "https://www.wikidata.org/wiki/Q30136091", "wikipedia": "n/a", "wikipedia_url": "n/a", "published": "2026-08-14" }, "geometry": { "type": "Point", "coordinates": [ 15.992687134, 51.855615789 ] } },
{ "type": "Feature", "id": 101, "properties": { "wkt_wgs84": "POINT (16.893786985 50.614902567)", "x_wgs84": 16.893786984999998, "y_wgs84": 50.614902567000001, "country": "Polska", "province": "dolnośląskie", "district": "ząbkowicki", "municipality": "Ząbkowice Śląskie", "postcode": "57-200", "object_type": "K01.20.10", "object_type_name": "Pałace", "veracity_score": "good", "accessibility": "limited", "state": "good", "otar_id": "K01.20.10.W69M4G", "name": "Pałac w Sieroszowie", "description": "Pałac w Sieroszowie powstał na początku XVIII wieku jako letnia rezydencja opatów z Henrykowa. Wzniesiono go w latach 1703-1710 w stylu barokowym, prawdopodobnie według projektu M. Kirchbergera. Wcześniej w tym miejscu znajdował się średniowieczny zamek, który po zniszczeniu został zastąpiony pałacem. Po sekularyzacji zakonów majątek przeszedł w ręce prywatne, a następnie po II wojnie światowej został przejęty przez państwo i użytkowany przez PGR.", "wikidata": "Q19401162", "wikidata_url": "https://www.wikidata.org/wiki/Q19401162", "wikipedia": "pl:Pałac w Sieroszowie", "wikipedia_url": "https://pl.wikipedia.org/wiki/Pa%C5%82ac_w_Sieroszowie", "published": "2026-08-14" }, "geometry": { "type": "Point", "coordinates": [ 16.893786985, 50.614902567 ] } },
{ "type": "Feature", "id": 102, "properties": { "wkt_wgs84": "POINT (20.627708543 50.869024654)", "x_wgs84": 20.627708543000001, "y_wgs84": 50.869024654, "country": "Polska", "province": "świętokrzyskie", "district": "Kielce", "municipality": "Kielce", "postcode": "25-010", "object_type": "K01.20.10", "object_type_name": "Pałace", "veracity_score": "good", "accessibility": "full", "state": "excellent", "otar_id": "K01.20.10.WCQ7NJ", "name": "Pałac Biskupów Krakowskich w Kielcach", "description": "Pałac Biskupów Krakowskich w Kielcach wzniesiono w latach 1637–1644 jako barokową rezydencję biskupią o cechach reprezentacyjnych i obronnych. Czteroskrzydłowe założenie z dziedzińcem flankują narożne wieże, a fasadę zdobią loggie i kamieniarka. Pałac powstał w obrębie wcześniejszego zespołu biskupiego. Obecnie jest bardzo dobrze zachowany, mieści Muzeum Narodowe w Kielcach i jest udostępniony zwiedzającym.", "wikidata": "Q586771", "wikidata_url": "https://www.wikidata.org/wiki/Q586771", "wikipedia": "pl:Pałac Biskupów Krakowskich w Kielcach", "wikipedia_url": "https://pl.wikipedia.org/wiki/Pa%C5%82ac_Biskup%C3%B3w_Krakowskich_w_Kielcach", "published": "2026-08-14" }, "geometry": { "type": "Point", "coordinates": [ 20.627708543, 50.869024654 ] } },
{ "type": "Feature", "id": 103, "properties": { "wkt_wgs84": "POINT (18.711962621 50.403863987)", "x_wgs84": 18.711962621000001, "y_wgs84": 50.403863987000001, "country": "Polska", "province": "śląskie", "district": "tarnogórski", "municipality": "Zbrosławice", "postcode": "42-674", "object_type": "K01.20.10", "object_type_name": "Pałace", "veracity_score": "good", "accessibility": "partial", "state": "excellent", "otar_id": "K01.20.10.WMKRSP", "name": "Pałac w Kamieńcu", "description": "Pałac w Kamieńcu powstał na zrębach wcześniejszego renesansowego zamku z XVI w. Na początku XVIII w. został przebudowany w stylu barokowym jako dwukondygnacyjna rezydencja z dachem mansardowym. W latach 1872–1873 otrzymał formy neorenesansowe, a przebudowa z 1910 r. nadała mu obecny neobarokowy charakter. Bryłę wyróżniają ryzality, wysokie szczyty oraz narożne wieże zwieńczone dekoracyjnymi hełmami.", "wikidata": "Q11814962", "wikidata_url": "https://www.wikidata.org/wiki/Q11814962", "wikipedia": "pl:Pałac w Kamieńcu (województwo śląskie)", "wikipedia_url": "https://pl.wikipedia.org/wiki/Pa%C5%82ac_w_Kamie%C5%84cu_%28wojew%C3%B3dztwo_%C5%9Bl%C4%85skie%29", "published": "2026-08-14" }, "geometry": { "type": "Point", "coordinates": [ 18.711962621, 50.403863987 ] } },
{ "type": "Feature", "id": 104, "properties": { "wkt_wgs84": "POINT (16.79828187963105 51.007174743528836)", "x_wgs84": 16.798281879631048, "y_wgs84": 51.007174743528836, "country": "Polska", "province": "dolnośląskie", "district": "wrocławski", "municipality": "Kąty Wrocławskie", "postcode": "55-080", "object_type": "K01.20.10", "object_type_name": "Pałace", "veracity_score": "good", "accessibility": "limited", "state": "excellent", "otar_id": "K01.20.10.WPUNPF", "name": "Pałac w Krobielowicach", "description": "Pałac w Krobielowicach powstał z wcześniejszej siedziby obronnej, którą w kolejnych stuleciach rozbudowywano i przekształcano w rezydencję pałacową. Obecną formę uzyskał głównie w XVIII–XIX w., z reprezentacyjnym korpusem, skrzydłami i rozległym założeniem parkowym. W architekturze widoczne są elementy barokowe i klasycystyczne. Obecnie pałac jest odrestaurowany i pełni funkcje hotelowe oraz konferencyjne.", "wikidata": "Q5086737", "wikidata_url": "https://www.wikidata.org/wiki/Q5086737", "wikipedia": "pl:Pałac w Krobielowicach", "wikipedia_url": "https://pl.wikipedia.org/wiki/Pa%C5%82ac_w_Krobielowicach", "published": "2026-08-30" }, "geometry": { "type": "Point", "coordinates": [ 16.798281879631048, 51.007174743528836 ] } },
{ "type": "Feature", "id": 105, "properties": { "wkt_wgs84": "POINT (16.282176751 50.762111905)", "x_wgs84": 16.282176751000002, "y_wgs84": 50.762111904999998, "country": "Polska", "province": "dolnośląskie", "district": "Wałbrzych", "municipality": "Wałbrzych", "postcode": "58-300", "object_type": "K01.20.10", "object_type_name": "Pałace", "veracity_score": "good", "accessibility": "partial", "state": "excellent", "otar_id": "K01.20.10.X5196D", "name": "Pałac Czettritzów w Wałbrzychu", "description": "Renesansowa rezydencja, wzniesiona w latach 1606-1628 przez Dipranda von Czettritz na miejscu wcześniejszego zamku, rozbudowana w 1857 r. i przekształcona w siedzibę administracyjną książąt pszczyńskich. W latach 1882–1883 obiekt gruntownie przebudowano. Stanowi część rozległego zespołu obejmującego park, zabudowania folwarczne, budynek oficjalistów, dawną stajnię i wozownię oraz willę księżnej Daisy. Obecnie pełni funkcje edukacyjne.", "wikidata": "Q19366327", "wikidata_url": "https://www.wikidata.org/wiki/Q19366327", "wikipedia": "pl:Zamek Czettritzów w Wałbrzychu", "wikipedia_url": "https://pl.wikipedia.org/wiki/Zamek_Czettritz%C3%B3w_w_Wa%C5%82brzychu", "published": "2026-08-14" }, "geometry": { "type": "Point", "coordinates": [ 16.282176751, 50.762111905 ] } },
{ "type": "Feature", "id": 106, "properties": { "wkt_wgs84": "POINT (22.757847 51.356664)", "x_wgs84": 22.757847, "y_wgs84": 51.356664, "country": "Polska", "province": "lubelskie", "district": "łęczyński", "municipality": "Spiczyn", "postcode": "21-077", "object_type": "K01.20.10", "object_type_name": "Pałace", "veracity_score": "good", "accessibility": "full", "state": "poor", "otar_id": "K01.20.10.XJMGFW", "name": "Pałac Miączyńskich w Zawieprzycach", "description": "Ruiny pałacu w Zawieprzycach powstały na miejscu dawnego zamku, którego początki sięgają XVI wieku. Pierwotną rezydencję wzniósł Andrzej Zawieprzycki, a w XVII wieku przebudowano ją według projektu Tylmana z Gameren dla rodu Miączyńskich. Pałac został zniszczony podczas wojen XVII wieku, a po pożarze w 1983 roku popadł w całkowitą ruinę.", "wikidata": "Q30099831", "wikidata_url": "https://www.wikidata.org/wiki/Q30099831", "wikipedia": "n/a", "wikipedia_url": "n/a", "published": "2026-08-14" }, "geometry": { "type": "Point", "coordinates": [ 22.757847, 51.356664 ] } },
{ "type": "Feature", "id": 107, "properties": { "wkt_wgs84": "POINT (15.815200916 50.82408073)", "x_wgs84": 15.815200916, "y_wgs84": 50.82408073, "country": "Polska", "province": "dolnośląskie", "district": "karkonoski", "municipality": "Mysłakowice", "postcode": "58-533", "object_type": "K01.20.10", "object_type_name": "Pałace", "veracity_score": "good", "accessibility": "partial", "state": "good", "otar_id": "K01.20.10.XKFTTT", "name": "Pałac w Bukowcu", "description": "W drugiej połowie XVI wieku w Bukowcu powstał renesansowy dwór obronny otoczony fosą. Przez kolejne stulecia majątek wielokrotnie zmieniał właścicieli, a w XVIII wieku obiekt był stopniowo rozbudowywany. Największa przemiana nastąpiła pod koniec XVIII wieku, kiedy Friedrich Wilhelm von Reden przebudował dawną siedzibę w klasycystyczny pałac. W tym samym czasie założono rozległy park krajobrazowy w stylu angielskim, tworzący wraz z rezydencją romantyczny zespół pałacowo-parkowy.", "wikidata": "Q11814925", "wikidata_url": "https://www.wikidata.org/wiki/Q11814925", "wikipedia": "pl:Pałac w Bukowcu", "wikipedia_url": "https://pl.wikipedia.org/wiki/Pa%C5%82ac_w_Bukowcu", "published": "2026-08-14" }, "geometry": { "type": "Point", "coordinates": [ 15.815200916, 50.82408073 ] } },
{ "type": "Feature", "id": 108, "properties": { "wkt_wgs84": "POINT (16.61828434883123 51.719941278087795)", "x_wgs84": 16.618284348831232, "y_wgs84": 51.719941278087795, "country": "Polska", "province": "dolnośląskie", "district": "górowski", "municipality": "Góra", "postcode": "56-200", "object_type": "K01.20.10", "object_type_name": "Pałace", "veracity_score": "good", "accessibility": "limited", "state": "bad", "otar_id": "K01.20.10.XQ7RNW", "name": "Pałac w Czerninie", "description": "Pałac w Czerninie wzniesiono w XVIII w. jako opbronną rezydencję szlachecką, później przebudowywaną. Budowla ma prostokątny rzut, dwie kondygnacje i reprezentacyjny charakter, a jej otoczenie tworzy dawny zespół rezydencjonalny. W wyniku późniejszych przekształceń część pierwotnych cech stylowych uległa zatarciu. Obecnie pałac zachował się jako obiekt zabytkowy, lecz jego stan wymaga dalszej ochrony i prac konserwatorskich.", "wikidata": "Q9386620", "wikidata_url": "https://www.wikidata.org/wiki/Q9386620", "wikipedia": "pl:Pałac w Czernienie", "wikipedia_url": "https://pl.wikipedia.org/wiki/Pa%C5%82ac_w_Czernienie", "published": "2026-08-14" }, "geometry": { "type": "Point", "coordinates": [ 16.618284348831232, 51.719941278087795 ] } },
{ "type": "Feature", "id": 109, "properties": { "wkt_wgs84": "POINT (16.817346303 51.337166183)", "x_wgs84": 16.817346303000001, "y_wgs84": 51.337166183000001, "country": "Polska", "province": "dolnośląskie", "district": "trzebnicki", "municipality": "Oborniki Śląskie", "postcode": "55-120", "object_type": "K01.20.10", "object_type_name": "Pałace", "veracity_score": "good", "accessibility": "partial", "state": "excellent", "otar_id": "K01.20.10.XSGHEB", "name": "Pałac i klasztor salwatorianów w Bagnie", "description": "Pałac „Stary Zamek” z 1734 r., ob. klasztor salwatorianów powstał na początku XVIII wieku na miejscu średniowiecznej warowni księcia Konrada II z XIII wieku, zniszczonej podczas wojny trzydziestoletniej. Barokową rezydencję wzniósł hr. Henryk Leopold von Seher-Thos. W 1913 roku obiekt rozbudowano o neobarokowe skrzydło zwane Nowym Zamkiem. Od 1930 roku pałac należy do salwatorianów, a od 1953 mieści Wyższe Seminarium Duchowne i klasztor. Zespół otacza zabytkowy park z cennym drzewostanem.", "wikidata": "Q19401087", "wikidata_url": "https://www.wikidata.org/wiki/Q19401087", "wikipedia": "pl:Pałac i klasztor salwatorianów w Bagnie", "wikipedia_url": "https://pl.wikipedia.org/wiki/Pa%C5%82ac_i_klasztor_salwatorian%C3%B3w_w_Bagnie", "published": "2026-08-14" }, "geometry": { "type": "Point", "coordinates": [ 16.817346303, 51.337166183 ] } },
{ "type": "Feature", "id": 110, "properties": { "wkt_wgs84": "POINT (22.00409184 50.047469926)", "x_wgs84": 22.00409184, "y_wgs84": 50.047469925999998, "country": "Polska", "province": "podkarpackie", "district": "Rzeszów", "municipality": "Rzeszów", "postcode": "35-241", "object_type": "K01.20.10", "object_type_name": "Pałace", "veracity_score": "good", "accessibility": "partial", "state": "good", "otar_id": "K01.20.10.XZ5EYE", "name": "Pałac Jędrzejowiczów w Rzeszowie", "description": "Pałac Jędrzejowiczów w Rzeszowie powstał w latach 1879–1883 poprzez przebudowę starszego, XVIII-wiecznego dworu w Staromieściu według projektu Tadeusza Stryjeńskiego. Rezydencja ma trzy kondygnacje i formy historyzujące z elementami secesyjnymi. Wcześniej w tym miejscu funkcjonował dwór poprzedzony fortyfikacją z bramą. Obecnie pałac należy do województwa podkarpackiego i pozostaje użytkowany przez placówki medyczne.", "wikidata": "Q11814778", "wikidata_url": "https://www.wikidata.org/wiki/Q11814778", "wikipedia": "pl:Pałac Jędrzejowiczów w Rzeszowie", "wikipedia_url": "https://pl.wikipedia.org/wiki/Pa%C5%82ac_J%C4%99drzejowicz%C3%B3w_w_Rzeszowie", "published": "2026-08-14" }, "geometry": { "type": "Point", "coordinates": [ 22.00409184, 50.047469926 ] } },
{ "type": "Feature", "id": 111, "properties": { "wkt_wgs84": "POINT (17.790537 50.742033)", "x_wgs84": 17.790537, "y_wgs84": 50.742033, "country": "Polska", "province": "opolskie", "district": "opolski", "municipality": "Dąbrowa", "postcode": "49-120", "object_type": "K01.20.10", "object_type_name": "Pałace", "veracity_score": "good", "accessibility": "limited", "state": "excellent", "otar_id": "K01.20.10.YA6TQ3", "name": "Pałac w Naroku", "description": "Neogotycki pałac w stylu angielsko-bizantyjskim z 1865 r. (pierwsze wzmianki o rezydencji z XVIII w.), położony w Naroku, wpisany do rejestru zabytków. Pierwsza rezydencja wzniesiona w 2. połowie XVIII w. przez hrabinę Luisę Eleonorę von Bees z domu von Skerbrnsky; w 1783 r. właścicielem major gwardii królewskiej Gottlob Albrecht von Saurma z Sadowic.", "wikidata": "Q30227813", "wikidata_url": "https://www.wikidata.org/wiki/Q30227813", "wikipedia": "pl:Pałac w Naroku", "wikipedia_url": "https://pl.wikipedia.org/wiki/Pa%C5%82ac_w_Naroku", "published": "2026-08-14" }, "geometry": { "type": "Point", "coordinates": [ 17.790537, 50.742033 ] } },
{ "type": "Feature", "id": 112, "properties": { "wkt_wgs84": "POINT (16.524640259 50.949140759)", "x_wgs84": 16.524640259000002, "y_wgs84": 50.949140759000002, "country": "Polska", "province": "dolnośląskie", "district": "świdnicki", "municipality": "Żarów", "postcode": "58-130", "object_type": "K01.20.10", "object_type_name": "Pałace", "veracity_score": "good", "accessibility": "limited", "state": "good", "otar_id": "K01.20.10.YE8Q39", "name": "Pałac w Mrowinach", "description": "W Mrowinach pałac powstał w miejscu wcześniejszego średniowiecznego zamku nawodnego należącego do rycerza Tyzcho von Muschow. Pierwotna siedziba była wielokrotnie przebudowywana, między innymi w XVI wieku, a obecny wygląd rezydencja uzyskała w latach 1870-1871 podczas przebudowy w stylu neorenesansowym. Obecnie nieużytkowany pałac pozostaje własnością prywatną i stopniowo niszczeje. Budowlę otacza park krajobrazowy.", "wikidata": "Q19632312", "wikidata_url": "https://www.wikidata.org/wiki/Q19632312", "wikipedia": "pl:Pałac w Mrowinach", "wikipedia_url": "https://pl.wikipedia.org/wiki/Pa%C5%82ac_w_Mrowinach", "published": "2026-08-14" }, "geometry": { "type": "Point", "coordinates": [ 16.524640259, 50.949140759 ] } },
{ "type": "Feature", "id": 113, "properties": { "wkt_wgs84": "POINT (17.807455034 50.303066825)", "x_wgs84": 17.807455034, "y_wgs84": 50.303066825000002, "country": "Polska", "province": "opolskie", "district": "głubczycki", "municipality": "Głubczyce", "postcode": "48-118", "object_type": "K01.20.10", "object_type_name": "Pałace", "veracity_score": "good", "accessibility": "partial", "state": "excellent", "otar_id": "K01.20.10.YFPYH1", "name": "Pałac w Klisinie", "description": "Pałac w Klisinie powstał pod koniec XVI w. jako renesansowa rezydencja wzniesiona na miejscu starszego dworu obronnego. Po pożarze w 1758 r. odbudowano go w stylu barokowym. Jest to czteroskrzydłowa, murowana budowla z wewnętrznym dziedzińcem, zróżnicowana wysokościowo na dwie i trzy kondygnacje. Elewacje zdobią ryzality, pilastry, boniowanie i dekoracyjne naczółki. Pałac otacza XIX-wieczny park krajobrazowy.", "wikidata": "Q86685961", "wikidata_url": "https://www.wikidata.org/wiki/Q86685961", "wikipedia": "pl:Pałac w Klisinie", "wikipedia_url": "https://pl.wikipedia.org/wiki/Pa%C5%82ac_w_Klisinie", "published": "2026-08-14" }, "geometry": { "type": "Point", "coordinates": [ 17.807455034, 50.303066825 ] } },
{ "type": "Feature", "id": 114, "properties": { "wkt_wgs84": "POINT (21.586323270074075 51.70368724157654)", "x_wgs84": 21.586323270074075, "y_wgs84": 51.703687241576539, "country": "Polska", "province": "mazowieckie", "district": "garwoliński", "municipality": "Maciejowice", "postcode": "08-480", "object_type": "K01.20.10", "object_type_name": "Pałace", "veracity_score": "fair", "accessibility": "partial", "state": "good", "otar_id": "K01.20.10.YH6AVE", "name": "Pałac w Podzamczu", "description": "W 1557 roku Zygmunt August nadał Maciejowicom prawa magdeburskie, które umożliwiły między innymi wzniesienie zamku. Dawna warownia posiadała obronne mury oraz dwie baszty. W XVII wieku na jej miejscu powstała klasycystyczna rezydencja pałacowa. Podczas bitwy maciejowickiej w 1794 roku pałac został zniszczony, jednak na początku XIX wieku odbudowano go dla rodu Zamoyskich. W kolejnych latach obiekt był jeszcze kilkukrotnie przekształcany.", "wikidata": "Q30070135", "wikidata_url": "https://www.wikidata.org/wiki/Q30070135", "wikipedia": "n/a", "wikipedia_url": "n/a", "published": "2026-08-14" }, "geometry": { "type": "Point", "coordinates": [ 21.586323270074075, 51.703687241576539 ] } },
{ "type": "Feature", "id": 115, "properties": { "wkt_wgs84": "POINT (19.200797664 49.687531339)", "x_wgs84": 19.200797664, "y_wgs84": 49.687531339000003, "country": "Polska", "province": "śląskie", "district": "żywiecki", "municipality": "Żywiec", "postcode": "34-300", "object_type": "K01.20.10", "object_type_name": "Pałace", "veracity_score": "good", "accessibility": "partial", "state": "excellent", "otar_id": "K01.20.10.YZ976J", "name": "Pałac Habsburgów w Żywcu", "description": "Pałac Habsburgów w Żywcu, nazywany Nowym Zamkiem, powstał w latach 1871 - 1885 według projektu Karola Pietschki, z inicjatywy arcyksięcia Albrechta. Wzniesiono go w miejscu dawnych oficyn zamku Wielopolskich, z których do dziś zachował się jeden budynek. Rezydencja była kilkukrotnie rozbudowywana, zyskując nowe skrzydła oraz reprezentacyjne wnętrza. Klasycystyczny pałac przez lata pełnił funkcję siedziby rodu Habsburgów, a po II wojnie światowej mieściła się tu szkoła.", "wikidata": "Q11793951", "wikidata_url": "https://www.wikidata.org/wiki/Q11793951", "wikipedia": "pl:Pałac Habsburgów w Żywcu", "wikipedia_url": "https://pl.wikipedia.org/wiki/Pa%C5%82ac_Habsburg%C3%B3w_w_%C5%BBywcu", "published": "2026-08-14" }, "geometry": { "type": "Point", "coordinates": [ 19.200797664, 49.687531339 ] } },
{ "type": "Feature", "id": 116, "properties": { "wkt_wgs84": "POINT (18.236783268 50.011797138)", "x_wgs84": 18.236783268, "y_wgs84": 50.011797138, "country": "Polska", "province": "śląskie", "district": "raciborski", "municipality": "Krzyżanowice", "postcode": "47-451", "object_type": "K01.20.10", "object_type_name": "Pałace", "veracity_score": "good", "accessibility": "partial", "state": "fair", "otar_id": "K01.20.10.Z2CXKB", "name": "Pałac w Tworkowie", "description": "Pałac w Tworkowie wzniesiono w XVI w., prawdopodobnie na miejscu wcześniejszej gotyckiej warowni lub z wykorzystaniem jej reliktów. Powstał jako trójskrzydłowa rezydencja z dziedzińcem, rozbudowana w XIX w. w stylu neorenesansowym o wieże i arkady. Po pożarach w 1931 i 1945 r. popadł w ruinę. Obecnie zachowane są mury skrzydeł i wieże; ruiny zabezpieczono, a część obiektu udostępniono turystycznie.", "wikidata": "Q11815053", "wikidata_url": "https://www.wikidata.org/wiki/Q11815053", "wikipedia": "pl:Pałac w Tworkowie", "wikipedia_url": "https://pl.wikipedia.org/wiki/Pa%C5%82ac_w_Tworkowie", "published": "2026-08-14" }, "geometry": { "type": "Point", "coordinates": [ 18.236783268, 50.011797138 ] } },
{ "type": "Feature", "id": 117, "properties": { "wkt_wgs84": "POINT (20.489531428378044 50.892392124431716)", "x_wgs84": 20.489531428378044, "y_wgs84": 50.892392124431716, "country": "Polska", "province": "świętokrzyskie", "district": "kielecki", "municipality": "Piekoszów", "postcode": "26-065", "object_type": "K01.20.10", "object_type_name": "Pałace", "veracity_score": "good", "accessibility": "partial", "state": "good", "otar_id": "K01.20.10.ZS6KL1", "name": "Pałac Tarłów w Podzamczu Piekoszowskim", "description": "Pałac Tarłów w Podzamczu Piekoszowskim wzniesiono w latach 1649–1655 jako barokową rezydencję wzorowaną na Pałacu Biskupów Krakowskich w Kielcach. Kamienno-ceglany budynek miał cztery sześcioboczne baszty narożne, reprezentacyjną fasadę i bogaty detal kamieniarski. Około 1860 r. uległ poważnemu pożarowi. Obecnie zachowany jest jako pozbawiona dachu trwała ruina, ogólnie dostępna, lecz zaniedbana.", "wikidata": "Q11814870", "wikidata_url": "https://www.wikidata.org/wiki/Q11814870", "wikipedia": "pl:Pałac Tarłów w Podzamczu Piekoszowskim", "wikipedia_url": "https://pl.wikipedia.org/wiki/Pa%C5%82ac_Tar%C5%82%C3%B3w_w_Podzamczu_Piekoszowskim", "published": "2026-08-14" }, "geometry": { "type": "Point", "coordinates": [ 20.489531428378044, 50.892392124431716 ] } },
{ "type": "Feature", "id": 118, "properties": { "wkt_wgs84": "POINT (16.952862964 51.877901801)", "x_wgs84": 16.952862964000001, "y_wgs84": 51.877901801, "country": "Polska", "province": "wielkopolskie", "district": "gostyński", "municipality": "Gostyń", "postcode": "63-800", "object_type": "K01.20.10", "object_type_name": "Pałace", "veracity_score": "good", "accessibility": "limited", "state": "excellent", "otar_id": "K01.20.10.ZZWJE4", "name": "Pałac w Goli", "description": "Pałac w Goli wzniesiono pod koniec XVIII w. dla Jana Radolińskiego, a budowę ukończono w 1827 r. Klasycystyczną rezydencję otacza zabytkowy park z dwoma stawami. We wnętrzach zachował się historyzujący, m.in. myśliwski wystrój oraz stylowe meble. Posiadłość należała później do Potworowskich. Obecnie pałac jest zachowany; mieścił ośrodek konferencyjny, a w 2024 r. został wystawiony na sprzedaż.", "wikidata": "Q11814947", "wikidata_url": "https://www.wikidata.org/wiki/Q11814947", "wikipedia": "pl:Pałac w Goli", "wikipedia_url": "https://pl.wikipedia.org/wiki/Pa%C5%82ac_w_Goli", "published": "2026-08-14" }, "geometry": { "type": "Point", "coordinates": [ 16.952862964, 51.877901801 ] } },
{ "type": "Feature", "id": 119, "properties": { "wkt_wgs84": "POINT (15.535836757 52.250850487)", "x_wgs84": 15.535836757, "y_wgs84": 52.250850487000001, "country": "Polska", "province": "lubuskie", "district": "świebodziński", "municipality": "Świebodzin", "postcode": "66-200", "object_type": "K01.30.10", "object_type_name": "Zamki", "veracity_score": "good", "accessibility": "limited", "state": "good", "otar_id": "K01.30.10.116S4F", "name": "Zamek Joannitów w Świebodzinie", "description": "Zamek w Świebodzinie to historyczny obiekt o średniowiecznym rodowodzie, który na przestrzeni wieków uległ tak głębokim przekształceniom, że dziś jego dawny, obronny charakter pozostaje ukryty w murach współczesnego kompleksu medycznego. Początki murowanego zamku sięgają przełomu XIV i XV wieku. Został wzniesiony przez książąt głogowskich w celu zabezpieczenia strategicznego pogranicza śląsko-wielkopolskiego oraz ochrony ważnych szlaków handlowych.", "wikidata": "Q30135595", "wikidata_url": "https://www.wikidata.org/wiki/Q30135595", "wikipedia": "n/a", "wikipedia_url": "n/a", "published": "2026-08-14" }, "geometry": { "type": "Point", "coordinates": [ 15.535836757, 52.250850487 ] } },
{ "type": "Feature", "id": 120, "properties": { "wkt_wgs84": "POINT (20.059468083962 49.983877716024466)", "x_wgs84": 20.059468083961999, "y_wgs84": 49.983877716024466, "country": "Polska", "province": "małopolskie", "district": "wielicki", "municipality": "Wieliczka", "postcode": "32-020", "object_type": "K01.30.10", "object_type_name": "Zamki", "veracity_score": "good", "accessibility": "partial", "state": "excellent", "otar_id": "K01.30.10.15DRM4", "name": "Zamek Żupny", "description": "Zamek Żupny w Wieliczce powstał w XIII–XIV w. jako siedziba zarządu żup krakowskich i centrum administracyjne kopalni soli. Zespół obejmuje kilka budynków skupionych wokół dziedzińca, mury obronne oraz elementy gotyckie, renesansowe i barokowe, będące efektem kolejnych przebudów. Obecnie jest dobrze zachowany, mieści Muzeum Żup Krakowskich i znajduje się na Liście Światowego Dziedzictwa UNESCO.", "wikidata": "Q9386781", "wikidata_url": "https://www.wikidata.org/wiki/Q9386781", "wikipedia": "pl:Zamek Żupny", "wikipedia_url": "https://pl.wikipedia.org/wiki/Zamek_%C5%BBupny", "published": "2026-08-30" }, "geometry": { "type": "Point", "coordinates": [ 20.059468083961999, 49.983877716024466 ] } },
{ "type": "Feature", "id": 121, "properties": { "wkt_wgs84": "POINT (19.04946593 53.115399287)", "x_wgs84": 19.04946593, "y_wgs84": 53.115399287000002, "country": "Polska", "province": "kujawsko-pomorskie", "district": "golubsko-dobrzyński", "municipality": "Golub-Dobrzyń", "postcode": "87-400", "object_type": "K01.30.10", "object_type_name": "Zamki", "veracity_score": "good", "accessibility": "full", "state": "excellent", "otar_id": "K01.30.10.15E5J6", "name": "Zamek w Golubiu", "description": "Zamek w Golubiu wzniesiono na przełomie XIII i XIV w. jako gotycką warownię krzyżacką i siedzibę komtura. Założenie ma plan czworoboku z dziedzińcem, czterema skrzydłami mieszkalnymi i narożnymi wieżami. W XVII w. został przebudowany w rezydencję renesansową, m.in. dla Anny Wazówny. Obecnie jest dobrze zachowany, odrestaurowany i udostępniony turystycznie.", "wikidata": "Q2379846", "wikidata_url": "https://www.wikidata.org/wiki/Q2379846", "wikipedia": "pl:Zamek w Golubiu", "wikipedia_url": "https://pl.wikipedia.org/wiki/Zamek_w_Golubiu", "published": "2026-08-14" }, "geometry": { "type": "Point", "coordinates": [ 19.04946593, 53.115399287 ] } },
{ "type": "Feature", "id": 122, "properties": { "wkt_wgs84": "POINT (19.195217 53.759445)", "x_wgs84": 19.195217, "y_wgs84": 53.759445, "country": "Polska", "province": "pomorskie", "district": "kwidzyński", "municipality": "Prabuty", "postcode": "82-550", "object_type": "K01.30.10", "object_type_name": "Zamki", "veracity_score": "fair", "accessibility": "full", "state": "poor", "otar_id": "K01.30.10.15LD56", "name": "Zamek w Prabutach", "description": "Ruiny zamku biskupiego w Prabutach, wzniesionego w XIII wieku i rozbudowanego w XIV stuleciu, zachowały gotyckie piwnice ze sklepieniami krzyżowo-żebrowymi oraz fragmenty murów obronnych. ", "wikidata": "Q16619061", "wikidata_url": "https://www.wikidata.org/wiki/Q16619061", "wikipedia": "pl:Zamek w Prabutach", "wikipedia_url": "https://pl.wikipedia.org/wiki/Zamek_w_Prabutach", "published": "2026-08-14" }, "geometry": { "type": "Point", "coordinates": [ 19.195217, 53.759445 ] } },
{ "type": "Feature", "id": 123, "properties": { "wkt_wgs84": "POINT (22.000006768 50.032390462)", "x_wgs84": 22.000006768, "y_wgs84": 50.032390462000002, "country": "Polska", "province": "podkarpackie", "district": "Rzeszów", "municipality": "Rzeszów", "postcode": "35-032", "object_type": "K01.30.10", "object_type_name": "Zamki", "veracity_score": "good", "accessibility": "partial", "state": "excellent", "otar_id": "K01.30.10.15NA2Y", "name": "Zamek w Rzeszowie", "description": "Zamek w Rzeszowie to dawna rezydencja Lubomirskich wzniesiona na przełomie XVI i XVII wieku na miejscu wcześniejszego pałacu obronnego. W XVII i XVIII wieku otoczono go fortyfikacjami bastionowymi, a po zniszczeniach i przebudowach w 1906 roku uzyskał obecny wygląd. Dziś mieści Sąd Okręgowy.", "wikidata": "Q4179790", "wikidata_url": "https://www.wikidata.org/wiki/Q4179790", "wikipedia": "pl:Zamek w Rzeszowie", "wikipedia_url": "https://pl.wikipedia.org/wiki/Zamek_w_Rzeszowie", "published": "2026-08-14" }, "geometry": { "type": "Point", "coordinates": [ 22.000006768, 50.032390462 ] } },
{ "type": "Feature", "id": 124, "properties": { "wkt_wgs84": "POINT (20.474668734803362 53.7774420776549)", "x_wgs84": 20.474668734803362, "y_wgs84": 53.777442077654896, "country": "Polska", "province": "warmińsko-mazurskie", "district": "Olsztyn", "municipality": "Olsztyn", "postcode": "10-074", "object_type": "K01.30.10", "object_type_name": "Zamki", "veracity_score": "good", "accessibility": "full", "state": "excellent", "otar_id": "K01.30.10.1K13WL", "name": "Zamek Kapituły Warmińskiej", "description": "Zamek Kapituły Warmińskiej w Olsztynie wzniesiono w XIV w. jako gotycką siedzibę administratora dóbr kapituły warmińskiej. Założenie obejmuje dwa skrzydła mieszkalne, dziedziniec, mury obronne oraz wysoką cylindryczną wieżę. W XVI w. zamek rozbudowano, a w latach 1516–1521 administratorem był Mikołaj Kopernik. Obecnie obiekt jest dobrze zachowany i mieści Muzeum Warmii i Mazur.", "wikidata": "Q9386527", "wikidata_url": "https://www.wikidata.org/wiki/Q9386527", "wikipedia": "pl:Zamek Kapituły Warmińskiej w Olsztynie", "wikipedia_url": "https://pl.wikipedia.org/wiki/Zamek_Kapitu%C5%82y_Warmi%C5%84skiej_w_Olsztynie", "published": "2026-08-14" }, "geometry": { "type": "Point", "coordinates": [ 20.474668734803362, 53.777442077654896 ] } },
{ "type": "Feature", "id": 125, "properties": { "wkt_wgs84": "POINT (16.091245767286015 53.76499979617137)", "x_wgs84": 16.091245767286015, "y_wgs84": 53.764999796171367, "country": "Polska", "province": "zachodniopomorskie", "district": "świdwiński", "municipality": "Połczyn-Zdrój", "postcode": "78-320", "object_type": "K01.20.10", "object_type_name": "Pałace", "veracity_score": "good", "accessibility": "full", "state": "excellent", "otar_id": "K01.30.10.1PAKUA", "name": "Pałac w Połczynie-Zdroju", "description": "Pałac w Połczynie-Zdroju powstał w XVIII w. jako rezydencja szlachecka, przebudowywana następnie w XIX stuleciu. Budowla otrzymała reprezentacyjną formę pałacową z regularnym korpusem i dekoracyjnymi elewacjami, a całość otacza założenie parkowe. W kolejnych latach obiekt był adaptowany do nowych funkcji. Obecnie pałac jest zachowany i stanowi element zabytkowego zespołu rezydencjonalnego.", "wikidata": "Q16587070", "wikidata_url": "https://www.wikidata.org/wiki/Q16587070", "wikipedia": "pl:Pałac w Połczynie-Zdroju", "wikipedia_url": "https://pl.wikipedia.org/wiki/Pa%C5%82ac_w_Po%C5%82czynie-Zdroju", "published": "2026-08-30" }, "geometry": { "type": "Point", "coordinates": [ 16.091245767286015, 53.764999796171367 ] } },
{ "type": "Feature", "id": 126, "properties": { "wkt_wgs84": "POINT (21.436665327630276 49.584660132748496)", "x_wgs84": 21.436665327630276, "y_wgs84": 49.584660132748496, "country": "Polska", "province": "podkarpackie", "district": "jasielski", "municipality": "Osiek Jasielski", "postcode": "38-223", "object_type": "K01.30.10", "object_type_name": "Zamki", "veracity_score": "fair", "accessibility": "full", "state": "poor", "otar_id": "K01.30.10.1PEMZL", "name": "Zamek w Mrukowej", "description": "Ukryte na zalesionym, stromym zboczu góry Zamczysko (568 m n.p.m.) w pobliżu wsi Mrukowa relikty zamku to jeden z najbardziej tajemniczych i niedostępnych obiektów obronnych w Karpatach. Ta wysokogórska fortalicja, położona na terenie Magurskiego Parku Narodowego, strzegła dawnego przejścia granicznego w kierunku Węgier. Początki zamku sięgają XIV wieku, kiedy wzniesiono tu kamienną strażnicę.", "wikidata": "n/a", "wikidata_url": "n/a", "wikipedia": "n/a", "wikipedia_url": "n/a", "published": "2026-08-14" }, "geometry": { "type": "Point", "coordinates": [ 21.436665327630276, 49.584660132748496 ] } },
{ "type": "Feature", "id": 127, "properties": { "wkt_wgs84": "POINT (22.765527047 49.780236285)", "x_wgs84": 22.765527047, "y_wgs84": 49.780236285000001, "country": "Polska", "province": "podkarpackie", "district": "Przemyśl", "municipality": "Przemyśl", "postcode": "37-700", "object_type": "K01.30.10", "object_type_name": "Zamki", "veracity_score": "good", "accessibility": "full", "state": "excellent", "otar_id": "K01.30.10.1TSK5P", "name": "Zamek Kazimierzowski w Przemyślu", "description": "Zamek zbudowany w stylu gotyckim przez Kazimierza Wielkiego w XIV w., następnie przebudowany w stylu renesansowym. Zniszczony w czasie rozbiorów, odbudowany w XIX w. Obecnie siedziba wielu instytucji kulturalnych.", "wikidata": "Q7253424", "wikidata_url": "https://www.wikidata.org/wiki/Q7253424", "wikipedia": "pl:Zamek Kazimierzowski w Przemyślu", "wikipedia_url": "https://pl.wikipedia.org/wiki/Zamek_Kazimierzowski_w_Przemy%C5%9Blu", "published": "2026-08-14" }, "geometry": { "type": "Point", "coordinates": [ 22.765527047, 49.780236285 ] } },
{ "type": "Feature", "id": 128, "properties": { "wkt_wgs84": "POINT (16.006603 53.535564)", "x_wgs84": 16.006603, "y_wgs84": 53.535564, "country": "Polska", "province": "zachodniopomorskie", "district": "drawski", "municipality": "Złocieniec", "postcode": "78-520", "object_type": "K01.30.10", "object_type_name": "Zamki", "veracity_score": "good", "accessibility": "full", "state": "poor", "otar_id": "K01.30.10.21C3KG", "name": "Zamek w Złocieńcu", "description": "Zamek w Złocieńcu powstał na początku XIV w. jako niewielka warownia na planie ok. 36 × 36 m, otoczona fosą. Około 1600 r. przebudowano go w stylu renesansowym, a w XVII w. przekształcono w reprezentacyjny pałac. Kolejne modernizacje przeprowadzano w XVIII–XX w. Po 1945 r. opuszczony obiekt uległ dewastacji. Obecnie zachowały się jedynie gotyckie piwnice oraz park zamkowy z aleją wiązów.", "wikidata": "Q9386769", "wikidata_url": "https://www.wikidata.org/wiki/Q9386769", "wikipedia": "pl:Zamek w Złocieńcu", "wikipedia_url": "https://pl.wikipedia.org/wiki/Zamek_w_Z%C5%82ocie%C5%84cu", "published": "2026-08-14" }, "geometry": { "type": "Point", "coordinates": [ 16.006603, 53.535564 ] } },
{ "type": "Feature", "id": 129, "properties": { "wkt_wgs84": "POINT (16.500385226 50.579521567)", "x_wgs84": 16.500385226, "y_wgs84": 50.579521567, "country": "Polska", "province": "dolnośląskie", "district": "kłodzki", "municipality": "Nowa Ruda", "postcode": "57-400", "object_type": "K01.30.10", "object_type_name": "Zamki", "veracity_score": "fair", "accessibility": "partial", "state": "excellent", "otar_id": "K01.30.10.21V6QH", "name": "Zamek Stillfriedów w Nowej Rudzie", "description": "Zamek Stillfriedów w Nowej Rudzie to jedna z najważniejszych nizinnych rezydencji magnackich w hrabstwie kłodzkim. Choć współczesna bryła gmachu ma charakter wieloskrzydłowego, barokowo-klasycystycznego pałacu, jej początki sięgają XIV wieku, kiedy wzniesiono tu murowany, gotycki zamek obronny o założeniu wieżowym. Nowi właściciele rządzili stąd dobrami noworudzkimi przez blisko cztery stulecia.", "wikidata": "Q11838308", "wikidata_url": "https://www.wikidata.org/wiki/Q11838308", "wikipedia": "pl:Zamek Stillfriedów w Nowej Rudzie", "wikipedia_url": "https://pl.wikipedia.org/wiki/Zamek_Stillfried%C3%B3w_w_Nowej_Rudzie", "published": "2026-08-14" }, "geometry": { "type": "Point", "coordinates": [ 16.500385226, 50.579521567 ] } },
{ "type": "Feature", "id": 130, "properties": { "wkt_wgs84": "POINT (15.546536399 51.12224992)", "x_wgs84": 15.546536399000001, "y_wgs84": 51.12224992, "country": "Polska", "province": "dolnośląskie", "district": "lwówecki", "municipality": "Lwówek Śląski", "postcode": "59-600", "object_type": "K01.30.10", "object_type_name": "Zamki", "veracity_score": "good", "accessibility": "full", "state": "poor", "otar_id": "K01.30.10.24MPEQ", "name": "Zamek w Radłówce", "description": "Zamek w Radłówce to ruiny późnośredniowiecznej warowni nizinnej, wzniesionej prawdopodobnie w latach 60. XV wieku przez Nickela von Zedlitza lub na początku XVI wieku przez Siegmunda von Zedlitza. Obiekt już w 1500 roku został sprzedany radzie miasta Lwówka Śląskiego, co spowodowało utratę jego funkcji rezydencjonalnej. Warownia, uszkodzona podczas wojny trzydziestoletniej, została ostatecznie opuszczona w XVIII wieku. Założenie zbudowano z piaskowca na planie czworoboku.", "wikidata": "Q9386724", "wikidata_url": "https://www.wikidata.org/wiki/Q9386724", "wikipedia": "pl:Zamek w Radłówce", "wikipedia_url": "https://pl.wikipedia.org/wiki/Zamek_w_Rad%C5%82%C3%B3wce", "published": "2026-08-14" }, "geometry": { "type": "Point", "coordinates": [ 15.546536399, 51.12224992 ] } },
{ "type": "Feature", "id": 131, "properties": { "wkt_wgs84": "POINT (22.328606 49.426098)", "x_wgs84": 22.328606, "y_wgs84": 49.426098, "country": "Polska", "province": "podkarpackie", "district": "leski", "municipality": "Lesko", "postcode": "38-600", "object_type": "K01.30.10", "object_type_name": "Zamki", "veracity_score": "good", "accessibility": "partial", "state": "poor", "otar_id": "K01.30.10.26H1W7", "name": "Zamek Hoczew", "description": "Zamek w Hoczwi wzniesiono w połowie XV w. jako niewielką siedzibę rycerską rodu Balów, prawdopodobnie na miejscu wcześniejszego grodu. Miał plan czworoboku z wewnętrznym dziedzińcem, basztami, fosą i wałami. Po pożarze pod koniec XVI w. został odbudowany, lecz w XVIII w. stopniowo opuszczony. Obecnie zachował się kopiec z fragmentami kamiennych murów o wysokości do 2–3 m.", "wikidata": "n/a", "wikidata_url": "n/a", "wikipedia": "n/a", "wikipedia_url": "n/a", "published": "2026-08-14" }, "geometry": { "type": "Point", "coordinates": [ 22.328606, 49.426098 ] } },
{ "type": "Feature", "id": 132, "properties": { "wkt_wgs84": "POINT (18.969498 52.210766)", "x_wgs84": 18.969498, "y_wgs84": 52.210766, "country": "Polska", "province": "wielkopolskie", "district": "kolski", "municipality": "Kłodawa", "postcode": "62-650", "object_type": "K01.30.10", "object_type_name": "Zamki", "veracity_score": "good", "accessibility": "limited", "state": "poor", "otar_id": "K01.30.10.27928Q", "name": "Zamek w Rycerzewie", "description": "Pałac wzniesiono w połowie XIX w. w stylu neorenesansu toskańskiego. Rezydencję otacza park krajobrazowy o powierzchni około 7,2 ha. Na niewielkim kopcu w jego obrębie zachowały się ruiny starszego zameczku rycerskiego, pochodzącego prawdopodobnie z przełomu XIV i XV w., wykorzystywanego w okresie międzywojennym jako lodownia. Obecnie pałac i relikty zamku tworzą historyczny zespół rezydencjonalno-parkowy.", "wikidata": "n/a", "wikidata_url": "n/a", "wikipedia": "n/a", "wikipedia_url": "n/a", "published": "2026-08-14" }, "geometry": { "type": "Point", "coordinates": [ 18.969498, 52.210766 ] } },
{ "type": "Feature", "id": 133, "properties": { "wkt_wgs84": "POINT (18.938257 53.283474)", "x_wgs84": 18.938257, "y_wgs84": 53.283474, "country": "Polska", "province": "kujawsko-pomorskie", "district": "wąbrzeski", "municipality": "Wąbrzeźno", "postcode": "87-200", "object_type": "K01.30.10", "object_type_name": "Zamki", "veracity_score": "good", "accessibility": "full", "state": "poor", "otar_id": "K01.30.10.286NAV", "name": "Zamek biskupów chełmińskich w Wąbrzeźnie", "description": "Zamek w Wąbrzeźnie wzniesiono w XIV w. jako gotycką rezydencję biskupów chełmińskich. Założenie obejmowało murowany zamek główny na planie zbliżonym do czworoboku, dziedziniec, zabudowę mieszkalną, mury obronne oraz przedzamcze. Po zniszczeniach wojennych i utracie znaczenia był stopniowo rozbierany. Obecnie zachowały się jedynie relikty murów i fundamentów, tworzące trwałą ruinę.", "wikidata": "Q30908308", "wikidata_url": "https://www.wikidata.org/wiki/Q30908308", "wikipedia": "pl:Zamek w Wąbrzeźnie", "wikipedia_url": "https://pl.wikipedia.org/wiki/Zamek_w_W%C4%85brze%C5%BAnie", "published": "2026-08-14" }, "geometry": { "type": "Point", "coordinates": [ 18.938257, 53.283474 ] } },
{ "type": "Feature", "id": 134, "properties": { "wkt_wgs84": "POINT (20.69516157 49.773268115)", "x_wgs84": 20.69516157, "y_wgs84": 49.773268115, "country": "Polska", "province": "małopolskie", "district": "nowosądecki", "municipality": "Gródek nad Dunajcem", "postcode": "33-316", "object_type": "K01.30.10", "object_type_name": "Zamki", "veracity_score": "good", "accessibility": "full", "state": "fair", "otar_id": "K01.30.10.28X2ZQ", "name": "Zamek Dolny w Rożnowie", "description": "Zamek w Rożnowie obejmował gotycki zamek górny z XIV w. oraz późniejsze renesansowe fortyfikacje zamku dolnego. Średniowieczna warownia powstała na skalistym cyplu nad Dunajcem, na planie zbliżonym do prostokąta o wymiarach ok. 44 × 20 m. Wewnątrz znajdowały się dwa murowane, piętrowe budynki przylegające do murów obwodowych. W XVI–XVII w. zamek stopniowo popadał w ruinę; obecnie zachowały się fragmenty murów.", "wikidata": "Q9386729", "wikidata_url": "https://www.wikidata.org/wiki/Q9386729", "wikipedia": "pl:Zamek w Rożnowie", "wikipedia_url": "https://pl.wikipedia.org/wiki/Zamek_w_Ro%C5%BCnowie", "published": "2026-08-14" }, "geometry": { "type": "Point", "coordinates": [ 20.69516157, 49.773268115 ] } },
{ "type": "Feature", "id": 135, "properties": { "wkt_wgs84": "POINT (18.749546 53.495552)", "x_wgs84": 18.749546, "y_wgs84": 53.495552, "country": "Polska", "province": "kujawsko-pomorskie", "district": "Grudziądz", "municipality": "Grudziądz", "postcode": "86-300", "object_type": "K01.30.10", "object_type_name": "Zamki", "veracity_score": "good", "accessibility": "full", "state": "fair", "otar_id": "K01.30.10.2BFLE9", "name": "Zamek krzyżacki w Grudziądzu", "description": "Zamek krzyżacki w Grudziądzu wzniesiono w XIII–XIV w. jako gotycką siedzibę komturów. Założenie obejmowało zamek wysoki z dziedzińcem, skrzydłami mieszkalnymi, kaplicą, wieżą główną Klimek, murami obronnymi oraz przedzamczem. W XVII–XVIII w. obiekt podupadał i był stopniowo rozbierany. Obecnie zachowały się relikty murów, fundamenty zabudowy oraz zrekonstruowana wieża Klimek, udostępniona turystycznie.", "wikidata": "Q9386583", "wikidata_url": "https://www.wikidata.org/wiki/Q9386583", "wikipedia": "pl:Zamek krzyżacki w Grudziądzu", "wikipedia_url": "https://pl.wikipedia.org/wiki/Zamek_krzy%C5%BCacki_w_Grudzi%C4%85dzu", "published": "2026-08-14" }, "geometry": { "type": "Point", "coordinates": [ 18.749546, 53.495552 ] } },
{ "type": "Feature", "id": 136, "properties": { "wkt_wgs84": "POINT (16.757286 50.920113)", "x_wgs84": 16.757286, "y_wgs84": 50.920113, "country": "Polska", "province": "dolnośląskie", "district": "wrocławski", "municipality": "Sobótka", "postcode": "55-050", "object_type": "K01.30.10", "object_type_name": "Zamki", "veracity_score": "fair", "accessibility": "full", "state": "poor", "otar_id": "K01.30.10.2C2MG4", "name": "Zamek w Rogowie Sobóckim", "description": "Zamek w Rogowie Sobóckim powstał w XVI w. jako renesansowa rezydencja o cechach obronnych. W kolejnych stuleciach był przebudowywany i przekształcany w wygodniejszą siedzibę ziemiańską. Budowla zachowała zwartą bryłę, historyczny układ przestrzenny oraz elementy dawnej architektury rezydencjonalnej. Obecnie zamek pozostaje zachowany jako zabytek i stanowi część historycznego zespołu rezydencjonalnego.", "wikidata": "Q24945700", "wikidata_url": "https://www.wikidata.org/wiki/Q24945700", "wikipedia": "pl:Zamek w Rogowie Sobóckim", "wikipedia_url": "https://pl.wikipedia.org/wiki/Zamek_w_Rogowie_Sob%C3%B3ckim", "published": "2026-08-14" }, "geometry": { "type": "Point", "coordinates": [ 16.757286, 50.920113 ] } },
{ "type": "Feature", "id": 137, "properties": { "wkt_wgs84": "POINT (18.650932 53.266415)", "x_wgs84": 18.650932, "y_wgs84": 53.266415, "country": "Polska", "province": "kujawsko-pomorskie", "district": "chełmiński", "municipality": "Lisewo", "postcode": "86-230", "object_type": "K01.30.10", "object_type_name": "Zamki", "veracity_score": "good", "accessibility": "full", "state": "poor", "otar_id": "K01.30.10.2DDPXA", "name": "Zamek w Lipienku", "description": "Zamek w Lipienku wzniesiono w XIII–XIV w. jako gotycką warownię krzyżacką i siedzibę komtura. Założenie obejmowało zamek wysoki z dziedzińcem, skrzydłami mieszkalno-gospodarczymi, murami obronnymi i wieżami oraz rozległe przedzamcze. Po wojnach polsko-krzyżackich utracił znaczenie i stopniowo popadał w ruinę. Obecnie zachowały się jedynie relikty murów i fundamentów dawnego zamku.", "wikidata": "Q29974596", "wikidata_url": "https://www.wikidata.org/wiki/Q29974596", "wikipedia": "pl:Zamek w Lipienku", "wikipedia_url": "https://pl.wikipedia.org/wiki/Zamek_w_Lipienku", "published": "2026-08-14" }, "geometry": { "type": "Point", "coordinates": [ 18.650932, 53.266415 ] } },
{ "type": "Feature", "id": 138, "properties": { "wkt_wgs84": "POINT (17.75327617 54.543505629)", "x_wgs84": 17.75327617, "y_wgs84": 54.543505629000002, "country": "Polska", "province": "pomorskie", "district": "lęborski", "municipality": "Lębork", "postcode": "84-300", "object_type": "K01.30.10", "object_type_name": "Zamki", "veracity_score": "fair", "accessibility": "partial", "state": "excellent", "otar_id": "K01.30.10.2FV3R8", "name": "Zamek krzyżacki w Lęborku", "description": "Gotycki zamek krzyżacki z XIV wieku wzniesiono na planie zbliżonym do kwadratu. Zachowały się gotyckie szczyty, fragmenty murów i piwnic. Obecnie mieści sąd oraz prokuraturę", "wikidata": "Q16618864", "wikidata_url": "https://www.wikidata.org/wiki/Q16618864", "wikipedia": "pl:Zamek krzyżacki w Lęborku", "wikipedia_url": "https://pl.wikipedia.org/wiki/Zamek_krzy%C5%BCacki_w_L%C4%99borku", "published": "2026-08-14" }, "geometry": { "type": "Point", "coordinates": [ 17.75327617, 54.543505629 ] } },
{ "type": "Feature", "id": 139, "properties": { "wkt_wgs84": "POINT (16.112883311896816 50.938778575260564)", "x_wgs84": 16.112883311896816, "y_wgs84": 50.938778575260564, "country": "Polska", "province": "dolnośląskie", "district": "jaworski", "municipality": "Bolków", "postcode": "59-420", "object_type": "K01.30.10", "object_type_name": "Zamki", "veracity_score": "good", "accessibility": "full", "state": "fair", "otar_id": "K01.30.10.2G299M", "name": "Zamek Świny", "description": "Pierwsze wzmianki o tym zamku sięgają aż XII wieku jest to najstarszy prywatny zamek w całej Polsce. Zamek jest obecnie własnością prywatną i atrakcją turystyczną.", "wikidata": "Q1014744", "wikidata_url": "https://www.wikidata.org/wiki/Q1014744", "wikipedia": "pl:Zamek Świny", "wikipedia_url": "https://pl.wikipedia.org/wiki/Zamek_%C5%9Awiny", "published": "2026-08-14" }, "geometry": { "type": "Point", "coordinates": [ 16.112883311896816, 50.938778575260564 ] } },
{ "type": "Feature", "id": 140, "properties": { "wkt_wgs84": "POINT (20.429549134548953 53.359646003588104)", "x_wgs84": 20.429549134548953, "y_wgs84": 53.359646003588104, "country": "Polska", "province": "warmińsko-mazurskie", "district": "nidzicki", "municipality": "Nidzica", "postcode": "13-100", "object_type": "K01.30.10", "object_type_name": "Zamki", "veracity_score": "good", "accessibility": "full", "state": "excellent", "otar_id": "K01.30.10.2JGWYN", "name": "Zamek w Nidzicy", "description": "Krzyżacki zamek z XIV wieku. Rozbudowany w XVI wieku. Uległ częściowemu zniszczeniu w 1945, odbudowany w latach 60 XX wieku. Dziś mieści instytucje kultury, hotel, restaurację i muzeum.", "wikidata": "Q1563459", "wikidata_url": "https://www.wikidata.org/wiki/Q1563459", "wikipedia": "pl:Zamek w Nidzicy", "wikipedia_url": "https://pl.wikipedia.org/wiki/Zamek_w_Nidzicy", "published": "2026-08-14" }, "geometry": { "type": "Point", "coordinates": [ 20.429549134548953, 53.359646003588104 ] } },
{ "type": "Feature", "id": 141, "properties": { "wkt_wgs84": "POINT (19.768666277557312 50.445078585577335)", "x_wgs84": 19.768666277557312, "y_wgs84": 50.445078585577335, "country": "Polska", "province": "śląskie", "district": "zawierciański", "municipality": "Żarnowiec", "postcode": "42-439", "object_type": "K01.30.10", "object_type_name": "Zamki", "veracity_score": "fair", "accessibility": "full", "state": "poor", "otar_id": "K01.30.10.2KFGBD", "name": "Zamek Udórz", "description": "Zamek Udórz powstał prawdopodobnie na przełomie XIV i XV w. na wąskim cyplu nad potokiem Udorka, chronionym z trzech stron stromymi zboczami. Założenie miało formę nieregularnego pięcioboku z wałami i murem od strony wschodniej; brak śladów zabudowy wewnętrznej może wskazywać, że budowy nie ukończono. Obecnie zachowały się fragmenty dwóch murowanych ścian oraz wałów ziemnych, porośnięte lasem.", "wikidata": "Q9386566", "wikidata_url": "https://www.wikidata.org/wiki/Q9386566", "wikipedia": "pl:Zamek Udórz", "wikipedia_url": "https://pl.wikipedia.org/wiki/Zamek_Ud%C3%B3rz", "published": "2026-08-14" }, "geometry": { "type": "Point", "coordinates": [ 19.768666277557312, 50.445078585577335 ] } },
{ "type": "Feature", "id": 142, "properties": { "wkt_wgs84": "POINT (15.724141802 50.90913474)", "x_wgs84": 15.724141802, "y_wgs84": 50.90913474, "country": "Polska", "province": "dolnośląskie", "district": "Jelenia Góra", "municipality": "Jelenia Góra", "postcode": "58-500", "object_type": "K01.30.10", "object_type_name": "Zamki", "veracity_score": "good", "accessibility": "full", "state": "poor", "otar_id": "K01.30.10.2MRBY9", "name": "Zamek w Jeleniej Górze", "description": "Zamek lokowany był na tzw. Górze Bolesława Krzywoustego, obecnie zalesionym wzgórzu o wysokości 375 m n.p.m. Budowę zamku w miejscu wcześniejszego grodu rozpoczął w 1291 roku książę Bolko I. W XIV wieku przeszedł pod panowanie Czech, a w czasie wojen husyckich został zniszczony przez mieszczan. Do dziś zachowały się fragmenty kamiennych murów, umocnień ziemnych i ślady fosy.", "wikidata": "n/a", "wikidata_url": "n/a", "wikipedia": "n/a", "wikipedia_url": "n/a", "published": "2026-08-14" }, "geometry": { "type": "Point", "coordinates": [ 15.724141802, 50.90913474 ] } },
{ "type": "Feature", "id": 143, "properties": { "wkt_wgs84": "POINT (16.536938903 51.667572425)", "x_wgs84": 16.536938903, "y_wgs84": 51.667572425000003, "country": "Polska", "province": "dolnośląskie", "district": "górowski", "municipality": "Góra", "postcode": "56-200", "object_type": "K01.30.10", "object_type_name": "Zamki", "veracity_score": "good", "accessibility": "limited", "state": "fair", "otar_id": "K01.30.10.2N4BVY", "name": "Zamek w Górze", "description": "Pozostałości zamku z przełomu XIV i XV wieku. Ceglana budowla o czworokątnym kształcie\nz daleka łatwo rozpoznać go przez charakterystyczną wieżę. Wstęp na teren zamku jest zabroniony ze względów bezpieczeństwa.", "wikidata": "Q9386643", "wikidata_url": "https://www.wikidata.org/wiki/Q9386643", "wikipedia": "pl:Zamek w Górze", "wikipedia_url": "https://pl.wikipedia.org/wiki/Zamek_w_G%C3%B3rze", "published": "2026-08-14" }, "geometry": { "type": "Point", "coordinates": [ 16.536938903, 51.667572425 ] } },
{ "type": "Feature", "id": 144, "properties": { "wkt_wgs84": "POINT (22.23505 49.782032)", "x_wgs84": 22.23505, "y_wgs84": 49.782032, "country": "Polska", "province": "podkarpackie", "district": "rzeszowski", "municipality": "Dynów", "postcode": "36-065", "object_type": "K01.30.10", "object_type_name": "Zamki", "veracity_score": "good", "accessibility": "partial", "state": "poor", "otar_id": "K01.30.10.2N7QGC", "name": "Zamek w Dąbrówce Starzeńskiej", "description": "Zamek w Dąbrówce Starzeńskiej wzniesiono w XVI w. jako renesansową rezydencję obronną. Założenie miało plan czworoboku z dziedzińcem, skrzydłami mieszkalnymi oraz narożnymi basztami, a całość otaczały umocnienia i fosa. W kolejnych stuleciach zamek przebudowywano i powiększano. W czasie II wojny światowej został zniszczony. Obecnie zachował się w stanie ruiny, z fragmentami murów i baszt dawnego założenia.", "wikidata": "Q16618929", "wikidata_url": "https://www.wikidata.org/wiki/Q16618929", "wikipedia": "pl:Zamek w Dąbrówce Starzeńskiej", "wikipedia_url": "https://pl.wikipedia.org/wiki/Zamek_w_D%C4%85br%C3%B3wce_Starze%C5%84skiej", "published": "2026-08-14" }, "geometry": { "type": "Point", "coordinates": [ 22.23505, 49.782032 ] } },
{ "type": "Feature", "id": 145, "properties": { "wkt_wgs84": "POINT (16.293588191 50.734697731)", "x_wgs84": 16.293588191000001, "y_wgs84": 50.734697730999997, "country": "Polska", "province": "dolnośląskie", "district": "Wałbrzych", "municipality": "Wałbrzych", "postcode": "58-303", "object_type": "K01.30.10", "object_type_name": "Zamki", "veracity_score": "good", "accessibility": "full", "state": "poor", "otar_id": "K01.30.10.2PG7SV", "name": "Zamek Nowy Dwór w Wałbrzychu", "description": "Zabytkowe ruiny zamku z przełomu XIII i XIV wieku Po zamku zachowały się jedynie: gotycki portal dawnej bramy,  fundamenty budynków mieszkalnych, fragmenty murów obronnych i pozostałości po wieży.", "wikidata": "Q241225", "wikidata_url": "https://www.wikidata.org/wiki/Q241225", "wikipedia": "pl:Zamek Nowy Dwór w Wałbrzychu", "wikipedia_url": "https://pl.wikipedia.org/wiki/Zamek_Nowy_Dw%C3%B3r_w_Wa%C5%82brzychu", "published": "2026-08-14" }, "geometry": { "type": "Point", "coordinates": [ 16.293588191, 50.734697731 ] } },
{ "type": "Feature", "id": 146, "properties": { "wkt_wgs84": "POINT (18.538335719 53.003532815)", "x_wgs84": 18.538335719, "y_wgs84": 53.003532815, "country": "Polska", "province": "kujawsko-pomorskie", "district": "toruński", "municipality": "Wielka Nieszawka", "postcode": "87-103", "object_type": "K01.30.10", "object_type_name": "Zamki", "veracity_score": "good", "accessibility": "limited", "state": "poor", "otar_id": "K01.30.10.2PT9RT", "name": "Zamek w Małej Nieszawce", "description": "Zamek w Małej Nieszawce powstał w XIII w. jako krzyżacka warownia i siedziba komturstwa. Założenie obejmowało murowane zabudowania zamkowe otoczone umocnieniami. Po zmianach granicznych i utracie znaczenia militarnego zamek został rozebrany na mocy postanowień pokoju mełneńskiego z 1422 r. Obecnie zachowały się jedynie fundamenty i relikty piwnic dawnej warowni.", "wikidata": "Q30038534", "wikidata_url": "https://www.wikidata.org/wiki/Q30038534", "wikipedia": "pl:Zamek w Małej Nieszawce", "wikipedia_url": "https://pl.wikipedia.org/wiki/Zamek_w_Ma%C5%82ej_Nieszawce", "published": "2026-08-14" }, "geometry": { "type": "Point", "coordinates": [ 18.538335719, 53.003532815 ] } },
{ "type": "Feature", "id": 147, "properties": { "wkt_wgs84": "POINT (22.641435955 51.676519277)", "x_wgs84": 22.641435955, "y_wgs84": 51.676519276999997, "country": "Polska", "province": "lubelskie", "district": "radzyński", "municipality": "Czemierniki", "postcode": "21-306", "object_type": "K01.30.10", "object_type_name": "Zamki", "veracity_score": "fair", "accessibility": "limited", "state": "good", "otar_id": "K01.30.10.2RNET5", "name": "Zamek w Czemiernikach", "description": "Zamek bastionowy w Czemiernikach, wzniesiony w latach 1617-1624 dla Henryka Firleja jako renesansowe palazzo in fortezza, wielokrotnie przebudowywano. Zachowały się pałac, brama i fragmenty fortyfikacji.", "wikidata": "Q30103284", "wikidata_url": "https://www.wikidata.org/wiki/Q30103284", "wikipedia": "pl:Zamek w Czemiernikach", "wikipedia_url": "https://pl.wikipedia.org/wiki/Zamek_w_Czemiernikach", "published": "2026-08-14" }, "geometry": { "type": "Point", "coordinates": [ 22.641435955, 51.676519277 ] } },
{ "type": "Feature", "id": 148, "properties": { "wkt_wgs84": "POINT (20.289309947 51.375342575)", "x_wgs84": 20.289309947, "y_wgs84": 51.375342574999998, "country": "Polska", "province": "łódzkie", "district": "opoczyński", "municipality": "Opoczno", "postcode": "26-300", "object_type": "K01.30.10", "object_type_name": "Zamki", "veracity_score": "good", "accessibility": "full", "state": "excellent", "otar_id": "K01.30.10.2ZCC6C", "name": "Zamek Kazimierzowski w Opocznie", "description": "Zamek Kazimierzowski w Opocznie powstał około 1365 r. z fundacji Kazimierza Wielkiego jako królewska rezydencja połączona z murami miejskimi. Miał plan prostokąta z wieżą w narożniku. Po zniszczeniach w XVII w. stopniowo popadał w ruinę i został rozebrany. Obecny budynek wzniesiono po 1874 r. i przebudowano w 1927 r. w stylu renesansu polskiego. Dziś mieści Muzeum Regionalne.", "wikidata": "Q9386698", "wikidata_url": "https://www.wikidata.org/wiki/Q9386698", "wikipedia": "pl:Zamek Kazimierzowski w Opocznie", "wikipedia_url": "https://pl.wikipedia.org/wiki/Zamek_Kazimierzowski_w_Opocznie", "published": "2026-08-14" }, "geometry": { "type": "Point", "coordinates": [ 20.289309947, 51.375342575 ] } },
{ "type": "Feature", "id": 149, "properties": { "wkt_wgs84": "POINT (19.581185936 50.102662343)", "x_wgs84": 19.581185936000001, "y_wgs84": 50.102662343, "country": "Polska", "province": "małopolskie", "district": "krakowski", "municipality": "Krzeszowice", "postcode": "32-067", "object_type": "K01.30.10", "object_type_name": "Zamki", "veracity_score": "good", "accessibility": "full", "state": "fair", "otar_id": "K01.30.10.36RTRD", "name": "Zamek Tenczyn", "description": "Ruiny zamku we wsi Rudno w powiecie Krakowskim, wybudowanie zamku jest datowane na XIV wiek Zaliczany do tzw Orlich Gniazd Jury Krakowsko-Częstochowskiej. Obecnie zamek jest atrakcją turystyczną ze znakami w okolicy wskazującymi drogę do niego oraz płatnym parkingiem obok", "wikidata": "Q6380677", "wikidata_url": "https://www.wikidata.org/wiki/Q6380677", "wikipedia": "pl:Zamek Tenczyn", "wikipedia_url": "https://pl.wikipedia.org/wiki/Zamek_Tenczyn", "published": "2026-08-14" }, "geometry": { "type": "Point", "coordinates": [ 19.581185936, 50.102662343 ] } },
{ "type": "Feature", "id": 150, "properties": { "wkt_wgs84": "POINT (20.220467111 51.523637166)", "x_wgs84": 20.220467111000001, "y_wgs84": 51.523637166, "country": "Polska", "province": "łódzkie", "district": "tomaszowski", "municipality": "Inowłódz", "postcode": "97-215", "object_type": "K01.30.10", "object_type_name": "Zamki", "veracity_score": "good", "accessibility": "full", "state": "fair", "otar_id": "K01.30.10.36UHKX", "name": "Zamek w Inowłodzu", "description": "Zamek w Inowłodzu wzniesiono w XIV w. z inicjatywy Kazimierza Wielkiego jako gotycką warownię królewską strzegącą przeprawy przez Pilicę. Założenie obejmowało obwód murów, dziedziniec, budynek mieszkalny, wieżę oraz fosę. W kolejnych stuleciach zamek był przebudowywany, a po zniszczeniach popadł w ruinę. Obecnie jest częściowo zrekonstruowany, zabezpieczony i udostępniony turystycznie.", "wikidata": "Q9386645", "wikidata_url": "https://www.wikidata.org/wiki/Q9386645", "wikipedia": "pl:Zamek w Inowłodzu", "wikipedia_url": "https://pl.wikipedia.org/wiki/Zamek_w_Inow%C5%82odzu", "published": "2026-08-14" }, "geometry": { "type": "Point", "coordinates": [ 20.220467111, 51.523637166 ] } },
{ "type": "Feature", "id": 151, "properties": { "wkt_wgs84": "POINT (19.780886486971095 50.244167866996044)", "x_wgs84": 19.780886486971095, "y_wgs84": 50.244167866996044, "country": "Polska", "province": "małopolskie", "district": "krakowski", "municipality": "Sułoszowa", "postcode": "32-045", "object_type": "K01.30.10", "object_type_name": "Zamki", "veracity_score": "good", "accessibility": "full", "state": "excellent", "otar_id": "K01.30.10.38S1M1", "name": "Zamek Pieskowa Skała", "description": "Pierwsze wzmianki o nim pochodzą z 1315 r. po II wojnie światowej zamek został przekazany ministerstwu rolnictwa a w 1950 r. przejęło go Ministerstwo Kultury i Sztuki i zaczęło na nim gruntowne prace remontowe. Obecnie zamek jest otwarty do zwiedzania z wieloma wystawami stałymi jak i czasowymi", "wikidata": "Q1780430", "wikidata_url": "https://www.wikidata.org/wiki/Q1780430", "wikipedia": "pl:Zamek Pieskowa Skała", "wikipedia_url": "https://pl.wikipedia.org/wiki/Zamek_Pieskowa_Ska%C5%82a", "published": "2026-08-14" }, "geometry": { "type": "Point", "coordinates": [ 19.780886486971095, 50.244167866996044 ] } },
{ "type": "Feature", "id": 152, "properties": { "wkt_wgs84": "POINT (18.844575428 50.313507886)", "x_wgs84": 18.844575428, "y_wgs84": 50.313507885999996, "country": "Polska", "province": "śląskie", "district": "Ruda Śląska", "municipality": "Ruda Śląska", "postcode": "41-700", "object_type": "K01.30.10", "object_type_name": "Zamki", "veracity_score": "good", "accessibility": "full", "state": "poor", "otar_id": "K01.30.10.39D7WF", "name": "Zamek w Rudzie Śląskiej", "description": "Zamek w Rudzie Śląskiej wzniesiono prawdopodobnie pod koniec XIV w. jako siedzibę rodu Rudzkich. Zniszczony podczas wojny trzydziestoletniej, został odbudowany i przekształcony w niewielki pałac, a w XIX w. otrzymał formy neogotyckie. W 1945 r. spłonął i popadł w ruinę. Obecnie zachowały się jedynie fragmenty kamiennych murów o grubości dochodzącej do 3 m.", "wikidata": "Q9386730", "wikidata_url": "https://www.wikidata.org/wiki/Q9386730", "wikipedia": "pl:Zamek w Rudzie Śląskiej", "wikipedia_url": "https://pl.wikipedia.org/wiki/Zamek_w_Rudzie_%C5%9Al%C4%85skiej", "published": "2026-08-14" }, "geometry": { "type": "Point", "coordinates": [ 18.844575428, 50.313507886 ] } },
{ "type": "Feature", "id": 153, "properties": { "wkt_wgs84": "POINT (20.235993681 52.227794862)", "x_wgs84": 20.235993681, "y_wgs84": 52.227794862000003, "country": "Polska", "province": "mazowieckie", "district": "sochaczewski", "municipality": "Sochaczew", "postcode": "96-500", "object_type": "K01.30.10", "object_type_name": "Zamki", "veracity_score": "good", "accessibility": "full", "state": "poor", "otar_id": "K01.30.10.3E3DQ2", "name": "Zamek Książąt Mazowieckich w Sochaczewie", "description": "Zamek Książąt Mazowieckich w Sochaczewie wzniesiono w XIV w. jako gotycką warownię książęcą. Założenie obejmowało murowany obwód obronny, dziedziniec, zabudowę mieszkalną oraz wieżę, a jego położenie na wysokiej skarpie nad Bzurą wzmacniało walory obronne. W kolejnych stuleciach zamek przebudowywano i stopniowo tracił znaczenie. Obecnie zachował się w formie ruin, z fragmentami murów i reliktami dawnej zabudowy.", "wikidata": "Q97372538", "wikidata_url": "https://www.wikidata.org/wiki/Q97372538", "wikipedia": "pl:Zamek Książąt Mazowieckich w Sochaczewie", "wikipedia_url": "https://pl.wikipedia.org/wiki/Zamek_Ksi%C4%85%C5%BC%C4%85t_Mazowieckich_w_Sochaczewie", "published": "2026-08-14" }, "geometry": { "type": "Point", "coordinates": [ 20.235993681, 52.227794862 ] } },
{ "type": "Feature", "id": 154, "properties": { "wkt_wgs84": "POINT (19.960764135 53.703474805)", "x_wgs84": 19.960764135000002, "y_wgs84": 53.703474805, "country": "Polska", "province": "warmińsko-mazurskie", "district": "ostródzki", "municipality": "Ostróda", "postcode": "14-100", "object_type": "K01.30.10", "object_type_name": "Zamki", "veracity_score": "good", "accessibility": "full", "state": "excellent", "otar_id": "K01.30.10.3F2CFN", "name": "Zamek krzyżacki w Ostródzie", "description": "Zamek krzyżacki w Ostródzie wzniesiono w XIV w. jako gotycką siedzibę komtura i ważny punkt administracyjno-obronny zakonu. Miał regularny, czworoboczny układ z dziedzińcem, skrzydłami mieszkalnymi i gospodarczymi oraz murami obronnymi. W późniejszych stuleciach był wielokrotnie przebudowywany i niszczony. Obecnie jest odrestaurowany i pełni funkcje muzealne, kulturalne oraz turystyczne.", "wikidata": "Q9386582", "wikidata_url": "https://www.wikidata.org/wiki/Q9386582", "wikipedia": "pl:Zamek krzyżacki w Ostródzie", "wikipedia_url": "https://pl.wikipedia.org/wiki/Zamek_krzy%C5%BCacki_w_Ostr%C3%B3dzie", "published": "2026-08-14" }, "geometry": { "type": "Point", "coordinates": [ 19.960764135, 53.703474805 ] } },
{ "type": "Feature", "id": 155, "properties": { "wkt_wgs84": "POINT (18.300071341 50.509885421)", "x_wgs84": 18.300071341, "y_wgs84": 50.509885421, "country": "Polska", "province": "opolskie", "district": "strzelecki", "municipality": "Strzelce Opolskie", "postcode": "47-100", "object_type": "K01.30.10", "object_type_name": "Zamki", "veracity_score": "good", "accessibility": "partial", "state": "fair", "otar_id": "K01.30.10.3MMKHZ", "name": "Zamek w Strzelcach Opolskich", "description": "Zamek w Strzelcach Opolskich powstał w średniowieczu jako siedziba książąt opolskich, a w kolejnych stuleciach był wielokrotnie przebudowywany. W XVII–XVIII w. przekształcono go w barokową rezydencję pałacową z rozbudowanymi skrzydłami i dziedzińcem. W 1945 r. został spalony i odtąd pozostaje w ruinie. Obecnie zachowane są przede wszystkim mury obwodowe, fragmenty skrzydeł i elementy dawnego założenia pałacowo-zamkowego.", "wikidata": "Q510827", "wikidata_url": "https://www.wikidata.org/wiki/Q510827", "wikipedia": "pl:Zamek w Strzelcach Opolskich", "wikipedia_url": "https://pl.wikipedia.org/wiki/Zamek_w_Strzelcach_Opolskich", "published": "2026-08-14" }, "geometry": { "type": "Point", "coordinates": [ 18.300071341, 50.509885421 ] } },
{ "type": "Feature", "id": 156, "properties": { "wkt_wgs84": "POINT (19.601789 50.427589)", "x_wgs84": 19.601789, "y_wgs84": 50.427589, "country": "Polska", "province": "śląskie", "district": "zawierciański", "municipality": "Ogrodzieniec", "postcode": "42-440", "object_type": "K01.30.10", "object_type_name": "Zamki", "veracity_score": "good", "accessibility": "full", "state": "poor", "otar_id": "K01.30.10.3MNUWT", "name": "Strażnica Ryczów", "description": "Strażnica w Ryczowie to relikty miniaturowego zamku obronnego, wzniesionego w systemie tzw. Orlich Gniazd na Wyżynie Krakowsko-Częstochowskiej. Obiekt usytuowany jest na szczycie izolowanej, stromej i trudnodostępnej wapiennej ostańcy zwanej Wielkim Grochowcem (ok. 405 m n.p.m.). Ruiny są ogólnodostępne, a ze szczytu wzgórza roztacza się rozległa panorama na środkową część Jury oraz widoczny w oddali zamek Ogrodzieniec w Podzamczu.", "wikidata": "Q18434630", "wikidata_url": "https://www.wikidata.org/wiki/Q18434630", "wikipedia": "pl:Strażnica Ryczów", "wikipedia_url": "https://pl.wikipedia.org/wiki/Stra%C5%BCnica_Rycz%C3%B3w", "published": "2026-08-14" }, "geometry": { "type": "Point", "coordinates": [ 19.601789, 50.427589 ] } },
{ "type": "Feature", "id": 157, "properties": { "wkt_wgs84": "POINT (14.560013707 53.425815913)", "x_wgs84": 14.560013707, "y_wgs84": 53.425815913000001, "country": "Polska", "province": "zachodniopomorskie", "district": "Szczecin", "municipality": "Szczecin", "postcode": "70-543", "object_type": "K01.30.10", "object_type_name": "Zamki", "veracity_score": "good", "accessibility": "full", "state": "excellent", "otar_id": "K01.30.10.3N4WGK", "name": "Zamek Książąt Pomorskich w Szczecinie", "description": "Zamek Książąt Pomorskich w Szczecinie to renesansowa rezydencja Gryfitów, wzniesiona w połowie XIV wieku na miejscu starszego książęcego założenia. Obiekt rozbudowywano w XV i XVI wieku, a po zniszczeniach wojennych został odbudowany i dziś pełni funkcje kulturalne. Zamek ma pięcioskrzydłowy układ z dwoma dziedzińcami i wieżami: Dzwonów, Więzienną oraz Zegarową. Obecnie mieszczą się tu m.in. instytucje kultury, opera oraz przestrzenie wystawiennicze.", "wikidata": "Q442169", "wikidata_url": "https://www.wikidata.org/wiki/Q442169", "wikipedia": "pl:Zamek Książąt Pomorskich w Szczecinie", "wikipedia_url": "https://pl.wikipedia.org/wiki/Zamek_Ksi%C4%85%C5%BC%C4%85t_Pomorskich_w_Szczecinie", "published": "2026-08-14" }, "geometry": { "type": "Point", "coordinates": [ 14.560013707, 53.425815913 ] } },
{ "type": "Feature", "id": 158, "properties": { "wkt_wgs84": "POINT (16.919199073 52.407704206)", "x_wgs84": 16.919199073000001, "y_wgs84": 52.407704205999998, "country": "Polska", "province": "wielkopolskie", "district": "Poznań", "municipality": "Poznań", "postcode": "61-809", "object_type": "K01.30.10", "object_type_name": "Zamki", "veracity_score": "good", "accessibility": "full", "state": "excellent", "otar_id": "K01.30.10.3PJV56", "name": "Zamek Cesarski w Poznaniu", "description": "Zamek Cesarski w Poznaniu wzniesiono w latach 1905–1910 dla cesarza Wilhelma II według projektu Franza Schwechtena. Monumentalna neoromańska rezydencja powstała na planie nieregularnego wieloboku, z częścią mieszkalną, reprezentacyjną, wieżą i dziedzińcami. Obecnie mieści Centrum Kultury ZAMEK i jest użytkowana publicznie.``", "wikidata": "Q322605", "wikidata_url": "https://www.wikidata.org/wiki/Q322605", "wikipedia": "pl:Zamek Cesarski w Poznaniu", "wikipedia_url": "https://pl.wikipedia.org/wiki/Zamek_Cesarski_w_Poznaniu", "published": "2026-08-14" }, "geometry": { "type": "Point", "coordinates": [ 16.919199073, 52.407704206 ] } },
{ "type": "Feature", "id": 159, "properties": { "wkt_wgs84": "POINT (20.479305528 51.44952086)", "x_wgs84": 20.479305528000001, "y_wgs84": 51.44952086, "country": "Polska", "province": "łódzkie", "district": "opoczyński", "municipality": "Drzewica", "postcode": "26-340", "object_type": "K01.30.10", "object_type_name": "Zamki", "veracity_score": "good", "accessibility": "partial", "state": "good", "otar_id": "K01.30.10.3SNKJ9", "name": "Zamek w Drzewicy", "description": "Zamek w Drzewicy wzniesiono w latach 1527–1535 z inicjatywy arcybiskupa Macieja Drzewickiego jako późnogotycko-renesansową rezydencję obronną. Założenie ma plan prostokąta z czterema narożnymi wieżami, dziedzińcem i skrzydłami mieszkalnymi, otoczonymi fosą. Po pożarze w 1814 r. zamek opuszczono. Obecnie zachował się jako malownicza, dobrze czytelna ruina z murami i wieżami.", "wikidata": "Q9386627", "wikidata_url": "https://www.wikidata.org/wiki/Q9386627", "wikipedia": "pl:Zamek w Drzewicy", "wikipedia_url": "https://pl.wikipedia.org/wiki/Zamek_w_Drzewicy", "published": "2026-08-14" }, "geometry": { "type": "Point", "coordinates": [ 20.479305528, 51.44952086 ] } },
{ "type": "Feature", "id": 160, "properties": { "wkt_wgs84": "POINT (21.786564 49.742523)", "x_wgs84": 21.786564, "y_wgs84": 49.742523, "country": "Polska", "province": "podkarpackie", "district": "krośnieński", "municipality": "Korczyna", "postcode": "38-471", "object_type": "K01.30.10", "object_type_name": "Zamki", "veracity_score": "fair", "accessibility": "full", "state": "fair", "otar_id": "K01.30.10.3UZACE", "name": "Zamek Kamieniec w Odrzykoniu", "description": "Zamek rycerski wzniesiono w XIV wieku, a po rozbudowie przez podkanclerzego koronnego Klemensa z Pilawitów składał się z zamku górnego i podzamcza. W pierwszej połowie XV wieku przedzamcze przebudowano na zamek średni. W XVII wieku zamek średni należał do Firlejów, a zamek dolny do Skotnickich. Konflikty między rodami uwiecznił Aleksander Fredro w „Zemście”. Zamek zniszczyli Szwedzi i wojska Rakoczego; do dziś zachowały się fragmenty murów, portal oraz część obwarowań.", "wikidata": "Q9386522", "wikidata_url": "https://www.wikidata.org/wiki/Q9386522", "wikipedia": "pl:Zamek Kamieniec", "wikipedia_url": "https://pl.wikipedia.org/wiki/Zamek_Kamieniec", "published": "2026-08-14" }, "geometry": { "type": "Point", "coordinates": [ 21.786564, 49.742523 ] } },
{ "type": "Feature", "id": 161, "properties": { "wkt_wgs84": "POINT (14.623275499 53.031036784)", "x_wgs84": 14.623275499, "y_wgs84": 53.031036784000001, "country": "Polska", "province": "zachodniopomorskie", "district": "gryfiński", "municipality": "Banie", "postcode": "74-110", "object_type": "K01.30.10", "object_type_name": "Zamki", "veracity_score": "good", "accessibility": "partial", "state": "fair", "otar_id": "K01.30.10.42QTYC", "name": "Zamek w Swobnicy", "description": "Zamek w Swobnicy wzniesiono w drugiej połowie XIV w. jako gotycką warownię joannitów. Założenie miało czworoboczny plan z zabudową skupioną wokół dziedzińca oraz wysoką wieżą obronną. W XVII w. zamek przebudowano na barokową rezydencję, zachowując część średniowiecznych murów. Po 1945 r. obiekt stopniowo niszczał. Obecnie zachowany jest jako częściowo zabezpieczona ruina, z czytelną wieżą, murami i reliktami skrzydeł mieszkalnych.", "wikidata": "Q33254678", "wikidata_url": "https://www.wikidata.org/wiki/Q33254678", "wikipedia": "pl:Zamek w Swobnicy", "wikipedia_url": "https://pl.wikipedia.org/wiki/Zamek_w_Swobnicy", "published": "2026-08-14" }, "geometry": { "type": "Point", "coordinates": [ 14.623275499, 53.031036784 ] } },
{ "type": "Feature", "id": 162, "properties": { "wkt_wgs84": "POINT (15.43381855 51.336319889)", "x_wgs84": 15.43381855, "y_wgs84": 51.336319889000002, "country": "Polska", "province": "dolnośląskie", "district": "bolesławiecki", "municipality": "Osiecznica", "postcode": "59-724", "object_type": "K01.30.10", "object_type_name": "Zamki", "veracity_score": "good", "accessibility": "partial", "state": "excellent", "otar_id": "K01.30.10.45Q7ME", "name": "Zamek w Kliczkowie", "description": "Nad Kwisą pod koniec XIII wieku wzniesiono zamek rycerski z inicjatywy księcia świdnicko-jaworskiego Bolka I. W XIV wieku obiekt należał do księżnej Anny, żony cesarza Karola IV, a później przeszedł w ręce rodów rycerskich. W XVI wieku dawną warownię przebudowano, nadając jej charakter renesansowej rezydencji. Obecnie zamek jest odbudowywany. Zwiedzanie jest częściowo ograniczone, ponieważ w obiekcie działa hotel.", "wikidata": "Q1399252", "wikidata_url": "https://www.wikidata.org/wiki/Q1399252", "wikipedia": "pl:Zamek w Kliczkowie", "wikipedia_url": "https://pl.wikipedia.org/wiki/Zamek_w_Kliczkowie", "published": "2026-08-14" }, "geometry": { "type": "Point", "coordinates": [ 15.43381855, 51.336319889 ] } },
{ "type": "Feature", "id": 163, "properties": { "wkt_wgs84": "POINT (14.394572237 52.866550546)", "x_wgs84": 14.394572237, "y_wgs84": 52.866550546, "country": "Polska", "province": "zachodniopomorskie", "district": "gryfiński", "municipality": "Moryń", "postcode": "74-503", "object_type": "K01.30.10", "object_type_name": "Zamki", "veracity_score": "good", "accessibility": "full", "state": "poor", "otar_id": "K01.30.10.4842P7", "name": "Zamek w Moryniu", "description": "Zamek w Moryniu wzniesiono w XIV w. jako gotycką warownię margrabiów brandenburskich. Założenie obejmowało murowany obwód obronny, zabudowę mieszkalną, dziedziniec i wieżę, a jego układ wykorzystywał naturalne walory obronne terenu nad jeziorem Morzycko. Zamek utracił znaczenie i został rozebrany w późniejszych stuleciach. Obecnie zachowały się jedynie fragmenty murów i relikty fundamentów dawnej warowni.", "wikidata": "Q9386686", "wikidata_url": "https://www.wikidata.org/wiki/Q9386686", "wikipedia": "pl:Zamek w Moryniu", "wikipedia_url": "https://pl.wikipedia.org/wiki/Zamek_w_Moryniu", "published": "2026-08-14" }, "geometry": { "type": "Point", "coordinates": [ 14.394572237, 52.866550546 ] } },
{ "type": "Feature", "id": 164, "properties": { "wkt_wgs84": "POINT (16.090703658 51.667089913)", "x_wgs84": 16.090703658, "y_wgs84": 51.667089912999998, "country": "Polska", "province": "dolnośląskie", "district": "głogowski", "municipality": "Głogów", "postcode": "67-200", "object_type": "K01.30.10", "object_type_name": "Zamki", "veracity_score": "good", "accessibility": "full", "state": "excellent", "otar_id": "K01.30.10.49CJ37", "name": "Zamek Książąt Głogowskich", "description": "Zamek Książąt Głogowskich wzniesiono w XIII w. jako siedzibę książąt głogowskich. Początkowo miał charakter gotyckiej warowni z wieżą, zabudową mieszkalną i murami obronnymi. W XVII–XVIII w. został gruntownie przebudowany, zatracając część średniowiecznych cech. Po zniszczeniach II wojny światowej odbudowano go w latach 70. XX w. Obecnie mieści Muzeum Archeologiczno-Historyczne w Głogowie.", "wikidata": "Q9386534", "wikidata_url": "https://www.wikidata.org/wiki/Q9386534", "wikipedia": "pl:Zamek Książąt Głogowskich", "wikipedia_url": "https://pl.wikipedia.org/wiki/Zamek_Ksi%C4%85%C5%BC%C4%85t_G%C5%82ogowskich", "published": "2026-08-14" }, "geometry": { "type": "Point", "coordinates": [ 16.090703658, 51.667089913 ] } },
{ "type": "Feature", "id": 165, "properties": { "wkt_wgs84": "POINT (19.039336856 53.914979673)", "x_wgs84": 19.039336855999998, "y_wgs84": 53.914979672999998, "country": "Polska", "province": "pomorskie", "district": "sztumski", "municipality": "Sztum", "postcode": "82-400", "object_type": "K01.30.10", "object_type_name": "Zamki", "veracity_score": "good", "accessibility": "full", "state": "good", "otar_id": "K01.30.10.4D7M79", "name": "Zamek w Sztumie", "description": "Zamek w Sztumie wzniesiono w XIV w. przez zakon krzyżacki jako gotycką warownię i siedzibę administracyjną. Założenie obejmowało czworoboczny obwód murów, dziedziniec, skrzydła mieszkalne i gospodarcze oraz wieże, a całość otaczała fosa. W kolejnych stuleciach zamek przebudowywano i adaptowano do nowych funkcji. Obecnie jest zachowany i użytkowany jako obiekt muzealny oraz kulturalny.", "wikidata": "Q1095438", "wikidata_url": "https://www.wikidata.org/wiki/Q1095438", "wikipedia": "pl:Zamek w Sztumie", "wikipedia_url": "https://pl.wikipedia.org/wiki/Zamek_w_Sztumie", "published": "2026-08-14" }, "geometry": { "type": "Point", "coordinates": [ 19.039336856, 53.914979673 ] } },
{ "type": "Feature", "id": 166, "properties": { "wkt_wgs84": "POINT (19.493056649 50.613104682)", "x_wgs84": 19.493056649, "y_wgs84": 50.613104682, "country": "Polska", "province": "śląskie", "district": "myszkowski", "municipality": "Niegowa", "postcode": "42-320", "object_type": "K01.30.10", "object_type_name": "Zamki", "veracity_score": "good", "accessibility": "full", "state": "excellent", "otar_id": "K01.30.10.4JPZSM", "name": "Zamek w Bobolicach", "description": "Zamek warowny wchodzący w skład systemu Orlich Gniazd, wybudowany na wapiennej skale z polecenia króla Kazimierza III Wielkiego w latach 1350-1352. Na początku XV wieku przestał być własnością królewską, przez następne stulecia przechodził przez władanie wielu rodów szlacheckich i był wielokrotnie przebudowywany. W pobliżu znajduje się hotel oraz restauracja.", "wikidata": "Q3509540", "wikidata_url": "https://www.wikidata.org/wiki/Q3509540", "wikipedia": "pl:Zamek w Bobolicach", "wikipedia_url": "https://pl.wikipedia.org/wiki/Zamek_w_Bobolicach", "published": "2026-08-14" }, "geometry": { "type": "Point", "coordinates": [ 19.493056649, 50.613104682 ] } },
{ "type": "Feature", "id": 167, "properties": { "wkt_wgs84": "POINT (19.712602075 49.84805258)", "x_wgs84": 19.712602075, "y_wgs84": 49.84805258, "country": "Polska", "province": "małopolskie", "district": "wadowicki", "municipality": "Lanckorona", "postcode": "34-143", "object_type": "K01.30.10", "object_type_name": "Zamki", "veracity_score": "good", "accessibility": "full", "state": "fair", "otar_id": "K01.30.10.4PV36K", "name": "Zamek w Lanckoronie", "description": "Zamek w Lanckoronie wzniesiono po 1360 r. z fundacji Kazimierza Wielkiego jako warownię strzegącą granicy i ważnego traktu. Miał plan zbliżony do prostokąta, dwie narożne wieże, dziedziniec i część mieszkalną; później rozbudowano go o kolejne umocnienia, a w XVIII w. o bastiony. Po I rozbiorze został wysadzony i częściowo rozebrany. Obecnie zachowały się fundamenty wież oraz fragmenty murów.", "wikidata": "Q9386670", "wikidata_url": "https://www.wikidata.org/wiki/Q9386670", "wikipedia": "pl:Zamek w Lanckoronie", "wikipedia_url": "https://pl.wikipedia.org/wiki/Zamek_w_Lanckoronie", "published": "2026-08-14" }, "geometry": { "type": "Point", "coordinates": [ 19.712602075, 49.84805258 ] } },
{ "type": "Feature", "id": 168, "properties": { "wkt_wgs84": "POINT (19.495400368654312 53.858434151233425)", "x_wgs84": 19.495400368654312, "y_wgs84": 53.858434151233425, "country": "Polska", "province": "pomorskie", "district": "sztumski", "municipality": "Stary Dzierzgoń", "postcode": "82-450", "object_type": "K01.30.10", "object_type_name": "Zamki", "veracity_score": "good", "accessibility": "limited", "state": "fair", "otar_id": "K01.30.10.4TEJRS", "name": "Zamek w Przezmarku", "description": "Zamek w Przezmarku to krzyżacka warownia położona na półwyspie jeziora Mołtawa Wielka, której najbardziej rozpoznawalnym elementem jest zachowana sześciokondygnacyjna, 35-metrowa Wieża Jeniecka, pełniąca obecnie funkcję punktu widokowego.", "wikidata": "Q9386585", "wikidata_url": "https://www.wikidata.org/wiki/Q9386585", "wikipedia": "pl:Zamek krzyżacki w Przezmarku", "wikipedia_url": "https://pl.wikipedia.org/wiki/Zamek_krzy%C5%BCacki_w_Przezmarku", "published": "2026-08-14" }, "geometry": { "type": "Point", "coordinates": [ 19.495400368654312, 53.858434151233425 ] } },
{ "type": "Feature", "id": 169, "properties": { "wkt_wgs84": "POINT (18.142113225 50.334385178)", "x_wgs84": 18.142113225, "y_wgs84": 50.334385177999998, "country": "Polska", "province": "opolskie", "district": "kędzierzyńsko-kozielski", "municipality": "Kędzierzyn-Koźle", "postcode": "47-200", "object_type": "K01.30.10", "object_type_name": "Zamki", "veracity_score": "good", "accessibility": "full", "state": "good", "otar_id": "K01.30.10.4UFQEN", "name": "Zamek Piastów Kozielskich w Kędzierzynie-Koźlu", "description": "Zamek w Kędzierzynie-Koźlu powstał w XIII w. jako siedziba kasztelańska. Najstarszym elementem była późnoromańska, wolnostojąca wieża mieszkalna z cegły na kamiennym fundamencie. W XIV w. otoczono ją niemal kwadratowym murem obwodowym z bramą i czworoboczną basztą. W latach 1558–1562 zamek przebudowano w stylu renesansowym, wznosząc skrzydła południowe i zachodnie. Obecnie zachowane relikty są częścią zabytkowego zespołu zamkowego.", "wikidata": "Q86685278", "wikidata_url": "https://www.wikidata.org/wiki/Q86685278", "wikipedia": "pl:Zamek w Kędzierzynie-Koźlu", "wikipedia_url": "https://pl.wikipedia.org/wiki/Zamek_w_K%C4%99dzierzynie-Ko%C5%BAlu", "published": "2026-08-14" }, "geometry": { "type": "Point", "coordinates": [ 18.142113225, 50.334385178 ] } },
{ "type": "Feature", "id": 170, "properties": { "wkt_wgs84": "POINT (18.626288431008327 49.75121927487278)", "x_wgs84": 18.626288431008327, "y_wgs84": 49.751219274872781, "country": "Polska", "province": "śląskie", "district": "cieszyński", "municipality": "Cieszyn", "postcode": "43-400", "object_type": "K01.30.10", "object_type_name": "Zamki", "veracity_score": "good", "accessibility": "full", "state": "fair", "otar_id": "K01.30.10.4WVFHN", "name": "Zamek w Cieszynie", "description": "Ruiny zamku w Cieszynie to pozostałości jednej z najważniejszych średniowiecznych warowni na Śląsku Cieszyńskim, której początki sięgają XIXII wieku. Zamek był siedzibą książąt piastowskich i przez stulecia pełnił funkcje obronne oraz rezydencjonalne. Po zniszczeniach podczas wojny trzydziestoletniej stopniowo popadł w ruinę. Do dziś zachowały się jego najcenniejsze elementy  romańska Rotunda św. Mikołaja z XII wieku, gotycka Wieża Piastowska oraz fragmenty murów obronnych.", "wikidata": "Q9386617", "wikidata_url": "https://www.wikidata.org/wiki/Q9386617", "wikipedia": "pl:Zamek w Cieszynie", "wikipedia_url": "https://pl.wikipedia.org/wiki/Zamek_w_Cieszynie", "published": "2026-08-14" }, "geometry": { "type": "Point", "coordinates": [ 18.626288431008327, 49.751219274872781 ] } },
{ "type": "Feature", "id": 171, "properties": { "wkt_wgs84": "POINT (15.723313143 50.835366834)", "x_wgs84": 15.723313143, "y_wgs84": 50.835366833999998, "country": "Polska", "province": "dolnośląskie", "district": "karkonoski", "municipality": "Podgórzyn", "postcode": "58-564", "object_type": "K01.30.10", "object_type_name": "Zamki", "veracity_score": "fair", "accessibility": "full", "state": "good", "otar_id": "K01.30.10.4XF9Y7", "name": "Zamek Henryka w Staniszowie", "description": "Wznoszący się na skraju Kotliny Jeleniogórskiej zamek w Marczycach  częściej określany w literaturze jako pałac w Marczycach  to zabytkowa rezydencja o bogatej, wielofazowej historii. Obecnie zamek w Marczycach znajduje się w rękach prywatnych, a nowy właściciel podjął się etapowych prac remontowo-konserwatorskich, mających na celu przywrócenie obiektowi dawnego blasku.", "wikidata": "Q9386677", "wikidata_url": "https://www.wikidata.org/wiki/Q9386677", "wikipedia": "pl:Zamek Henryka", "wikipedia_url": "https://pl.wikipedia.org/wiki/Zamek_Henryka", "published": "2026-08-14" }, "geometry": { "type": "Point", "coordinates": [ 15.723313143, 50.835366834 ] } },
{ "type": "Feature", "id": 172, "properties": { "wkt_wgs84": "POINT (18.772239464 50.223796688)", "x_wgs84": 18.772239463999998, "y_wgs84": 50.223796688, "country": "Polska", "province": "śląskie", "district": "gliwicki", "municipality": "Gierałtowice", "postcode": "44-177", "object_type": "K01.30.10", "object_type_name": "Zamki", "veracity_score": "good", "accessibility": "full", "state": "fair", "otar_id": "K01.30.10.5388JQ", "name": "Zamek w Chudowie", "description": "Zamek w Chudowie to nizinna warownia rezydencjonalna, wzniesiona w latach 30. XVI wieku przez szlachcica Jana Gierałtowskiego. Obiekt powstał w miejscu wcześniejszego, drewnianego gródka obronnego i stanowi jeden z ciekawszych przykładów renesansowej architektury obronno-pałacowej w regionie. Założenie architektoniczne wzniesiono z kamienia i cegły na planie prostokąta, z wewnętrznym, kameralnym dziedzińcem z krużgankami oraz studnią.", "wikidata": "Q9386616", "wikidata_url": "https://www.wikidata.org/wiki/Q9386616", "wikipedia": "pl:Zamek w Chudowie", "wikipedia_url": "https://pl.wikipedia.org/wiki/Zamek_w_Chudowie", "published": "2026-08-14" }, "geometry": { "type": "Point", "coordinates": [ 18.772239464, 50.223796688 ] } },
{ "type": "Feature", "id": 173, "properties": { "wkt_wgs84": "POINT (18.514897 50.456311)", "x_wgs84": 18.514897, "y_wgs84": 50.456311, "country": "Polska", "province": "śląskie", "district": "gliwicki", "municipality": "Toszek", "postcode": "44-180", "object_type": "K01.30.10", "object_type_name": "Zamki", "veracity_score": "good", "accessibility": "full", "state": "fair", "otar_id": "K01.30.10.54TG1M", "name": "Zamek w Toszku", "description": "Zamek w Toszku wzniesiono na początku XV w. jako murowaną warownię, później wielokrotnie przebudowywaną. Pod koniec XVI w. otrzymał formy renesansowe, a w latach 1650–1666 rozbudowano go o nowy budynek pałacowy, baszty, loggie i arkadowe galerie. Po pożarze w 1811 r. popadł w ruinę. W latach 1957–1963 został częściowo odbudowany. Obecnie mieści Centrum Kultury „Zamek w Toszku”.", "wikidata": "Q1014260", "wikidata_url": "https://www.wikidata.org/wiki/Q1014260", "wikipedia": "pl:Zamek w Toszku", "wikipedia_url": "https://pl.wikipedia.org/wiki/Zamek_w_Toszku", "published": "2026-08-14" }, "geometry": { "type": "Point", "coordinates": [ 18.514897, 50.456311 ] } },
{ "type": "Feature", "id": 174, "properties": { "wkt_wgs84": "POINT (16.693677311 53.706543578)", "x_wgs84": 16.693677310999998, "y_wgs84": 53.706543578000002, "country": "Polska", "province": "zachodniopomorskie", "district": "szczecinecki", "municipality": "Szczecinek", "postcode": "78-400", "object_type": "K01.30.10", "object_type_name": "Zamki", "veracity_score": "fair", "accessibility": "partial", "state": "excellent", "otar_id": "K01.30.10.5CZ9YE", "name": "Zamek Książąt Pomorskich w Szczecinku", "description": "Zamek Książąt Pomorskich w Szczecinku wzniesiono w XIV w. jako siedzibę książąt pomorskich, usytuowaną nad jeziorem Trzesiecko. Początkowo miał charakter gotyckiej warowni, później był wielokrotnie przebudowywany i rozbudowywany, tracąc część cech obronnych na rzecz funkcji rezydencjonalnych. Obecnie zachowany zespół zamkowy jest odrestaurowany i pełni funkcje kulturalne, konferencyjne oraz użytkowe.", "wikidata": "Q9386539", "wikidata_url": "https://www.wikidata.org/wiki/Q9386539", "wikipedia": "pl:Zamek Książąt Pomorskich w Szczecinku", "wikipedia_url": "https://pl.wikipedia.org/wiki/Zamek_Ksi%C4%85%C5%BC%C4%85t_Pomorskich_w_Szczecinku", "published": "2026-08-14" }, "geometry": { "type": "Point", "coordinates": [ 16.693677311, 53.706543578 ] } },
{ "type": "Feature", "id": 175, "properties": { "wkt_wgs84": "POINT (20.989866421 53.566596426)", "x_wgs84": 20.989866421, "y_wgs84": 53.566596425999997, "country": "Polska", "province": "warmińsko-mazurskie", "district": "szczycieński", "municipality": "Szczytno", "postcode": "12-100", "object_type": "K01.30.10", "object_type_name": "Zamki", "veracity_score": "good", "accessibility": "full", "state": "fair", "otar_id": "K01.30.10.5DL8PU", "name": "Zamek w Szczytnie", "description": "Zamek w Szczytnie powstał w latach 1370–1380 jako murowana warownia krzyżacka na planie zbliżonym do kwadratu, z dziedzińcem, studnią, przedzamczem, murami i fosą. Po sekularyzacji zakonu pełnił funkcję siedziby starosty książęcego. Od XVII w. stopniowo popadał w ruinę i był częściowo rozbierany. Obecnie zachowały się fragmenty zabudowy, fosa i tzw. Wieża Juranda; ruiny są poddawane rewitalizacji.", "wikidata": "Q9386747", "wikidata_url": "https://www.wikidata.org/wiki/Q9386747", "wikipedia": "pl:Zamek w Szczytnie", "wikipedia_url": "https://pl.wikipedia.org/wiki/Zamek_w_Szczytnie", "published": "2026-08-14" }, "geometry": { "type": "Point", "coordinates": [ 20.989866421, 53.566596426 ] } },
{ "type": "Feature", "id": 176, "properties": { "wkt_wgs84": "POINT (16.410566959 50.749399098)", "x_wgs84": 16.410566959000001, "y_wgs84": 50.749399097999998, "country": "Polska", "province": "dolnośląskie", "district": "wałbrzyski", "municipality": "Walim", "postcode": "58-321", "object_type": "K01.30.10", "object_type_name": "Zamki", "veracity_score": "good", "accessibility": "full", "state": "fair", "otar_id": "K01.30.10.5FVSNP", "name": "Zamek Grodno", "description": "Zamek Grodno w Zagórzu Śląskim wzniesiono w XIII w. jako warownię książęcą, później wielokrotnie rozbudowywaną. Założenie obejmuje zamek górny i dolny, dziedzińce, mury obronne, bramy, wieżę i zabudowę mieszkalną, dostosowane do skalistego wzgórza. W XVI w. otrzymał formy renesansowe. Po okresie częściowego upadku został zabezpieczony i odrestaurowany. Obecnie jest dobrze zachowany i udostępniony turystycznie.", "wikidata": "Q951156", "wikidata_url": "https://www.wikidata.org/wiki/Q951156", "wikipedia": "pl:Zamek Grodno", "wikipedia_url": "https://pl.wikipedia.org/wiki/Zamek_Grodno", "published": "2026-08-14" }, "geometry": { "type": "Point", "coordinates": [ 16.410566959, 50.749399098 ] } },
{ "type": "Feature", "id": 177, "properties": { "wkt_wgs84": "POINT (16.649268 51.335297)", "x_wgs84": 16.649268, "y_wgs84": 51.335297, "country": "Polska", "province": "dolnośląskie", "district": "wołowski", "municipality": "Wołów", "postcode": "56-100", "object_type": "K01.30.10", "object_type_name": "Zamki", "veracity_score": "good", "accessibility": "partial", "state": "excellent", "otar_id": "K01.30.10.5NLKQW", "name": "Zamek w Wołowie", "description": "Zamek w Wołowie powstał prawdopodobnie na początku XIV w. jako rezydencja książęca. W XVI–XVII w. został przebudowany, a po pożarze odbudowany w latach 1714–1725. Jest murowaną, trzykondygnacyjną budowlą na planie czworoboku, z dwoma traktami pomieszczeń, ośmioboczną wieżą i dachem czterospadowym. Obecnie jest dobrze zachowany i mieści siedzibę Starostwa Powiatowego w Wołowie.", "wikidata": "Q9386761", "wikidata_url": "https://www.wikidata.org/wiki/Q9386761", "wikipedia": "pl:Zamek w Wołowie", "wikipedia_url": "https://pl.wikipedia.org/wiki/Zamek_w_Wo%C5%82owie", "published": "2026-08-14" }, "geometry": { "type": "Point", "coordinates": [ 16.649268, 51.335297 ] } },
{ "type": "Feature", "id": 178, "properties": { "wkt_wgs84": "POINT (19.273837864 50.749369795)", "x_wgs84": 19.273837864000001, "y_wgs84": 50.749369795, "country": "Polska", "province": "śląskie", "district": "częstochowski", "municipality": "Olsztyn", "postcode": "42-256", "object_type": "K01.30.10", "object_type_name": "Zamki", "veracity_score": "good", "accessibility": "full", "state": "fair", "otar_id": "K01.30.10.5PMQ3E", "name": "Zamek w Olsztynie", "description": "Zamek w Olsztynie wzniesiono w XIV w. jako królewską warownię strzegącą pogranicza i szlaku w rejonie Jury Krakowsko-Częstochowskiej. Założenie obejmowało zamek górny i dolny, mury obronne, zabudowę mieszkalną oraz charakterystyczne wieże, w tym cylindryczną i późniejszą czworoboczną. Po zniszczeniach XVII w. popadł w ruinę. Obecnie zachowane mury i wieże tworzą rozległą, zabezpieczoną ruinę udostępnioną turystycznie.", "wikidata": "Q9386695", "wikidata_url": "https://www.wikidata.org/wiki/Q9386695", "wikipedia": "pl:Zamek w Olsztynie (województwo śląskie)", "wikipedia_url": "https://pl.wikipedia.org/wiki/Zamek_w_Olsztynie_%28wojew%C3%B3dztwo_%C5%9Bl%C4%85skie%29", "published": "2026-08-14" }, "geometry": { "type": "Point", "coordinates": [ 19.273837864, 50.749369795 ] } },
{ "type": "Feature", "id": 179, "properties": { "wkt_wgs84": "POINT (19.34474 53.924118)", "x_wgs84": 19.34474, "y_wgs84": 53.924118, "country": "Polska", "province": "pomorskie", "district": "sztumski", "municipality": "Dzierzgoń", "postcode": "82-440", "object_type": "K01.30.10", "object_type_name": "Zamki", "veracity_score": "good", "accessibility": "partial", "state": "poor", "otar_id": "K01.30.10.5UANBZ", "name": "Zamek w Dzierzgoniu", "description": "Zamek w Dzierzgoniu to dawna warownia krzyżacka, której budowę rozpoczęto w 1248 roku na miejscu zdobytego pruskiego grodu. Obiekt odegrał istotną rolę dyplomatyczną  to tutaj w 1249 roku podpisano tzw. ugodę dzierzgońską. Od 1309 roku zamek zyskał wyjątkowy status jako rezydencja Wielkiego Szatnego, jednego z pięciu najważniejszych dygnitarzy Zakonu Krzyżackiego, który odpowiadał m.in. za ubiór rycerzy i zasiadał w radzie wielkiego mistrza. Budowla pełniła również funkcję siedziby komtura.", "wikidata": "Q9386629", "wikidata_url": "https://www.wikidata.org/wiki/Q9386629", "wikipedia": "pl:Zamek w Dzierzgoniu", "wikipedia_url": "https://pl.wikipedia.org/wiki/Zamek_w_Dzierzgoniu", "published": "2026-08-14" }, "geometry": { "type": "Point", "coordinates": [ 19.34474, 53.924118 ] } },
{ "type": "Feature", "id": 180, "properties": { "wkt_wgs84": "POINT (18.540286 50.092952)", "x_wgs84": 18.540286, "y_wgs84": 50.092952, "country": "Polska", "province": "śląskie", "district": "Rybnik", "municipality": "Rybnik", "postcode": "44-201", "object_type": "K01.30.10", "object_type_name": "Zamki", "veracity_score": "good", "accessibility": "partial", "state": "excellent", "otar_id": "K01.30.10.5V8J24", "name": "Zamek w Rybniku", "description": "Zamek w Rybniku powstał w średniowieczu jako siedziba książęca i ośrodek administracyjny. W kolejnych stuleciach był wielokrotnie przebudowywany, tracąc pierwotny obronny charakter i uzyskując formę rezydencjonalną. Obecna bryła ma cechy barokowe i klasycystyczne. Obecnie zamek jest dobrze zachowany i mieści Sąd Rejonowy w Rybniku.", "wikidata": "Q9386731", "wikidata_url": "https://www.wikidata.org/wiki/Q9386731", "wikipedia": "pl:Zamek w Rybniku", "wikipedia_url": "https://pl.wikipedia.org/wiki/Zamek_w_Rybniku", "published": "2026-08-14" }, "geometry": { "type": "Point", "coordinates": [ 18.540286, 50.092952 ] } },
{ "type": "Feature", "id": 181, "properties": { "wkt_wgs84": "POINT (19.394921945 50.644726343)", "x_wgs84": 19.394921945, "y_wgs84": 50.644726343000002, "country": "Polska", "province": "śląskie", "district": "myszkowski", "municipality": "Żarki", "postcode": "42-310", "object_type": "K01.30.10", "object_type_name": "Zamki", "veracity_score": "good", "accessibility": "partial", "state": "poor", "otar_id": "K01.30.10.5VPR5V", "name": "Strażnica Przewodziszowice", "description": "Strażnicę Przewodziszowice wzniesiono prawdopodobnie w XIV w. jako niewielką warownię rycerską wykorzystującą naturalne formacje skalne Jury Krakowsko-Częstochowskiej. Założenie obejmowało murowane elementy obronne posadowione na skale oraz niewielką zabudowę pomocniczą. Obiekt szybko utracił znaczenie i popadł w ruinę. Obecnie zachowały się jedynie fragmenty murów i relikty dawnej strażnicy.", "wikidata": "Q9346581", "wikidata_url": "https://www.wikidata.org/wiki/Q9346581", "wikipedia": "pl:Strażnica Przewodziszowice", "wikipedia_url": "https://pl.wikipedia.org/wiki/Stra%C5%BCnica_Przewodziszowice", "published": "2026-08-14" }, "geometry": { "type": "Point", "coordinates": [ 19.394921945, 50.644726343 ] } },
{ "type": "Feature", "id": 182, "properties": { "wkt_wgs84": "POINT (16.457710102 50.412001454)", "x_wgs84": 16.457710102, "y_wgs84": 50.412001454, "country": "Polska", "province": "dolnośląskie", "district": "kłodzki", "municipality": "Szczytna", "postcode": "57-330", "object_type": "K01.30.10", "object_type_name": "Zamki", "veracity_score": "fair", "accessibility": "partial", "state": "good", "otar_id": "K01.30.10.5XSGYA", "name": "Zamek Leśna", "description": "Zamek „Leśna Skała” na Szczytniku to neogotycka perełka wzniesiona w latach 1831-1838. Budowla powstała na ruinach dawnego fortu Fryderyka Wilhelma II, który zburzyły wojska Napoleona. Malowniczy obiekt nawiązuje bryłą do średniowiecznych warowni i skrywa bogatą historię. Choć obecnie w jego murach mieści się zakład wychowawczy, zamek i jego okolice wciąż zachwycają turystów.", "wikidata": "Q30049573", "wikidata_url": "https://www.wikidata.org/wiki/Q30049573", "wikipedia": "pl:Zamek Leśna", "wikipedia_url": "https://pl.wikipedia.org/wiki/Zamek_Le%C5%9Bna", "published": "2026-08-14" }, "geometry": { "type": "Point", "coordinates": [ 16.457710102, 50.412001454 ] } },
{ "type": "Feature", "id": 183, "properties": { "wkt_wgs84": "POINT (16.70773814939384 50.864905737685994)", "x_wgs84": 16.70773814939384, "y_wgs84": 50.864905737685994, "country": "Polska", "province": "dolnośląskie", "district": "wrocławski", "municipality": "Sobótka", "postcode": null, "object_type": "K01.30.10", "object_type_name": "Zamki", "veracity_score": "good", "accessibility": "full", "state": "poor", "otar_id": "K01.30.10.5YTQGA", "name": "Zamek średniowieczny na Ślęży", "description": "Średniowieczny zamek książęcy na szczycie Ślęży, wzniesiony z kamienia w XIII–XIV w., rozbudowany za Bolka II. Założenie miało nieregularny, zbliżony do trapezu plan o wymiarach ok. 50 × 35 m, otoczony murami z bloków gabra. Do murów przylegało co najmniej pięć budynków, w tym prawdopodobny pałac o wymiarach ok. 22 × 10 m. Zamek posiadał również wieżę. Zniszczony w 1471 r., nie został odbudowany; zachowały się niewielkie relikty murów.", "wikidata": "Q137993949", "wikidata_url": "https://www.wikidata.org/wiki/Q137993949", "wikipedia": "pl:Zamek średniowieczny na Ślęży", "wikipedia_url": "https://pl.wikipedia.org/wiki/Zamek_%C5%9Bredniowieczny_na_%C5%9Al%C4%99%C5%BCy", "published": "2026-08-14" }, "geometry": { "type": "Point", "coordinates": [ 16.70773814939384, 50.864905737685994 ] } },
{ "type": "Feature", "id": 184, "properties": { "wkt_wgs84": "POINT (16.753289991 50.603024223)", "x_wgs84": 16.753289991, "y_wgs84": 50.603024222999998, "country": "Polska", "province": "dolnośląskie", "district": "ząbkowicki", "municipality": "Stoszowice", "postcode": "57-213", "object_type": "K01.30.10", "object_type_name": "Zamki", "veracity_score": "good", "accessibility": "limited", "state": "good", "otar_id": "K01.30.10.61D237", "name": "Zamek Stoszowice", "description": "Zamek w Stoszowicach powstał około 1600 r., prawdopodobnie w miejscu starszego dworu obronnego. Renesansowe założenie tworzyły trzy skrzydła na planie litery U, otaczające dziedziniec; w XVII w. dodano mur kurtynowy z bramą, a całość otoczono pięciobocznym obwodem obronnym. Zachowały się fragmenty murów i umocnień ziemnych. Obecnie obiekt istnieje, pozostaje własnością KOWR i nie pełni funkcji rezydencjonalnej.", "wikidata": "Q9386742", "wikidata_url": "https://www.wikidata.org/wiki/Q9386742", "wikipedia": "pl:Zamek w Stoszowicach", "wikipedia_url": "https://pl.wikipedia.org/wiki/Zamek_w_Stoszowicach", "published": "2026-08-14" }, "geometry": { "type": "Point", "coordinates": [ 16.753289991, 50.603024223 ] } },
{ "type": "Feature", "id": 185, "properties": { "wkt_wgs84": "POINT (19.576202462 53.395764284)", "x_wgs84": 19.576202462000001, "y_wgs84": 53.395764284000002, "country": "Polska", "province": "warmińsko-mazurskie", "district": "nowomiejski", "municipality": "Kurzętnik", "postcode": "13-306", "object_type": "K01.30.10", "object_type_name": "Zamki", "veracity_score": "good", "accessibility": "full", "state": "poor", "otar_id": "K01.30.10.61LS98", "name": "Zamek w Kurzętniku", "description": "Zamek w Kurzętniku wzniesiono w XIV w. jako gotycką warownię kapituły chełmińskiej. Założenie obejmowało zamek górny i przedzamcze, mury obronne, dziedziniec oraz zabudowę mieszkalno-gospodarczą, dostosowaną do stromego wzgórza. W kolejnych stuleciach obiekt tracił znaczenie i stopniowo popadał w ruinę. Obecnie zachowały się relikty murów i fundamentów dawnej warowni, udostępnione jako stanowisko historyczne.", "wikidata": "Q9386666", "wikidata_url": "https://www.wikidata.org/wiki/Q9386666", "wikipedia": "pl:Zamek w Kurzętniku", "wikipedia_url": "https://pl.wikipedia.org/wiki/Zamek_w_Kurz%C4%99tniku", "published": "2026-08-14" }, "geometry": { "type": "Point", "coordinates": [ 19.576202462, 53.395764284 ] } },
{ "type": "Feature", "id": 186, "properties": { "wkt_wgs84": "POINT (15.910170758 51.709097383)", "x_wgs84": 15.910170758, "y_wgs84": 51.709097383, "country": "Polska", "province": "dolnośląskie", "district": "głogowski", "municipality": "Żukowice", "postcode": "67-231", "object_type": "K01.30.10", "object_type_name": "Zamki", "veracity_score": "good", "accessibility": "partial", "state": "excellent", "otar_id": "K01.30.10.641KHG", "name": "Zamek w Czernej", "description": "Zamek w Czernej powstał prawdopodobnie w XVI w. jako renesansowa rezydencja o cechach obronnych. Murowane założenie miało zwarty układ z budynkiem mieszkalnym, dziedzińcem i elementami fortyfikacyjnymi. W kolejnych stuleciach obiekt był przebudowywany i stopniowo tracił pierwotny charakter. Obecnie zachowane fragmenty dawnego zamku pozostają częścią historycznego zespołu rezydencjonalnego.", "wikidata": "Q19788828", "wikidata_url": "https://www.wikidata.org/wiki/Q19788828", "wikipedia": "pl:Pałac w Czernej (powiat głogowski)", "wikipedia_url": "https://pl.wikipedia.org/wiki/Pa%C5%82ac_w_Czernej_%28powiat_g%C5%82ogowski%29", "published": "2026-08-14" }, "geometry": { "type": "Point", "coordinates": [ 15.910170758, 51.709097383 ] } },
{ "type": "Feature", "id": 187, "properties": { "wkt_wgs84": "POINT (18.041878945 53.347177528)", "x_wgs84": 18.041878945000001, "y_wgs84": 53.347177528000003, "country": "Polska", "province": "kujawsko-pomorskie", "district": "bydgoski", "municipality": "Koronowo", "postcode": "86-010", "object_type": "K01.30.10", "object_type_name": "Zamki", "veracity_score": "fair", "accessibility": "limited", "state": "bad", "otar_id": "K01.30.10.6878ZQ", "name": "Zamek w Nowym Jasińcu", "description": "Zamek w Jasińcu Nowym wzniesiono w XIV w. na miejscu starszego grodu. Powstał na planie wydłużonego prostokąta 23 × 13 m, z kamienno-ceglanymi murami, piwnicami sklepionymi kolebkowo, wieżą bramną, przedzamczem, fosą i mostami zwodzonymi. W XVI w. osiągnął formę czterokondygnacyjnej wieży mieszkalno-obronnej. Obecnie zachowany jest jako ruina bez dachu i stropów, z reliktami murów obwodowych i piwnic.", "wikidata": "Q56338458", "wikidata_url": "https://www.wikidata.org/wiki/Q56338458", "wikipedia": "pl:Zamek w Jasińcu Nowym", "wikipedia_url": "https://pl.wikipedia.org/wiki/Zamek_w_Jasi%C5%84cu_Nowym", "published": "2026-08-14" }, "geometry": { "type": "Point", "coordinates": [ 18.041878945, 53.347177528 ] } },
{ "type": "Feature", "id": 188, "properties": { "wkt_wgs84": "POINT (16.577409235664902 52.61523957137048)", "x_wgs84": 16.577409235664902, "y_wgs84": 52.615239571370481, "country": "Polska", "province": "wielkopolskie", "district": "szamotulski", "municipality": "Szamotuły", "postcode": "64-500", "object_type": "K01.30.10", "object_type_name": "Zamki", "veracity_score": "good", "accessibility": "full", "state": "excellent", "otar_id": "K01.30.10.69E8LZ", "name": "Zamek w Szamotułach", "description": "Renesansowy zamek wzniesiony w I połowie XV w. (ok. 1405 r.) z inicjatywy Dobrogosta Świdwy-Szamotulskiego z rodu Nałęczów herbu Nałęcz, położony w północnej części Szamotuł, w dzielnicy Szamotuły-Zamek; obecnie siedziba Muzeum  Zamku Górków. Pierwotny zespół gotycki składał się z budynku mieszkalnego, baszt i osobno położonej wieży. Obecny zespół obejmuje odbudowany zamek (budynek na planie litery L), Basztę Halszki (późnogotycka wieża mieszkalna z XV w., przebudowana ok. 1518 r.", "wikidata": "Q16619092", "wikidata_url": "https://www.wikidata.org/wiki/Q16619092", "wikipedia": "pl:Zamek w Szamotułach", "wikipedia_url": "https://pl.wikipedia.org/wiki/Zamek_w_Szamotu%C5%82ach", "published": "2026-08-14" }, "geometry": { "type": "Point", "coordinates": [ 16.577409235664902, 52.615239571370481 ] } },
{ "type": "Feature", "id": 189, "properties": { "wkt_wgs84": "POINT (14.634154824 52.579159736)", "x_wgs84": 14.634154824, "y_wgs84": 52.579159736000001, "country": "Polska", "province": "lubuskie", "district": "gorzowski", "municipality": "Kostrzyn nad Odrą", "postcode": "66-470", "object_type": "K01.30.10", "object_type_name": "Zamki", "veracity_score": "good", "accessibility": "full", "state": "poor", "otar_id": "K01.30.10.69NP6Y", "name": "Zamek w Kostrzynie nad Odrą", "description": "Zamek w Kostrzynie nad Odrą powstał w średniowieczu jako siedziba margrabiów brandenburskich, a w XVI w. został przebudowany w renesansową rezydencję książęcą w obrębie twierdzy bastionowej. Założenie obejmowało wieloskrzydłowy korpus z dziedzińcem i zabudową reprezentacyjną. W 1945 r. zamek został niemal całkowicie zniszczony. Obecnie zachowały się jedynie relikty fundamentów i fragmenty murów w obrębie ruin Starego Miasta.", "wikidata": "Q9386657", "wikidata_url": "https://www.wikidata.org/wiki/Q9386657", "wikipedia": "pl:Zamek w Kostrzynie nad Odrą", "wikipedia_url": "https://pl.wikipedia.org/wiki/Zamek_w_Kostrzynie_nad_Odr%C4%85", "published": "2026-08-14" }, "geometry": { "type": "Point", "coordinates": [ 14.634154824, 52.579159736 ] } },
{ "type": "Feature", "id": 190, "properties": { "wkt_wgs84": "POINT (16.900268085 50.67375328)", "x_wgs84": 16.900268085, "y_wgs84": 50.67375328, "country": "Polska", "province": "dolnośląskie", "district": "ząbkowicki", "municipality": "Ciepłowody", "postcode": "57-211", "object_type": "K01.30.10", "object_type_name": "Zamki", "veracity_score": "fair", "accessibility": "partial", "state": "fair", "otar_id": "K01.30.10.69NS1N", "name": "Zamek w Ciepłowodach", "description": "Ruiny w Ciepłowodach to pozostałość po unikalnym na skalę Śląska zamku nawodnym, łączącym elementy średniowiecznej wieży mieszkalnej z nowożytną architekturą obronną. Początki założenia sięgają XIV wieku, kiedy to wzniesiono tu murowaną, gotycką wieżę rycerską posadowioną na bagnistym terenie. Prawdziwy rozkwit i całkowitą przebudowę obiekt przeszedł w latach 1532-1542 z inicjatywy rodu von Seidlitz.", "wikidata": "Q16618902", "wikidata_url": "https://www.wikidata.org/wiki/Q16618902", "wikipedia": "pl:Zamek w Ciepłowodach", "wikipedia_url": "https://pl.wikipedia.org/wiki/Zamek_w_Ciep%C5%82owodach", "published": "2026-08-14" }, "geometry": { "type": "Point", "coordinates": [ 16.900268085, 50.67375328 ] } },
{ "type": "Feature", "id": 191, "properties": { "wkt_wgs84": "POINT (17.59305548460466 50.48829155617848)", "x_wgs84": 17.593055484604658, "y_wgs84": 50.488291556178481, "country": "Polska", "province": "opolskie", "district": "nyski", "municipality": "Korfantów", "postcode": "48-317", "object_type": "K01.30.10", "object_type_name": "Zamki", "veracity_score": "good", "accessibility": "partial", "state": "excellent", "otar_id": "K01.30.10.6GHEVT", "name": "Zamek w Korfantowie", "description": "Zamek w Korfantowie to dawna rezydencja o metryce sięgającej schyłku średniowiecza (ok. 1600 r.), wielokrotnie przebudowywana w stylach barokowym i późnoklasycystycznym. Trójskrzydłowy, murowany obiekt z wewnętrznym dziedzińcem i charakterystycznymi arkadami całkowicie utracił obronny charakter. Po gruntownym odnowieniu służy obecnie jako Opolskie Centrum Rehabilitacji.", "wikidata": "Q86685932", "wikidata_url": "https://www.wikidata.org/wiki/Q86685932", "wikipedia": "pl:Zamek w Korfantowie", "wikipedia_url": "https://pl.wikipedia.org/wiki/Zamek_w_Korfantowie", "published": "2026-08-14" }, "geometry": { "type": "Point", "coordinates": [ 17.593055484604658, 50.488291556178481 ] } },
{ "type": "Feature", "id": 192, "properties": { "wkt_wgs84": "POINT (15.627652597 52.086938637)", "x_wgs84": 15.627652597000001, "y_wgs84": 52.086938637000003, "country": "Polska", "province": "lubuskie", "district": "zielonogórski", "municipality": "Sulechów", "postcode": "66-100", "object_type": "K01.30.10", "object_type_name": "Zamki", "veracity_score": "good", "accessibility": "partial", "state": "excellent", "otar_id": "K01.30.10.6KZDZL", "name": "Zamek w Sulechowie", "description": "Zamek Książęcy w Sulechowie wzniesiono w średniowieczu jako siedzibę książęcą i element miejskiego systemu obronnego. W kolejnych stuleciach był wielokrotnie przebudowywany, tracąc stopniowo pierwotne cechy warowne na rzecz funkcji rezydencjonalnych i administracyjnych. Obecnie zachowane fragmenty dawnego zamku są włączone w zabudowę miasta i stanowią relikt średniowiecznego założenia obronnego.", "wikidata": "Q30136945", "wikidata_url": "https://www.wikidata.org/wiki/Q30136945", "wikipedia": "n/a", "wikipedia_url": "n/a", "published": "2026-08-14" }, "geometry": { "type": "Point", "coordinates": [ 15.627652597, 52.086938637 ] } },
{ "type": "Feature", "id": 193, "properties": { "wkt_wgs84": "POINT (17.660481009653644 50.38659656831703)", "x_wgs84": 17.660481009653644, "y_wgs84": 50.386596568317032, "country": "Polska", "province": "opolskie", "district": "prudnicki", "municipality": "Biała", "postcode": "48-210", "object_type": "K01.30.10", "object_type_name": "Zamki", "veracity_score": "good", "accessibility": "partial", "state": "good", "otar_id": "K01.30.10.6MHNQR", "name": "Zamek w Białej", "description": "Zamek w Białej został wzniesiony najprawdopodobniej przez Piastów opolskich w XVI wieku na miejscu wcześniejszej warowni. W XVII wieku przebudowano go w stylu wczesnobarokowym i rozbudowano o kolejne skrzydła oraz wieżę. Dziś obiekt zachował renesansowo-barokowy charakter i pozostaje własnością prywatną.", "wikidata": "Q30228365", "wikidata_url": "https://www.wikidata.org/wiki/Q30228365", "wikipedia": "pl:Zamek w Białej", "wikipedia_url": "https://pl.wikipedia.org/wiki/Zamek_w_Bia%C5%82ej", "published": "2026-08-14" }, "geometry": { "type": "Point", "coordinates": [ 17.660481009653644, 50.386596568317032 ] } },
{ "type": "Feature", "id": 194, "properties": { "wkt_wgs84": "POINT (20.420303388 49.420089957)", "x_wgs84": 20.420303388000001, "y_wgs84": 49.420089957000002, "country": "Polska", "province": "małopolskie", "district": "nowotarski", "municipality": "Krościenko nad Dunajcem", "postcode": "34-450", "object_type": "K01.30.10", "object_type_name": "Zamki", "veracity_score": "good", "accessibility": "full", "state": "poor", "otar_id": "K01.30.10.6MXYC8", "name": "Zamek Pieniny", "description": "Zamek Pieniny wzniesiono w XIII w. jako niewielką górską warownię, prawdopodobnie związaną z księżną Kingą. Założenie ulokowano wysoko w masywie Trzech Koron, wykorzystując naturalne urwiska i skalne ściany jako element obrony; uzupełniały je kamienne mury i niewielka zabudowa wewnętrzna. Zamek funkcjonował krótko i zanikł jeszcze w średniowieczu. Obecnie zachowały się jedynie fragmenty murów i relikty zabudowy.", "wikidata": "Q9386547", "wikidata_url": "https://www.wikidata.org/wiki/Q9386547", "wikipedia": "pl:Zamek Pieniny", "wikipedia_url": "https://pl.wikipedia.org/wiki/Zamek_Pieniny", "published": "2026-08-14" }, "geometry": { "type": "Point", "coordinates": [ 20.420303388, 49.420089957 ] } },
{ "type": "Feature", "id": 195, "properties": { "wkt_wgs84": "POINT (18.898093366049327 53.156375920157394)", "x_wgs84": 18.898093366049327, "y_wgs84": 53.156375920157394, "country": "Polska", "province": "kujawsko-pomorskie", "district": "golubsko-dobrzyński", "municipality": "Kowalewo Pomorskie", "postcode": "87-410", "object_type": "K01.30.10", "object_type_name": "Zamki", "veracity_score": "good", "accessibility": "partial", "state": "poor", "otar_id": "K01.30.10.6SNTHJ", "name": "Zamek w Kowalewie Pomorskim", "description": "Zamek w Kowalewie Pomorskim wzniesiono w XIII–XIV w. jako gotycką warownię krzyżacką i siedzibę komtura. Założenie obejmowało zamek wysoki z dziedzińcem, skrzydłami mieszkalnymi, wieżami i murami obronnymi oraz rozległe przedzamcze. Po wojnach polsko-krzyżackich obiekt stopniowo tracił znaczenie i był rozbierany. Obecnie zachowały się jedynie relikty murów i fundamentów dawnego zamku.", "wikidata": "Q9386659", "wikidata_url": "https://www.wikidata.org/wiki/Q9386659", "wikipedia": "pl:Zamek w Kowalewie Pomorskim", "wikipedia_url": "https://pl.wikipedia.org/wiki/Zamek_w_Kowalewie_Pomorskim", "published": "2026-08-14" }, "geometry": { "type": "Point", "coordinates": [ 18.898093366049327, 53.156375920157394 ] } },
{ "type": "Feature", "id": 196, "properties": { "wkt_wgs84": "POINT (20.123603396 54.233490148)", "x_wgs84": 20.123603396, "y_wgs84": 54.233490148000001, "country": "Polska", "province": "warmińsko-mazurskie", "district": "braniewski", "municipality": "Pieniężno", "postcode": "14-520", "object_type": "K01.30.10", "object_type_name": "Zamki", "veracity_score": "fair", "accessibility": "limited", "state": "fair", "otar_id": "K01.30.10.6W5FTX", "name": "Zamek Kapituły Warmińskiej w Pieniężnie", "description": "Zamek Kapituły Warmińskiej w Pieniężnie wzniesiono w XIV w. jako gotycką siedzibę administratora dóbr kapituły warmińskiej. Założenie obejmowało murowane skrzydła skupione wokół dziedzińca, mury obronne i wieżę, a jego układ był powiązany z fortyfikacjami miasta. W kolejnych stuleciach zamek przebudowywano i częściowo rozbierano. Obecnie zachowały się fragmenty murów i zabudowy dawnego zespołu zamkowego.", "wikidata": "Q9386526", "wikidata_url": "https://www.wikidata.org/wiki/Q9386526", "wikipedia": "pl:Zamek Kapituły Warmińskiej w Pieniężnie", "wikipedia_url": "https://pl.wikipedia.org/wiki/Zamek_Kapitu%C5%82y_Warmi%C5%84skiej_w_Pieni%C4%99%C5%BCnie", "published": "2026-08-14" }, "geometry": { "type": "Point", "coordinates": [ 20.123603396, 54.233490148 ] } },
{ "type": "Feature", "id": 197, "properties": { "wkt_wgs84": "POINT (24.061605 50.680046)", "x_wgs84": 24.061605, "y_wgs84": 50.680046, "country": "Polska", "province": "lubelskie", "district": "hrubieszowski", "municipality": "Mircze", "postcode": "22-530", "object_type": "K01.30.10", "object_type_name": "Zamki", "veracity_score": "good", "accessibility": "partial", "state": "poor", "otar_id": "K01.30.10.6YK5N1", "name": "Zamek w Kryłowie", "description": "Zamek w Kryłowie wzniesiono w XVI w. jako renesansową rezydencję obronną usytuowaną na wyspie na Bugu. Założenie obejmowało murowane skrzydła mieszkalne, dziedziniec, mury obronne i basteje, a dostęp zapewniał most. W kolejnych stuleciach zamek był niszczony i przebudowywany, stopniowo popadając w ruinę. Obecnie zachowały się jedynie fragmenty murów i relikty dawnego założenia obronnego.", "wikidata": "Q30098909", "wikidata_url": "https://www.wikidata.org/wiki/Q30098909", "wikipedia": "pl:Zamek w Kryłowie", "wikipedia_url": "https://pl.wikipedia.org/wiki/Zamek_w_Kry%C5%82owie", "published": "2026-08-14" }, "geometry": { "type": "Point", "coordinates": [ 24.061605, 50.680046 ] } },
{ "type": "Feature", "id": 198, "properties": { "wkt_wgs84": "POINT (19.643032924 50.388685442)", "x_wgs84": 19.643032924, "y_wgs84": 50.388685442000003, "country": "Polska", "province": "małopolskie", "district": "olkuski", "municipality": "Klucze", "postcode": "32-310", "object_type": "K01.30.10", "object_type_name": "Zamki", "veracity_score": "good", "accessibility": "full", "state": "fair", "otar_id": "K01.30.10.6YY552", "name": "Zamek w Bydlinie", "description": "Zamek w Bydlinie powstał prawdopodobnie w XIV w. jako niewielka murowana warownia na skalistym wzgórzu Jury Krakowsko-Częstochowskiej. W XVI w. został przekształcony przez Firlejów w obronny kościół. Po zniszczeniach podczas potopu szwedzkiego odbudowano go, lecz w XVIII w. ponownie opuszczono. Obecnie zachowany jest w formie trwałej ruiny z fragmentami murów obwodowych i zabudowy.", "wikidata": "Q4450967", "wikidata_url": "https://www.wikidata.org/wiki/Q4450967", "wikipedia": "pl:Zamek w Bydlinie", "wikipedia_url": "https://pl.wikipedia.org/wiki/Zamek_w_Bydlinie", "published": "2026-08-14" }, "geometry": { "type": "Point", "coordinates": [ 19.643032924, 50.388685442 ] } },
{ "type": "Feature", "id": 199, "properties": { "wkt_wgs84": "POINT (15.422193538554101 50.99233913625247)", "x_wgs84": 15.422193538554101, "y_wgs84": 50.992339136252468, "country": "Polska", "province": "dolnośląskie", "district": "lwówecki", "municipality": "Gryfów Śląski", "postcode": "59-620", "object_type": "K01.30.10", "object_type_name": "Zamki", "veracity_score": "fair", "accessibility": "partial", "state": "fair", "otar_id": "K01.30.10.73K6C4", "name": "Zamek Gryf w Proszówce", "description": "Zamek Gryf w Proszówce powstał w średniowieczu jako warownia książęca, później wielokrotnie rozbudowywana. Założenie obejmowało zamek górny, średni i dolny, połączone systemem murów, bram i wież oraz dostosowane do stromego, skalistego wzgórza. W XVI–XVII w. obiekt przekształcano w rezydencję. Po opuszczeniu w XVIII w. popadł w ruinę. Obecnie zachowały się rozległe fragmenty murów, baszt i zabudowy.", "wikidata": "Q765569", "wikidata_url": "https://www.wikidata.org/wiki/Q765569", "wikipedia": "pl:Zamek Gryf", "wikipedia_url": "https://pl.wikipedia.org/wiki/Zamek_Gryf", "published": "2026-08-14" }, "geometry": { "type": "Point", "coordinates": [ 15.422193538554101, 50.992339136252468 ] } },
{ "type": "Feature", "id": 200, "properties": { "wkt_wgs84": "POINT (19.200260192 49.688144786)", "x_wgs84": 19.200260191999998, "y_wgs84": 49.688144786000002, "country": "Polska", "province": "śląskie", "district": "żywiecki", "municipality": "Żywiec", "postcode": "34-300", "object_type": "K01.30.10", "object_type_name": "Zamki", "veracity_score": "good", "accessibility": "full", "state": "excellent", "otar_id": "K01.30.10.74K8HH", "name": "Stary Zamek w Żywcu", "description": "Stary Zamek w Żywcu powstał w XV w. jako gotycka siedziba Komorowskich, a w XVI w. został przebudowany w renesansową rezydencję z arkadowym dziedzińcem. W kolejnych stuleciach był wielokrotnie modernizowany, zachowując elementy gotyckie, renesansowe i późniejsze. Obecnie jest dobrze zachowany, mieści Muzeum Miejskie w Żywcu i jest udostępniony zwiedzającym.", "wikidata": "Q9344377", "wikidata_url": "https://www.wikidata.org/wiki/Q9344377", "wikipedia": "pl:Stary Zamek w Żywcu", "wikipedia_url": "https://pl.wikipedia.org/wiki/Stary_Zamek_w_%C5%BBywcu", "published": "2026-08-14" }, "geometry": { "type": "Point", "coordinates": [ 19.200260192, 49.688144786 ] } },
{ "type": "Feature", "id": 201, "properties": { "wkt_wgs84": "POINT (16.127386 50.776882)", "x_wgs84": 16.127386, "y_wgs84": 50.776882, "country": "Polska", "province": "dolnośląskie", "district": "wałbrzyski", "municipality": "Czarny Bór", "postcode": "58-379", "object_type": "K01.30.10", "object_type_name": "Zamki", "veracity_score": "good", "accessibility": "partial", "state": "poor", "otar_id": "K01.30.10.76VF71", "name": "Zamek w Czarnym Borze", "description": "Zamek w Czarnym Borze wzniesiono w XIV w. jako niewielką murowaną warownię rycerską. Założenie obejmowało wieżę mieszkalno-obronną, dziedziniec oraz obwód murów, a jego położenie wykorzystywało naturalne walory obronne terenu. Zamek został zniszczony w XV w. i nie odzyskał dawnego znaczenia. Obecnie zachował się jedynie w postaci ruin i słabo czytelnych reliktów murów.", "wikidata": "Q19401679", "wikidata_url": "https://www.wikidata.org/wiki/Q19401679", "wikipedia": "pl:Zamek w Czarnym Borze", "wikipedia_url": "https://pl.wikipedia.org/wiki/Zamek_w_Czarnym_Borze", "published": "2026-08-14" }, "geometry": { "type": "Point", "coordinates": [ 16.127386, 50.776882 ] } },
{ "type": "Feature", "id": 202, "properties": { "wkt_wgs84": "POINT (21.303518 53.921623)", "x_wgs84": 21.303518, "y_wgs84": 53.921623, "country": "Polska", "province": "warmińsko-mazurskie", "district": "mrągowski", "municipality": "Mrągowo", "postcode": "11-700", "object_type": "K01.30.10", "object_type_name": "Zamki", "veracity_score": "good", "accessibility": "full", "state": "poor", "otar_id": "K01.30.10.77QGUE", "name": "Zamek Szestno", "description": "Zamek krzyżacki zbudowany w średniowieczu , obecnie w stanie ruiny. Ruiny zamku położone są na wzgórzu, zachowały się fundamenty, fosa oraz charakterystyczny wysoki narożny fragmentu muru.", "wikidata": "n/a", "wikidata_url": "n/a", "wikipedia": "n/a", "wikipedia_url": "n/a", "published": "2026-08-14" }, "geometry": { "type": "Point", "coordinates": [ 21.303518, 53.921623 ] } },
{ "type": "Feature", "id": 203, "properties": { "wkt_wgs84": "POINT (19.029524938 54.040825334)", "x_wgs84": 19.029524938000002, "y_wgs84": 54.040825333999997, "country": "Polska", "province": "pomorskie", "district": "malborski", "municipality": "Malbork", "postcode": "82-200", "object_type": "K01.30.10", "object_type_name": "Zamki", "veracity_score": "good", "accessibility": "full", "state": "excellent", "otar_id": "K01.30.10.78N8DC", "name": "Zamek w Malborku", "description": "Zamek w Malborku wznoszono od XIII w. jako główną warownię państwa zakonu krzyżackiego i siedzibę wielkich mistrzów. Monumentalny gotycki zespół z cegły obejmuje Zamek Wysoki, Średni i Przedzamcze, rozbudowany system murów, baszt, fos, bram oraz reprezentacyjne i sakralne wnętrza. Po licznych zniszczeniach był stopniowo odbudowywany. Obecnie jest znakomicie zachowany, mieści muzeum i znajduje się na Liście Światowego Dziedzictwa UNESCO.", "wikidata": "Q71279", "wikidata_url": "https://www.wikidata.org/wiki/Q71279", "wikipedia": "pl:Zamek w Malborku", "wikipedia_url": "https://pl.wikipedia.org/wiki/Zamek_w_Malborku", "published": "2026-08-14" }, "geometry": { "type": "Point", "coordinates": [ 19.029524938, 54.040825334 ] } },
{ "type": "Feature", "id": 204, "properties": { "wkt_wgs84": "POINT (19.51525014 50.002749102)", "x_wgs84": 19.51525014, "y_wgs84": 50.002749102000003, "country": "Polska", "province": "małopolskie", "district": "wadowicki", "municipality": "Spytkowice", "postcode": "34-116", "object_type": "K01.30.10", "object_type_name": "Zamki", "veracity_score": "good", "accessibility": "partial", "state": "excellent", "otar_id": "K01.30.10.796DEM", "name": "Zamek w Spytkowicach", "description": "Zamek w Spytkowicach wzniesiono w XVI w. jako renesansową rezydencję o cechach obronnych. Budowla ma regularny, wieloskrzydłowy układ z dziedzińcem, a jej bryłę urozmaicają wieże i elementy dawnego systemu obronnego. W kolejnych stuleciach zamek był przebudowywany, zachowując charakter rezydencjonalny. Obecnie obiekt jest zachowany w całości i stanowi cenny przykład dawnej architektury zamkowej.", "wikidata": "n/a", "wikidata_url": "n/a", "wikipedia": "n/a", "wikipedia_url": "n/a", "published": "2026-08-14" }, "geometry": { "type": "Point", "coordinates": [ 19.51525014, 50.002749102 ] } },
{ "type": "Feature", "id": 205, "properties": { "wkt_wgs84": "POINT (19.683706 50.163597)", "x_wgs84": 19.683706, "y_wgs84": 50.163597, "country": "Polska", "province": "małopolskie", "district": "krakowski", "municipality": "Krzeszowice", "postcode": "32-064", "object_type": "K01.30.10", "object_type_name": "Zamki", "veracity_score": "fair", "accessibility": "full", "state": "poor", "otar_id": "K01.30.10.7AC7DP", "name": "Zamek w Dubiu", "description": "Budowla obronna w Dubiu powstała prawdopodobnie w XVI w. jako niewielka murowana siedziba o funkcjach mieszkalno-obronnych. Założenie miało zwartą formę i było związane z lokalnym majątkiem ziemskim. W kolejnych stuleciach obiekt utracił pierwotne znaczenie i uległ częściowemu zniszczeniu. Obecnie zachowały się jedynie relikty murów i fundamentów dawnej budowli.", "wikidata": "Q65190463", "wikidata_url": "https://www.wikidata.org/wiki/Q65190463", "wikipedia": "pl:Budowla obronna w Dubiu", "wikipedia_url": "https://pl.wikipedia.org/wiki/Budowla_obronna_w_Dubiu", "published": "2026-08-14" }, "geometry": { "type": "Point", "coordinates": [ 19.683706, 50.163597 ] } },
{ "type": "Feature", "id": 206, "properties": { "wkt_wgs84": "POINT (16.03638056 50.790946343)", "x_wgs84": 16.03638056, "y_wgs84": 50.790946343000002, "country": "Polska", "province": "dolnośląskie", "district": "kamiennogórski", "municipality": "Kamienna Góra", "postcode": "58-400", "object_type": "K01.30.10", "object_type_name": "Zamki", "veracity_score": "fair", "accessibility": "limited", "state": "fair", "otar_id": "K01.30.10.7K5LJZ", "name": "Zamek Grodztwo w Kamiennej Górze", "description": "Zamek wzniesiono prawdopodobnie przed 1508 rokiem dla Hansa Schaffgotscha na miejscu starszej budowli. W XVI wieku był rozbudowywany, a po wojnie trzydziestoletniej wielokrotnie zmieniał właścicieli. W 1872 roku przebudowano go w stylu neorenesansowym. Po pożarze w 1964 roku popadł w ruinę.", "wikidata": "Q550174", "wikidata_url": "https://www.wikidata.org/wiki/Q550174", "wikipedia": "pl:Zamek Grodztwo w Kamiennej Górze", "wikipedia_url": "https://pl.wikipedia.org/wiki/Zamek_Grodztwo_w_Kamiennej_G%C3%B3rze", "published": "2026-08-14" }, "geometry": { "type": "Point", "coordinates": [ 16.03638056, 50.790946343 ] } },
{ "type": "Feature", "id": 207, "properties": { "wkt_wgs84": "POINT (16.85270121 51.242952975)", "x_wgs84": 16.85270121, "y_wgs84": 51.242952975000001, "country": "Polska", "province": "dolnośląskie", "district": "trzebnicki", "municipality": "Oborniki Śląskie", "postcode": "55-120", "object_type": "K01.30.10", "object_type_name": "Zamki", "veracity_score": "fair", "accessibility": "limited", "state": "fair", "otar_id": "K01.30.10.7UMSRE", "name": "Zamek w Urazie", "description": "Ruiny zamku w Urazie to pozostałości jednej z najbardziej unikalnych pod względem architektonicznym warowni w Polsce, malowniczo usytuowane nad samym brzegiem Odry. Pierwszy gród obronny istniał w tym miejscu już w XII wieku, chroniąc strategiczną przeprawę przez rzekę, natomiast murowany zamek wzniósł na przełomie XIII i XIV wieku książę Henryk III Głogowczyk.", "wikidata": "Q9386758", "wikidata_url": "https://www.wikidata.org/wiki/Q9386758", "wikipedia": "pl:Zamek w Urazie", "wikipedia_url": "https://pl.wikipedia.org/wiki/Zamek_w_Urazie", "published": "2026-08-14" }, "geometry": { "type": "Point", "coordinates": [ 16.85270121, 51.242952975 ] } },
{ "type": "Feature", "id": 208, "properties": { "wkt_wgs84": "POINT (20.682004504 49.767181418)", "x_wgs84": 20.682004503999998, "y_wgs84": 49.767181418, "country": "Polska", "province": "małopolskie", "district": "nowosądecki", "municipality": "Gródek nad Dunajcem", "postcode": "33-316", "object_type": "K01.30.10", "object_type_name": "Zamki", "veracity_score": "good", "accessibility": "full", "state": "fair", "otar_id": "K01.30.10.7WCZUU", "name": "Zamek Górny w Rożnowie", "description": "Zamek w Rożnowie tworzą dwa odrębne założenia: gotycki zamek górny z XIV w. oraz renesansowe fortyfikacje zamku dolnego z XVI w. Zamek górny miał plan zbliżony do prostokąta 44 × 20 m i dwa murowane budynki mieszkalne. Zamek dolny obejmuje kamienny beluard, budynek bramny i mur kurtynowy ze strzelnicami. Obecnie z zamku górnego zachowały się fragmenty murów, a fortyfikacje dolne pozostają czytelne w terenie.", "wikidata": "Q9386729", "wikidata_url": "https://www.wikidata.org/wiki/Q9386729", "wikipedia": "pl:Zamek w Rożnowie", "wikipedia_url": "https://pl.wikipedia.org/wiki/Zamek_w_Ro%C5%BCnowie", "published": "2026-08-14" }, "geometry": { "type": "Point", "coordinates": [ 20.682004504, 49.767181418 ] } },
{ "type": "Feature", "id": 209, "properties": { "wkt_wgs84": "POINT (15.332426335 51.033911485)", "x_wgs84": 15.332426335, "y_wgs84": 51.033911484999997, "country": "Polska", "province": "dolnośląskie", "district": "lubański", "municipality": "Olszyna", "postcode": "59-830", "object_type": "K01.30.10", "object_type_name": "Zamki", "veracity_score": "good", "accessibility": "partial", "state": "excellent", "otar_id": "K01.30.10.7WLQL5", "name": "Zamek Rajsko", "description": "Zamek Rajsko powstał prawdopodobnie w drugiej połowie XIII w. jako górska warownia strzegąca zachodniej granicy księstwa świdnicko-jaworskiego. Usytuowano go na wyniosłym wzgórzu nad Kwisą. W czasie wojen husyckich został zdobyty i zniszczony, po czym nie odzyskał dawnego znaczenia. Obecnie zachowany jest w formie malowniczej ruiny.", "wikidata": "Q9386551", "wikidata_url": "https://www.wikidata.org/wiki/Q9386551", "wikipedia": "pl:Zamek Rajsko", "wikipedia_url": "https://pl.wikipedia.org/wiki/Zamek_Rajsko", "published": "2026-08-14" }, "geometry": { "type": "Point", "coordinates": [ 15.332426335, 51.033911485 ] } },
{ "type": "Feature", "id": 210, "properties": { "wkt_wgs84": "POINT (17.9193276811959 50.66726475016699)", "x_wgs84": 17.919327681195899, "y_wgs84": 50.667264750166993, "country": "Polska", "province": "opolskie", "district": "Opole", "municipality": "Opole", "postcode": "45-081", "object_type": "K01.30.10", "object_type_name": "Zamki", "veracity_score": "good", "accessibility": "full", "state": "fair", "otar_id": "K01.30.10.7XYX58", "name": "Zamek Piastowski w Opolu", "description": "Zamek Piastowski w Opolu wznoszono od XIII w. jako siedzibę książąt opolskich. Założenie obejmowało zabudowę mieszkalną, kaplicę, mury obronne oraz cylindryczną Wieżę Piastowską, powstałą około 1300 r. W XVI–XIX w. zamek wielokrotnie przebudowywano i adaptowano do funkcji administracyjnych. W latach 1928–1931 niemal cały kompleks rozebrano. Obecnie zachowała się jedynie Wieża Piastowska, będąca jednym z symboli Opola.", "wikidata": "Q1776945", "wikidata_url": "https://www.wikidata.org/wiki/Q1776945", "wikipedia": "pl:Zamek Piastowski w Opolu", "wikipedia_url": "https://pl.wikipedia.org/wiki/Zamek_Piastowski_w_Opolu", "published": "2026-08-14" }, "geometry": { "type": "Point", "coordinates": [ 17.919327681195899, 50.667264750166993 ] } },
{ "type": "Feature", "id": 211, "properties": { "wkt_wgs84": "POINT (18.000274662 50.080980549)", "x_wgs84": 18.000274662, "y_wgs84": 50.080980549000003, "country": "Polska", "province": "opolskie", "district": "głubczycki", "municipality": "Kietrz", "postcode": "48-130", "object_type": "K01.30.10", "object_type_name": "Zamki", "veracity_score": "good", "accessibility": "full", "state": "poor", "otar_id": "K01.30.10.7YNN55", "name": "Zamek w Kietrzu", "description": "Zamek w Kietrzu powstał w drugiej połowie XVI wieku jako rezydencja obronna rodu von Gaschin. W 1829 roku został zniszczony przez pożar, a następnie odbudowany i przebudowany na barokowo-klasycystyczny pałac. Po 1877 roku przeszedł w ręce rodu Henckel von Donnersmarck. W 1945 roku został zniszczony podczas działań wojennych i już go nie odbudowano.", "wikidata": "Q30223580", "wikidata_url": "https://www.wikidata.org/wiki/Q30223580", "wikipedia": "n/a", "wikipedia_url": "n/a", "published": "2026-08-14" }, "geometry": { "type": "Point", "coordinates": [ 18.000274662, 50.080980549 ] } },
{ "type": "Feature", "id": 212, "properties": { "wkt_wgs84": "POINT (18.327437632 52.672084584)", "x_wgs84": 18.327437632, "y_wgs84": 52.672084583999997, "country": "Polska", "province": "kujawsko-pomorskie", "district": "inowrocławski", "municipality": "Kruszwica", "postcode": "88-150", "object_type": "K01.30.10", "object_type_name": "Zamki", "veracity_score": "good", "accessibility": "full", "state": "fair", "otar_id": "K01.30.10.7Z5PE1", "name": "Zamek w Kruszwicy", "description": "Zamek w Kruszwicy, wzniesiony z fundacji króla Kazimierza Wielkiego około 1350 roku, był jedną z najważniejszych warowni strategicznych na pograniczu polsko-krzyżackim. Obiekt usytuowano na półwyspie Rzępowo nad jeziorem Gopło, skąd kontrolował szlaki handlowe i chronił Kujawy od północy. Warownia, zbudowana na planie nieregularnego czworoboku z dwoma potężnymi basztami, została doszczętnie zniszczona i wysadzona przez Szwedów w 1657 roku podczas Potopu.", "wikidata": "Q9386665", "wikidata_url": "https://www.wikidata.org/wiki/Q9386665", "wikipedia": "pl:Zamek w Kruszwicy", "wikipedia_url": "https://pl.wikipedia.org/wiki/Zamek_w_Kruszwicy", "published": "2026-08-14" }, "geometry": { "type": "Point", "coordinates": [ 18.327437632, 52.672084584 ] } },
{ "type": "Feature", "id": 213, "properties": { "wkt_wgs84": "POINT (18.850318362 53.43605609)", "x_wgs84": 18.850318362, "y_wgs84": 53.43605609, "country": "Polska", "province": "kujawsko-pomorskie", "district": "grudziądzki", "municipality": "Gruta", "postcode": "86-330", "object_type": "K01.30.10", "object_type_name": "Zamki", "veracity_score": "good", "accessibility": "partial", "state": "fair", "otar_id": "K01.30.10.84ZHCQ", "name": "Zamek w Pokrzywnie", "description": "Zamek w Pokrzywnie wzniesiono w XIII–XIV w. jako gotycką warownię krzyżacką i siedzibę komtura. Założenie obejmowało zamek wysoki, przedzamcze, mury obronne, wieże i zabudowę gospodarczą, dostosowane do ukształtowania terenu. W kolejnych stuleciach obiekt tracił znaczenie i ulegał stopniowej rozbiórce. Obecnie zachowały się ruiny murów, fragmenty zabudowy i relikty dawnego systemu obronnego.", "wikidata": "Q29975162", "wikidata_url": "https://www.wikidata.org/wiki/Q29975162", "wikipedia": "pl:Zamek w Pokrzywnie", "wikipedia_url": "https://pl.wikipedia.org/wiki/Zamek_w_Pokrzywnie", "published": "2026-08-14" }, "geometry": { "type": "Point", "coordinates": [ 18.850318362, 53.43605609 ] } },
{ "type": "Feature", "id": 214, "properties": { "wkt_wgs84": "POINT (19.607974918 53.459274232)", "x_wgs84": 19.607974918, "y_wgs84": 53.459274232, "country": "Polska", "province": "warmińsko-mazurskie", "district": "nowomiejski", "municipality": "Bratian", "postcode": "13-300", "object_type": "K01.30.10", "object_type_name": "Zamki", "veracity_score": "good", "accessibility": "limited", "state": "poor", "otar_id": "K01.30.10.8JGVRY", "name": "Zamek w Bratianie", "description": "Zamek w Bratianie wzniesiono w XIV w. jako gotycką warownię krzyżacką. Założenie obejmowało zamek główny z zabudową mieszkalną, dziedziniec, mury obronne, wieże oraz przedzamcze. Po sekularyzacji Prus pełnił funkcje administracyjne, lecz z czasem tracił znaczenie i był stopniowo rozbierany. Obecnie zachowały się jedynie fragmenty murów i relikty fundamentów dawnego zamku.", "wikidata": "Q9386608", "wikidata_url": "https://www.wikidata.org/wiki/Q9386608", "wikipedia": "pl:Zamek w Bratianie", "wikipedia_url": "https://pl.wikipedia.org/wiki/Zamek_w_Bratianie", "published": "2026-08-14" }, "geometry": { "type": "Point", "coordinates": [ 19.607974918, 53.459274232 ] } },
{ "type": "Feature", "id": 215, "properties": { "wkt_wgs84": "POINT (16.807901177 50.586543421)", "x_wgs84": 16.807901177000002, "y_wgs84": 50.586543421000002, "country": "Polska", "province": "dolnośląskie", "district": "ząbkowicki", "municipality": "Ząbkowice Śląskie", "postcode": "57-200", "object_type": "K01.30.10", "object_type_name": "Zamki", "veracity_score": "good", "accessibility": "full", "state": "fair", "otar_id": "K01.30.10.8LPLVT", "name": "Zamek w Ząbkowicach Śląskich", "description": "Zamek w Ząbkowicach Śląskich wzniesiono w XVI w. jako renesansową rezydencję książęcą na planie czworoboku z dziedzińcem, narożnymi bastejami i rozbudowanym systemem obronnym. Monumentalna budowla łączyła funkcje mieszkalne i militarne. Po zniszczeniach wojny trzydziestoletniej stopniowo popadała w ruinę. Obecnie zachowały się rozległe mury, basteje i relikty skrzydeł, a zabezpieczone ruiny są udostępniane turystycznie.", "wikidata": "Q9386768", "wikidata_url": "https://www.wikidata.org/wiki/Q9386768", "wikipedia": "pl:Zamek w Ząbkowicach Śląskich", "wikipedia_url": "https://pl.wikipedia.org/wiki/Zamek_w_Z%C4%85bkowicach_%C5%9Al%C4%85skich", "published": "2026-08-14" }, "geometry": { "type": "Point", "coordinates": [ 16.807901177, 50.586543421 ] } },
{ "type": "Feature", "id": 216, "properties": { "wkt_wgs84": "POINT (15.406072951 53.771334593)", "x_wgs84": 15.406072951000001, "y_wgs84": 53.771334593, "country": "Polska", "province": "zachodniopomorskie", "district": "łobeski", "municipality": "Resko", "postcode": "72-315", "object_type": "K01.30.10", "object_type_name": "Zamki", "veracity_score": "good", "accessibility": "full", "state": "poor", "otar_id": "K01.30.10.8M8KMY", "name": "Zamek Borków w Resku", "description": "Zamek Borcków w Resku (woj. zachodniopomorskie) to dawna, średniowieczna warownia wzniesiona w XIV wieku przez potężny pomorski ród Borcków na wzgórzu nad rzeką Regą. Obiekt został zniszczony w XVII wieku i nigdy go nie odbudowano. Do dziś zachowały się jedynie fragmenty murów obronnych, fosy oraz czytelne zarysy fundamentów i wałów ziemnych", "wikidata": "Q33303025", "wikidata_url": "https://www.wikidata.org/wiki/Q33303025", "wikipedia": "pl:Zamek Borcków w Resku", "wikipedia_url": "https://pl.wikipedia.org/wiki/Zamek_Borck%C3%B3w_w_Resku", "published": "2026-08-14" }, "geometry": { "type": "Point", "coordinates": [ 15.406072951, 53.771334593 ] } },
{ "type": "Feature", "id": 217, "properties": { "wkt_wgs84": "POINT (21.546545876 53.938892409)", "x_wgs84": 21.546545876, "y_wgs84": 53.938892408999997, "country": "Polska", "province": "warmińsko-mazurskie", "district": "giżycki", "municipality": "Ryn", "postcode": "11-520", "object_type": "K01.30.10", "object_type_name": "Zamki", "veracity_score": "good", "accessibility": "full", "state": "excellent", "otar_id": "K01.30.10.8NTQT2", "name": "Zamek w Rynie", "description": "To Zamek w Rynie, wzniesiony przez Winricha von Kniprode w drugiej połowie XIV wieku na miejscu wcześniejszej drewnianej warowni. Pełnił funkcję siedziby komturów i wójtów, a po 1525 roku także starostów książęcych.   W XIX wieku przebudowano go na więzienie. Z pierwotnego założenia zachowały się m.in. wieża ze schodami i sklepienia piwniczne. Obecnie znajduje się tu hotel.", "wikidata": "Q1095347", "wikidata_url": "https://www.wikidata.org/wiki/Q1095347", "wikipedia": "pl:Zamek w Rynie", "wikipedia_url": "https://pl.wikipedia.org/wiki/Zamek_w_Rynie", "published": "2026-08-14" }, "geometry": { "type": "Point", "coordinates": [ 21.546545876, 53.938892409 ] } },
{ "type": "Feature", "id": 218, "properties": { "wkt_wgs84": "POINT (15.284432736 50.997093222)", "x_wgs84": 15.284432736, "y_wgs84": 50.997093221999997, "country": "Polska", "province": "dolnośląskie", "district": "lubański", "municipality": "Leśna", "postcode": "59-820", "object_type": "K01.30.10", "object_type_name": "Zamki", "veracity_score": "good", "accessibility": "full", "state": "fair", "otar_id": "K01.30.10.8QXYEF", "name": "Zamek w Świeciu", "description": "Zamek w Świeciu wzniesiono w XIV w. przez zakon krzyżacki jako gotycką warownię komturską. Założenie miało plan zbliżony do czworoboku, z dziedzińcem, skrzydłami mieszkalnymi, murami obronnymi i narożnymi wieżami; najbardziej charakterystyczna jest wysoka cylindryczna wieża. Po zniszczeniach i późniejszych rozbiórkach zamek częściowo popadł w ruinę. Obecnie zachowane fragmenty są zabezpieczone i udostępnione turystycznie.", "wikidata": "Q1014745", "wikidata_url": "https://www.wikidata.org/wiki/Q1014745", "wikipedia": "pl:Zamek w Świeciu", "wikipedia_url": "https://pl.wikipedia.org/wiki/Zamek_w_%C5%9Awieciu", "published": "2026-08-14" }, "geometry": { "type": "Point", "coordinates": [ 15.284432736, 50.997093222 ] } },
{ "type": "Feature", "id": 219, "properties": { "wkt_wgs84": "POINT (23.22111 51.028356)", "x_wgs84": 23.22111, "y_wgs84": 51.028356, "country": "Polska", "province": "lubelskie", "district": "krasnostawski", "municipality": "Krasnystaw", "postcode": "22-302", "object_type": "K01.30.10", "object_type_name": "Zamki", "veracity_score": "good", "accessibility": "partial", "state": "fair", "otar_id": "K01.30.10.8WG7YC", "name": "Zamek w Krupem", "description": "Zamek w Krupem wzniesiono w XVI w. jako renesansową rezydencję obronną. Założenie miało regularny układ z dziedzińcem, skrzydłami mieszkalnymi, narożnymi basztami i systemem umocnień. W kolejnych stuleciach obiekt był rozbudowywany i przekształcany, a następnie stopniowo popadał w ruinę. Obecnie zachowały się fragmenty murów, baszt i zabudowy dawnego zespołu zamkowego.", "wikidata": "Q9386664", "wikidata_url": "https://www.wikidata.org/wiki/Q9386664", "wikipedia": "pl:Zamek w Krupem", "wikipedia_url": "https://pl.wikipedia.org/wiki/Zamek_w_Krupem", "published": "2026-08-14" }, "geometry": { "type": "Point", "coordinates": [ 23.22111, 51.028356 ] } },
{ "type": "Feature", "id": 220, "properties": { "wkt_wgs84": "POINT (19.674860699 50.438286092)", "x_wgs84": 19.674860699, "y_wgs84": 50.438286091999998, "country": "Polska", "province": "śląskie", "district": "zawierciański", "municipality": "Pilica", "postcode": "42-436", "object_type": "K01.30.10", "object_type_name": "Zamki", "veracity_score": "good", "accessibility": "full", "state": "fair", "otar_id": "K01.30.10.97SCB1", "name": "Zamek w Smoleniu", "description": "Zamek w Smoleniu powstał w XIV w. jako gotycka warownia na skalistym wzgórzu. Założenie obejmowało zamek górny z cylindryczną wieżą, zabudową mieszkalną i murami obronnymi oraz dwa podzamcza. W XVI w. był rozbudowywany, lecz w XVII w. zaczął tracić znaczenie i popadać w ruinę. Obecnie zachowane są mury, wieża i relikty zabudowy; ruiny zostały zabezpieczone i są udostępnione turystycznie.", "wikidata": "Q9386739", "wikidata_url": "https://www.wikidata.org/wiki/Q9386739", "wikipedia": "pl:Zamek w Smoleniu", "wikipedia_url": "https://pl.wikipedia.org/wiki/Zamek_w_Smoleniu", "published": "2026-08-14" }, "geometry": { "type": "Point", "coordinates": [ 19.674860699, 50.438286092 ] } },
{ "type": "Feature", "id": 221, "properties": { "wkt_wgs84": "POINT (22.7705881216213 53.21292090170633)", "x_wgs84": 22.770588121621302, "y_wgs84": 53.212920901706333, "country": "Polska", "province": "podlaskie", "district": "białostocki", "municipality": "Tykocin", "postcode": "16-080", "object_type": "K01.30.10", "object_type_name": "Zamki", "veracity_score": "good", "accessibility": "full", "state": "excellent", "otar_id": "K01.30.10.99QLRC", "name": "Zamek w Tykocinie", "description": "Zamek w Tykocinie powstał w XV w. jako warownia Gasztołdów, a w latach 1549–1575 został rozbudowany dla Zygmunta Augusta w formie renesansowego zamku królewskiego. W XVII w. otoczono go czterema wielkimi bastionami ziemnymi. Po pożarze w 1734 r. popadł w ruinę i był stopniowo rozbierany. Obecnie część założenia została zrekonstruowana na podstawie badań archeologicznych i źródeł archiwalnych.", "wikidata": "Q5734420", "wikidata_url": "https://www.wikidata.org/wiki/Q5734420", "wikipedia": "pl:Zamek w Tykocinie", "wikipedia_url": "https://pl.wikipedia.org/wiki/Zamek_w_Tykocinie", "published": "2026-08-14" }, "geometry": { "type": "Point", "coordinates": [ 22.770588121621302, 53.212920901706333 ] } },
{ "type": "Feature", "id": 222, "properties": { "wkt_wgs84": "POINT (17.711868363 51.077876736)", "x_wgs84": 17.711868363000001, "y_wgs84": 51.077876736, "country": "Polska", "province": "opolskie", "district": "namysłowski", "municipality": "Namysłów", "postcode": "46-100", "object_type": "K01.30.10", "object_type_name": "Zamki", "veracity_score": "good", "accessibility": "limited", "state": "good", "otar_id": "K01.30.10.9N9AAY", "name": "Zamek w Namysłowie", "description": "Gotycki zamek w Namysłowie to ciekawy przykład średniowiecznej warowni miejskiej, która od stuleci jest nierozerwalnie połączona z tradycjami lokalnego piwowarstwa. Pierwsze wzmianki o drewnianym grodzie pochodzą z 1312 roku, jednak murowany zamek bezwieżowy wzniósł około 1360 roku król czeski Karol IV Luksemburski. Warownia została ściśle sprzężona z murami obronnymi miasta. W 1533 roku obiekt przejęła we władanie Rada Miejska Wrocławia, która dobudowała skrzydło zachodnie i budynek bramny.", "wikidata": "Q9386687", "wikidata_url": "https://www.wikidata.org/wiki/Q9386687", "wikipedia": "pl:Zamek w Namysłowie", "wikipedia_url": "https://pl.wikipedia.org/wiki/Zamek_w_Namys%C5%82owie", "published": "2026-08-14" }, "geometry": { "type": "Point", "coordinates": [ 17.711868363, 51.077876736 ] } },
{ "type": "Feature", "id": 223, "properties": { "wkt_wgs84": "POINT (15.761394 53.219479)", "x_wgs84": 15.761394, "y_wgs84": 53.219479, "country": "Polska", "province": "zachodniopomorskie", "district": "choszczeński", "municipality": "Drawno", "postcode": "73-220", "object_type": "K01.30.10", "object_type_name": "Zamki", "veracity_score": "fair", "accessibility": "full", "state": "poor", "otar_id": "K01.30.10.9PXNEQ", "name": "Zamek w Drawnie", "description": "Rycerski zamek z przełomu XIII i XIV wieku, wzniesiony przez ród von Wedel na miejscu dawnego słowiańskiego grodu (X wiek) na sztucznie uformowanym wzniesieniu nad Jeziorem Rudno (Drawieńskim) w Drawnie, zachowany w formie ruiny, wpisany do rejestru zabytków pod nr 303 z 5.07.1958. Do dziś zachowały się dwa narożniki głównego budynku sięgające 12 m wysokości, pokryte bluszczem. W XIX w. ruiny uporządkowano w romantycznym stylu.", "wikidata": "Q9386625", "wikidata_url": "https://www.wikidata.org/wiki/Q9386625", "wikipedia": "pl:Zamek w Drawnie", "wikipedia_url": "https://pl.wikipedia.org/wiki/Zamek_w_Drawnie", "published": "2026-08-14" }, "geometry": { "type": "Point", "coordinates": [ 15.761394, 53.219479 ] } },
{ "type": "Feature", "id": 224, "properties": { "wkt_wgs84": "POINT (19.257069 50.067248)", "x_wgs84": 19.257069, "y_wgs84": 50.067248, "country": "Polska", "province": "małopolskie", "district": "oświęcimski", "municipality": "Chełmek", "postcode": "32-661", "object_type": "K01.30.10", "object_type_name": "Zamki", "veracity_score": "fair", "accessibility": "limited", "state": "fair", "otar_id": "K01.30.10.9R8T6E", "name": "Zamek w Bobrku", "description": "Zamek w Bobrku był rycerską warownią z końca XIV wieku, położoną na sztucznie usypanym wyniesieniu przy ujściu Przemszy do Wisły. Spłonął w czasie potopu szwedzkiego, a w XIX wieku jego pozostałości wykorzystano przy budowie klasycystycznego pałacu. Dziś zachowały się tylko fragmenty dawnego założenia Budynek w prywatnych rękach", "wikidata": "Q9386604", "wikidata_url": "https://www.wikidata.org/wiki/Q9386604", "wikipedia": "pl:Zamek w Bobrku", "wikipedia_url": "https://pl.wikipedia.org/wiki/Zamek_w_Bobrku", "published": "2026-08-14" }, "geometry": { "type": "Point", "coordinates": [ 19.257069, 50.067248 ] } },
{ "type": "Feature", "id": 225, "properties": { "wkt_wgs84": "POINT (16.699742464 54.213622879)", "x_wgs84": 16.699742464, "y_wgs84": 54.213622879, "country": "Polska", "province": "zachodniopomorskie", "district": "koszaliński", "municipality": "Polanów", "postcode": "76-010", "object_type": "K01.30.10", "object_type_name": "Zamki", "veracity_score": "good", "accessibility": "partial", "state": "excellent", "otar_id": "K01.30.10.9TN4SW", "name": "Zamek w Krągu", "description": "Zamek w Krągu to zabytkowa rezydencja nad jeziorem Zamkowym w województwie zachodniopomorskim. Początki warowni sięgają XV wieku, a obecny wygląd to efekt renesansowej przebudowy rodu Podewilsów. Dziś mieści hotel, a przy obiekcie zachowały się także elementy dawnej zabudowy obronnej i kaplica", "wikidata": "Q16619003", "wikidata_url": "https://www.wikidata.org/wiki/Q16619003", "wikipedia": "pl:Zamek w Krągu", "wikipedia_url": "https://pl.wikipedia.org/wiki/Zamek_w_Kr%C4%85gu", "published": "2026-08-14" }, "geometry": { "type": "Point", "coordinates": [ 16.699742464, 54.213622879 ] } },
{ "type": "Feature", "id": 226, "properties": { "wkt_wgs84": "POINT (17.537081384 50.31626796)", "x_wgs84": 17.537081384, "y_wgs84": 50.31626796, "country": "Polska", "province": "opolskie", "district": "prudnicki", "municipality": "Prudnik", "postcode": "48-200", "object_type": "K01.30.10", "object_type_name": "Zamki", "veracity_score": "poor", "accessibility": "limited", "state": "bad", "otar_id": "K01.30.10.9TWEGC", "name": "Zamek w Łące Prudnickiej", "description": "Zamek w Łące Prudnickiej to renesansowa rezydencja wzniesiona w XVI wieku na miejscu wcześniejszego, XV-wiecznego zamku książąt niemodlińskich. Obiekt był później wielokrotnie przebudowywany, m.in. w XIX wieku w stylu neogotyckim, a po 1945 roku stopniowo popadał w ruinę.  Obecnie zachowały się wszystkie skrzydła zamkowe, jednak zabytek pozostaje nieużytkowany i niszczeje.", "wikidata": "Q30229166", "wikidata_url": "https://www.wikidata.org/wiki/Q30229166", "wikipedia": "pl:Zamek w Łące Prudnickiej", "wikipedia_url": "https://pl.wikipedia.org/wiki/Zamek_w_%C5%81%C4%85ce_Prudnickiej", "published": "2026-08-14" }, "geometry": { "type": "Point", "coordinates": [ 17.537081384, 50.31626796 ] } },
{ "type": "Feature", "id": 227, "properties": { "wkt_wgs84": "POINT (18.769154 49.920773)", "x_wgs84": 18.769154, "y_wgs84": 49.920773, "country": "Polska", "province": "śląskie", "district": "cieszyński", "municipality": "Strumień", "postcode": "43-246", "object_type": "K01.30.10", "object_type_name": "Zamki", "veracity_score": "good", "accessibility": "limited", "state": "fair", "otar_id": "K01.30.10.9UWZAF", "name": "Zamek w Strumieniu", "description": "Zabytkowy zamek (potocznie zwany dworem) z przełomu XVII i XVIII w., prawdopodobnie na miejscu wcześniejszej XIV-wiecznej budowli; położony w Strumieniu, przy ul. Ks. Londzina 56, wpisany do rejestru zabytków pod nr 181/60 z 2.03.1960. Pierwotnie skromny dwór, w połowie XVIII w. prostokątny budynek nakryty mansardowym dachem, otoczony zabudowaniami gospodarczymi i parkiem; gruntownie przebudowany w XIX i XX w., zyskując obecny kształt.", "wikidata": "Q24945461", "wikidata_url": "https://www.wikidata.org/wiki/Q24945461", "wikipedia": "pl:Zamek w Strumieniu", "wikipedia_url": "https://pl.wikipedia.org/wiki/Zamek_w_Strumieniu", "published": "2026-08-14" }, "geometry": { "type": "Point", "coordinates": [ 18.769154, 49.920773 ] } },
{ "type": "Feature", "id": 228, "properties": { "wkt_wgs84": "POINT (20.313272423 49.435018382)", "x_wgs84": 20.313272423000001, "y_wgs84": 49.435018382000003, "country": "Polska", "province": "małopolskie", "district": "nowotarski", "municipality": "Czorsztyn", "postcode": "34-440", "object_type": "K01.30.10", "object_type_name": "Zamki", "veracity_score": "good", "accessibility": "full", "state": "fair", "otar_id": "K01.30.10.9VCWY6", "name": "Zamek Czorsztyn", "description": "Zamek Czorsztyn wzniesiono w XIV w. jako królewską warownię strzegącą szlaku przez Pieniny i granicy z Węgrami. Założenie obejmowało zamek górny i dolny, mury obronne, dziedzińce oraz zabudowę mieszkalną, wielokrotnie rozbudowywaną w kolejnych stuleciach. Po pożarze w XVIII w. popadł w ruinę. Obecnie zachowane mury i relikty zabudowy są zabezpieczone i udostępnione turystycznie.", "wikidata": "Q723398", "wikidata_url": "https://www.wikidata.org/wiki/Q723398", "wikipedia": "pl:Zamek Czorsztyn", "wikipedia_url": "https://pl.wikipedia.org/wiki/Zamek_Czorsztyn", "published": "2026-08-14" }, "geometry": { "type": "Point", "coordinates": [ 20.313272423, 49.435018382 ] } },
{ "type": "Feature", "id": 229, "properties": { "wkt_wgs84": "POINT (18.564430296 53.25185572)", "x_wgs84": 18.564430296000001, "y_wgs84": 53.25185572, "country": "Polska", "province": "kujawsko-pomorskie", "district": "chełmiński", "municipality": "Papowo Biskupie", "postcode": "86-221", "object_type": "K01.30.10", "object_type_name": "Zamki", "veracity_score": "good", "accessibility": "limited", "state": "fair", "otar_id": "K01.30.10.9W6JTG", "name": "Zamek w Papowie Biskupim", "description": "Zamek w Papowie Biskupim to monumentalne ruiny krzyżackiego zamku konwentualnego, wzniesionego w latach 80. XIII wieku jako siedziba komturii. Jest jednym z najstarszych regularnych zamków krzyżackich na ziemi chełmińskiej i wyróżnia się tym, że zbudowano go głównie z kamieni narzutowych, podczas gdy większość zamków zakonu wznoszono z cegły. Do dziś zachowały się imponujące mury skrzydła północnego oraz fragmenty skrzydeł wschodniego i zachodniego.", "wikidata": "Q14906500", "wikidata_url": "https://www.wikidata.org/wiki/Q14906500", "wikipedia": "pl:Zamek w Papowie Biskupim", "wikipedia_url": "https://pl.wikipedia.org/wiki/Zamek_w_Papowie_Biskupim", "published": "2026-08-14" }, "geometry": { "type": "Point", "coordinates": [ 18.564430296, 53.25185572 ] } },
{ "type": "Feature", "id": 230, "properties": { "wkt_wgs84": "POINT (22.329557701 49.526823034)", "x_wgs84": 22.329557701, "y_wgs84": 49.526823034000003, "country": "Polska", "province": "podkarpackie", "district": "leski", "municipality": "Lesko", "postcode": "38-600", "object_type": "K01.30.10", "object_type_name": "Zamki", "veracity_score": "good", "accessibility": "full", "state": "poor", "otar_id": "K01.30.10.A2U9FS", "name": "Zamek Sobień", "description": "Ruiny zamku Sobień w Monasterzcu to pozostałości średniowiecznej warowni wzniesionej na przełomie XIII i XIV wieku na wysokim wzgórzu nad doliną Sanu. Zamek, należący później do rodu Kmitów, pełnił funkcje obronne i mieszkalne. Po zniszczeniach podczas najazdu wojsk węgierskich w 1474 roku został opuszczony i stopniowo popadł w ruinę. Do dziś zachowały się fragmenty murów obwodowych, relikty budynku mieszkalnego oraz bramy wjazdowej.", "wikidata": "Q1014005", "wikidata_url": "https://www.wikidata.org/wiki/Q1014005", "wikipedia": "pl:Zamek Sobień", "wikipedia_url": "https://pl.wikipedia.org/wiki/Zamek_Sobie%C5%84", "published": "2026-08-14" }, "geometry": { "type": "Point", "coordinates": [ 22.329557701, 49.526823034 ] } },
{ "type": "Feature", "id": 231, "properties": { "wkt_wgs84": "POINT (20.58314951312228 54.12562938867193)", "x_wgs84": 20.583149513122279, "y_wgs84": 54.125629388671932, "country": "Polska", "province": "warmińsko-mazurskie", "district": "lidzbarski", "municipality": "Lidzbark Warmiński", "postcode": "11-100", "object_type": "K01.30.10", "object_type_name": "Zamki", "veracity_score": "good", "accessibility": "full", "state": "excellent", "otar_id": "K01.30.10.A3T9NA", "name": "Zamek biskupów warmińskich w Lidzbarku Warmińskim", "description": "Zamek Biskupów Warmińskich w Lidzbarku Warmińskim  Wawel Północy Zamek Biskupów Warmińskich w Lidzbarku Warmińskim to jeden z najwspanialszych i najlepiej zachowanych pomników architektury gotyckiej w Europie Środkowej. Wzniesiony w widłach rzek Łyny i Symsarny w latach 1350-1401, przez niemal cztery stulecia pełnił funkcję głównej rezydencji i centrum administracyjno-kulturalnego suwerennego państwa biskupów warmińskich.", "wikidata": "Q5420724", "wikidata_url": "https://www.wikidata.org/wiki/Q5420724", "wikipedia": "pl:Zamek Biskupów Warmińskich w Lidzbarku Warmińskim", "wikipedia_url": "https://pl.wikipedia.org/wiki/Zamek_Biskup%C3%B3w_Warmi%C5%84skich_w_Lidzbarku_Warmi%C5%84skim", "published": "2026-08-14" }, "geometry": { "type": "Point", "coordinates": [ 20.583149513122279, 54.125629388671932 ] } },
{ "type": "Feature", "id": 232, "properties": { "wkt_wgs84": "POINT (16.150438094 53.190475753)", "x_wgs84": 16.150438093999998, "y_wgs84": 53.190475753000001, "country": "Polska", "province": "zachodniopomorskie", "district": "wałecki", "municipality": "Tuczno", "postcode": "78-640", "object_type": "K01.30.10", "object_type_name": "Zamki", "veracity_score": "good", "accessibility": "partial", "state": "excellent", "otar_id": "K01.30.10.A76AYN", "name": "Zamek w Tucznie", "description": "Zamek w Tucznie wzniesiono w XIV w. jako gotycką warownię rodu Wedlów, strzegącą pogranicza i szlaków prowadzących przez ziemię wałecką. Założenie obejmowało mury obronne, dziedziniec, zabudowę mieszkalną i wieże, a w XVI–XVII w. zostało przebudowane w renesansowo-barokową rezydencję. Po zniszczeniach II wojny światowej zamek odbudowano. Obecnie jest dobrze zachowany i pełni funkcje hotelowe, konferencyjne i kulturalne.", "wikidata": "Q7851220", "wikidata_url": "https://www.wikidata.org/wiki/Q7851220", "wikipedia": "pl:Zamek w Tucznie", "wikipedia_url": "https://pl.wikipedia.org/wiki/Zamek_w_Tucznie", "published": "2026-08-14" }, "geometry": { "type": "Point", "coordinates": [ 16.150438094, 53.190475753 ] } },
{ "type": "Feature", "id": 233, "properties": { "wkt_wgs84": "POINT (19.882820983 50.162150597)", "x_wgs84": 19.882820982999998, "y_wgs84": 50.162150597, "country": "Polska", "province": "małopolskie", "district": "krakowski", "municipality": "Zielonki", "postcode": "32-088", "object_type": "K01.30.10", "object_type_name": "Zamki", "veracity_score": "good", "accessibility": "partial", "state": "excellent", "otar_id": "K01.30.10.AB4MVJ", "name": "Zamek w Korzkwi", "description": "Zamek w Korzkwi to XIV-wieczna rezydencja obronna niedaleko Krakowa, która po latach zaniedbań została podniesiona z ruin i stanowi dziś znakomity przykład udanej prywatnej rewitalizacji. Od 1997 roku obiekt jest sukcesywnie odbudowywany i pieczołowicie restaurowany przez obecnego właściciela. Obecnie dawna gotycka warownia odzyskała swoją historyczną bryłę, z odrestaurowaną wieżą mieszkalną, reprezentacyjnymi komnatami i surowymi, kamiennymi murami.", "wikidata": "Q9386656", "wikidata_url": "https://www.wikidata.org/wiki/Q9386656", "wikipedia": "pl:Zamek w Korzkwi", "wikipedia_url": "https://pl.wikipedia.org/wiki/Zamek_w_Korzkwi", "published": "2026-08-14" }, "geometry": { "type": "Point", "coordinates": [ 19.882820983, 50.162150597 ] } },
{ "type": "Feature", "id": 234, "properties": { "wkt_wgs84": "POINT (19.866392548 50.048295578)", "x_wgs84": 19.866392548, "y_wgs84": 50.048295578000001, "country": "Polska", "province": "małopolskie", "district": "Kraków", "municipality": "Kraków", "postcode": "30-251", "object_type": "K01.30.10", "object_type_name": "Zamki", "veracity_score": "fair", "accessibility": "partial", "state": "excellent", "otar_id": "K01.30.10.ABAUD6", "name": "Zamek w Przegorzałach", "description": "Zamek w Przegorzałach powstał w latach 1942-1944 jako reprezentacyjna rezydencja wzniesiona w czasie II wojny światowej. Budynek nawiązuje formą do romantycznych zamków nadreńskich  ma wydłużony, trzykondygnacyjny korpus, symetryczne ryzality, dwuspadowy dach oraz bogato opracowane elewacje z detalami z piaskowca. Od strony południowej znajdują się rozległe tarasy z widokiem na dolinę Wisły. Obecnie mieści hotel i restaurację.", "wikidata": "Q15401686", "wikidata_url": "https://www.wikidata.org/wiki/Q15401686", "wikipedia": "pl:Zamek w Przegorzałach", "wikipedia_url": "https://pl.wikipedia.org/wiki/Zamek_w_Przegorza%C5%82ach", "published": "2026-08-14" }, "geometry": { "type": "Point", "coordinates": [ 19.866392548, 50.048295578 ] } },
{ "type": "Feature", "id": 235, "properties": { "wkt_wgs84": "POINT (15.46086339 51.083754064)", "x_wgs84": 15.46086339, "y_wgs84": 51.083754063999997, "country": "Polska", "province": "dolnośląskie", "district": "lwówecki", "municipality": "Gryfów Śląski", "postcode": "59-620", "object_type": "K01.30.10", "object_type_name": "Zamki", "veracity_score": "good", "accessibility": "full", "state": "poor", "otar_id": "K01.30.10.AGARJW", "name": "Zamek Podskale", "description": "Zamek Podskale wzniesiono w średniowieczu jako niewielką warownię rycerską, wykorzystującą naturalne ukształtowanie skalistego wzgórza. Założenie obejmowało murowane elementy obronne i zabudowę mieszkalną, dostosowane do nieregularnego terenu. Zamek utracił znaczenie i z czasem popadł w ruinę. Obecnie zachowały się jedynie relikty murów i fundamentów, częściowo wkomponowane w skały.", "wikidata": "Q9386549", "wikidata_url": "https://www.wikidata.org/wiki/Q9386549", "wikipedia": "pl:Zamek Podskale", "wikipedia_url": "https://pl.wikipedia.org/wiki/Zamek_Podskale", "published": "2026-08-14" }, "geometry": { "type": "Point", "coordinates": [ 15.46086339, 51.083754064 ] } },
{ "type": "Feature", "id": 236, "properties": { "wkt_wgs84": "POINT (18.799856677 50.998094946)", "x_wgs84": 18.799856677000001, "y_wgs84": 50.998094946000002, "country": "Polska", "province": "śląskie", "district": "kłobucki", "municipality": "Lipie", "postcode": "42-165", "object_type": "K01.30.10", "object_type_name": "Zamki", "veracity_score": "good", "accessibility": "full", "state": "poor", "otar_id": "K01.30.10.AP1XZC", "name": "Zamek w Dankowie", "description": "Zamek w Dankowie wzniesiono w XVII w. jako rozległą rezydencję obronną otoczoną nowożytnymi fortyfikacjami bastionowymi. Założenie obejmowało pałac, dziedziniec, mury, bastiony, bramy i zabudowania gospodarcze. Po zniszczeniach i stopniowej rozbiórce w XVIII–XIX w. popadł w ruinę. Obecnie zachowały się przede wszystkim fragmenty fortyfikacji, murów i bram dawnego zespołu.", "wikidata": "Q17611248", "wikidata_url": "https://www.wikidata.org/wiki/Q17611248", "wikipedia": "pl:Zamek w Dankowie", "wikipedia_url": "https://pl.wikipedia.org/wiki/Zamek_w_Dankowie", "published": "2026-08-14" }, "geometry": { "type": "Point", "coordinates": [ 18.799856677, 50.998094946 ] } },
{ "type": "Feature", "id": 237, "properties": { "wkt_wgs84": "POINT (16.69360326 51.561824252)", "x_wgs84": 16.69360326, "y_wgs84": 51.561824252000001, "country": "Polska", "province": "dolnośląskie", "district": "górowski", "municipality": "Wąsosz", "postcode": "56-210", "object_type": "K01.30.10", "object_type_name": "Zamki", "veracity_score": "good", "accessibility": "partial", "state": "excellent", "otar_id": "K01.30.10.APUMR1", "name": "Zamek w Wąsoszu", "description": "Zamek w Wąsoszu to historyczna warownia nizinna, która przez stulecia strzegła północnych rubieży Dolnego Śląska i granicy z Wielkopolską. Choć w wyniku późniejszych przebudów utracił swój surowy, obronny charakter, do dziś stanowi cenny pomnik historii tego regionu. Początki murowanego zamku sięgają końca XIV wieku (około 1380-1400 roku). Został wzniesiony z inicjatywy książąt oleśnickich  najpewniej Konrada II  w miejscu wcześniejszego, drewniano-ziemnego grodu kasztelańskiego.", "wikidata": "Q9386764", "wikidata_url": "https://www.wikidata.org/wiki/Q9386764", "wikipedia": "pl:Zamek w Wąsoszu", "wikipedia_url": "https://pl.wikipedia.org/wiki/Zamek_w_W%C4%85soszu", "published": "2026-08-14" }, "geometry": { "type": "Point", "coordinates": [ 16.69360326, 51.561824252 ] } },
{ "type": "Feature", "id": 238, "properties": { "wkt_wgs84": "POINT (15.293271185 52.33443004)", "x_wgs84": 15.293271185, "y_wgs84": 52.33443004, "country": "Polska", "province": "lubuskie", "district": "świebodziński", "municipality": "Łagów", "postcode": "66-220", "object_type": "K01.30.10", "object_type_name": "Zamki", "veracity_score": "good", "accessibility": "partial", "state": "excellent", "otar_id": "K01.30.10.ARLS83", "name": "Zamek joannitów w Łagowie", "description": "Zamek w Łagowie to jedna z najpiękniejszych i najlepiej zachowanych rezydencji obronnych w zachodniej Polsce, malowniczo usytuowana na sztucznym wzniesieniu w przesmyku między jeziorami Trześniowskim i Łagowskim. Historia obiektu nierozerwalnie wiąże się z zakonem joannitów, którzy po 1347 roku utworzyli tu komandorię i rozpoczęli budowę murowanej warowni. Obecnie mieści się tu hotel i restauracja, a zabytkowe wnętrza oraz wieża widokowa są udostępnione dla gości.", "wikidata": "Q16618861", "wikidata_url": "https://www.wikidata.org/wiki/Q16618861", "wikipedia": "pl:Zamek joannitów w Łagowie", "wikipedia_url": "https://pl.wikipedia.org/wiki/Zamek_joannit%C3%B3w_w_%C5%81agowie", "published": "2026-08-14" }, "geometry": { "type": "Point", "coordinates": [ 15.293271185, 52.33443004 ] } },
{ "type": "Feature", "id": 239, "properties": { "wkt_wgs84": "POINT (21.368902 50.685951)", "x_wgs84": 21.368902, "y_wgs84": 50.685951, "country": "Polska", "province": "świętokrzyskie", "district": "sandomierski", "municipality": "Klimontów", "postcode": "27-640", "object_type": "K01.30.10", "object_type_name": "Zamki", "veracity_score": "fair", "accessibility": "full", "state": "poor", "otar_id": "K01.30.10.ASYMUJ", "name": "Zamek w Konarach", "description": "Zamek w Konarach wzniesiono w XIII w. jako niewielką warownię rycerską, prawdopodobnie w stylu gotyckim. Murowaną budowlę posadowiono na piaskowcowym podłożu; była podpiwniczona, a część mieszkalna zajmowała około 2,5 ara. W 1403 r. zamek zdobyto i zniszczono z rozkazu Władysława Jagiełły. Obecnie zachowały się jedynie fragmenty fundamentów i części piwnic.", "wikidata": "Q6428862", "wikidata_url": "https://www.wikidata.org/wiki/Q6428862", "wikipedia": "pl:Zamek w Konarach", "wikipedia_url": "https://pl.wikipedia.org/wiki/Zamek_w_Konarach", "published": "2026-08-14" }, "geometry": { "type": "Point", "coordinates": [ 21.368902, 50.685951 ] } },
{ "type": "Feature", "id": 240, "properties": { "wkt_wgs84": "POINT (18.863791590862952 49.80361176874397)", "x_wgs84": 18.863791590862952, "y_wgs84": 49.80361176874397, "country": "Polska", "province": "śląskie", "district": "bielski", "municipality": "Jasienica", "postcode": "43-386", "object_type": "K01.30.10", "object_type_name": "Zamki", "veracity_score": "good", "accessibility": "full", "state": "excellent", "otar_id": "K01.30.10.ATDLMR", "name": "Zamek w Grodźcu", "description": "Zamek w Grodźcu wywodzi się ze średniowiecznego założenia obronnego, którego najstarsze murowane partie pochodzą z XV w. W XVI–XVII w. przebudowano go w renesansowy dwór obronny z attyką, ryzalitami i narożnymi wieżyczkami. W XIX w. część wnętrz otrzymała wystrój neogotycki. Zachowały się historyczne piwnice, portale, drewniane stropy, boazerie i stolarka. Obecnie zamek pozostaje zachowany i użytkowany.", "wikidata": "Q9386642", "wikidata_url": "https://www.wikidata.org/wiki/Q9386642", "wikipedia": "pl:Zamek w Grodźcu", "wikipedia_url": "https://pl.wikipedia.org/wiki/Zamek_w_Grod%C5%BAcu", "published": "2026-08-14" }, "geometry": { "type": "Point", "coordinates": [ 18.863791590862952, 49.80361176874397 ] } },
{ "type": "Feature", "id": 241, "properties": { "wkt_wgs84": "POINT (18.717661105 49.715922394)", "x_wgs84": 18.717661105000001, "y_wgs84": 49.715922394000003, "country": "Polska", "province": "śląskie", "district": "cieszyński", "municipality": "Goleszów", "postcode": "43-445", "object_type": "K01.30.10", "object_type_name": "Zamki", "veracity_score": "good", "accessibility": "partial", "state": "excellent", "otar_id": "K01.30.10.ATHCBJ", "name": "Zamek w Dzięgielowie", "description": "Zamek w Dzięgielowie powstał pod koniec XV wieku z inicjatywy Jana Czelo z Czechowic i był pierwotnie czteroskrzydłowym dworem obronnym. Po zniszczeniach wojny trzydziestoletniej został odbudowany i rozbudowany przez Goczałkowskich, a w XIX wieku oraz na początku XX wieku był kolejno przebudowywany. Po pożarze gorzelni w 1870 roku obiekt zaczął popadać w ruinę, lecz po 1993 roku został odrestaurowany i dziś mieści hotel.", "wikidata": "Q16618924", "wikidata_url": "https://www.wikidata.org/wiki/Q16618924", "wikipedia": "pl:Zamek w Dzięgielowie", "wikipedia_url": "https://pl.wikipedia.org/wiki/Zamek_w_Dzi%C4%99gielowie", "published": "2026-08-14" }, "geometry": { "type": "Point", "coordinates": [ 18.717661105, 49.715922394 ] } },
{ "type": "Feature", "id": 242, "properties": { "wkt_wgs84": "POINT (16.028802 51.457666)", "x_wgs84": 16.028802, "y_wgs84": 51.457666, "country": "Polska", "province": "dolnośląskie", "district": "polkowicki", "municipality": "Polkowice", "postcode": "59-100", "object_type": "K01.30.10", "object_type_name": "Zamki", "veracity_score": "fair", "accessibility": "limited", "state": "poor", "otar_id": "K01.30.10.AX5ASF", "name": "Zamek w Jędrzychowie", "description": "Zamek w Jędrzychowie to średniowieczna warownia wzniesiona w 1295 roku przez księcia Henryka III Głogowskiego. W XVIII wieku przebudowano ją na zbór ewangelicki, a dziś obiekt znajduje się w stanie daleko posuniętej dewastacji i jest wpisany do rejestru zabytków.", "wikidata": "Q20033785", "wikidata_url": "https://www.wikidata.org/wiki/Q20033785", "wikipedia": "pl:Zamek w Jędrzychowie", "wikipedia_url": "https://pl.wikipedia.org/wiki/Zamek_w_J%C4%99drzychowie", "published": "2026-08-14" }, "geometry": { "type": "Point", "coordinates": [ 16.028802, 51.457666 ] } },
{ "type": "Feature", "id": 243, "properties": { "wkt_wgs84": "POINT (19.219050483 51.755554562)", "x_wgs84": 19.219050483, "y_wgs84": 51.755554562, "country": "Polska", "province": "łódzkie", "district": "pabianicki", "municipality": "Lutomiersk", "postcode": "95-083", "object_type": "K01.30.10", "object_type_name": "Zamki", "veracity_score": "good", "accessibility": "limited", "state": "poor", "otar_id": "K01.30.10.AXC5D8", "name": "Zamek w Lutomiersku", "description": "Zamek powstał w XIV wieku w miejscu książęcego grodu. W 1650 roku został zaadaptowany na potrzeby klasztorne, a następnie wielokrotnie przebudowywany. Budynki ucierpiały podczas I wojny światowej, a Niemcy wywieźli wówczas klasztorne archiwum gromadzone od XVII wieku. W 1951 roku obiekt częściowo strawił pożar; odbudowę zakończono w 1974 roku. Obecnie mieści się tu Salezjańskie Liceum Muzyczne.", "wikidata": "Q110427541", "wikidata_url": "https://www.wikidata.org/wiki/Q110427541", "wikipedia": "pl:Zamek w Lutomiersku", "wikipedia_url": "https://pl.wikipedia.org/wiki/Zamek_w_Lutomiersku", "published": "2026-08-14" }, "geometry": { "type": "Point", "coordinates": [ 19.219050483, 51.755554562 ] } },
{ "type": "Feature", "id": 244, "properties": { "wkt_wgs84": "POINT (15.805373703 51.766545323)", "x_wgs84": 15.805373703000001, "y_wgs84": 51.766545323000003, "country": "Polska", "province": "lubuskie", "district": "nowosolski", "municipality": "Siedlisko", "postcode": "67-112", "object_type": "K01.30.10", "object_type_name": "Zamki", "veracity_score": "fair", "accessibility": "partial", "state": "fair", "otar_id": "K01.30.10.AXEJ8L", "name": "Zamek w Siedlisku", "description": "Zamek w Siedlisku wzniesiono na przełomie XVI i XVII w. jako renesansową rezydencję rodu von Schönaich. Założenie obejmowało wieloskrzydłową zabudowę z dziedzińcem, wieżami i elementami obronnymi, później rozbudowywaną w stylu barokowym. Po zniszczeniach w 1945 r. obiekt popadł w ruinę. Obecnie zachowały się fragmenty murów, wież, kaplicy i zabudowy dawnego zespołu zamkowego.", "wikidata": "Q1282858", "wikidata_url": "https://www.wikidata.org/wiki/Q1282858", "wikipedia": "pl:Zamek w Siedlisku", "wikipedia_url": "https://pl.wikipedia.org/wiki/Zamek_w_Siedlisku", "published": "2026-08-14" }, "geometry": { "type": "Point", "coordinates": [ 15.805373703, 51.766545323 ] } },
{ "type": "Feature", "id": 245, "properties": { "wkt_wgs84": "POINT (19.552314389 50.453264872)", "x_wgs84": 19.552314389, "y_wgs84": 50.453264871999998, "country": "Polska", "province": "śląskie", "district": "zawierciański", "municipality": "Ogrodzieniec", "postcode": "42-440", "object_type": "K01.30.10", "object_type_name": "Zamki", "veracity_score": "good", "accessibility": "full", "state": "fair", "otar_id": "K01.30.10.AYK7XW", "name": "Zamek Ogrodzieniec", "description": "Zamek Ogrodzieniec wzniesiono w XIV w. jako gotycką warownię na skalistym wzgórzu. W XVI w. Bonerowie rozbudowali go w rozległą renesansową rezydencję obronną, wykorzystując naturalne ostańce wapienne jako element fortyfikacji. Założenie obejmowało zamek górny, dziedzińce, wieże, bramy i zabudowę mieszkalną. Po zniszczeniach XVII–XVIII w. popadł w ruinę. Obecnie ruiny są zabezpieczone i udostępnione turystycznie.", "wikidata": "Q21155924", "wikidata_url": "https://www.wikidata.org/wiki/Q21155924", "wikipedia": "pl:Zamek Ogrodzieniec", "wikipedia_url": "https://pl.wikipedia.org/wiki/Zamek_Ogrodzieniec", "published": "2026-08-14" }, "geometry": { "type": "Point", "coordinates": [ 19.552314389, 50.453264872 ] } },
{ "type": "Feature", "id": 246, "properties": { "wkt_wgs84": "POINT (15.309839 53.588013)", "x_wgs84": 15.309839, "y_wgs84": 53.588013, "country": "Polska", "province": "zachodniopomorskie", "district": "łobeski", "municipality": "Dobra", "postcode": "72-210", "object_type": "K01.30.10", "object_type_name": "Zamki", "veracity_score": "good", "accessibility": "full", "state": "fair", "otar_id": "K01.30.10.B7BQNB", "name": "Zamek w Dobrej", "description": "Ruiny zamku w Dobrej to pozostałości po jednej z najstarszych i najbardziej strategicznych warowni rycerskich na Pomorzu Środkowym. Położony na wysokim, otoczonym fosą wzgórzu zamek przez stulecia stanowił gniazdo rodowe potężnego pomorskiego rodu von Dewitz, strzegąc pogranicza Księstwa Pomorskiego z Brandenburgią. Architektura i Rozwój Warowni Pierwsza murowana warownia powstała w tym miejscu w pierwszej połowie XIV wieku z inicjatywy hrabiego Ulricha von Dewitz.", "wikidata": "Q9386624", "wikidata_url": "https://www.wikidata.org/wiki/Q9386624", "wikipedia": "pl:Zamek w Dobrej (powiat łobeski)", "wikipedia_url": "https://pl.wikipedia.org/wiki/Zamek_w_Dobrej_%28powiat_%C5%82obeski%29", "published": "2026-08-14" }, "geometry": { "type": "Point", "coordinates": [ 15.309839, 53.588013 ] } },
{ "type": "Feature", "id": 247, "properties": { "wkt_wgs84": "POINT (17.86632187204274 50.19426635756312)", "x_wgs84": 17.866321872042739, "y_wgs84": 50.194266357563123, "country": "Polska", "province": "opolskie", "district": "głubczycki", "municipality": "Głubczyce", "postcode": "48-100", "object_type": "K01.30.10", "object_type_name": "Zamki", "veracity_score": "good", "accessibility": "partial", "state": "excellent", "otar_id": "K01.30.10.B7GNDN", "name": "Zamek joannitów w Grobnikach", "description": "Zamek z XVI wieku w stylu gotycko-renesansowym, aczkolwiek po latach i wielu zmianach w jego architekturze zachowało się niewiele cech charakterystycznych dla tego stylu. Obecnie pełni funkcję wiejskiego domu kultury.", "wikidata": "Q30223262", "wikidata_url": "https://www.wikidata.org/wiki/Q30223262", "wikipedia": "n/a", "wikipedia_url": "n/a", "published": "2026-08-14" }, "geometry": { "type": "Point", "coordinates": [ 17.866321872042739, 50.194266357563123 ] } },
{ "type": "Feature", "id": 248, "properties": { "wkt_wgs84": "POINT (21.759993464 54.035513567)", "x_wgs84": 21.759993464000001, "y_wgs84": 54.035513567000002, "country": "Polska", "province": "warmińsko-mazurskie", "district": "giżycki", "municipality": "Giżycko", "postcode": "11-500", "object_type": "K01.30.10", "object_type_name": "Zamki", "veracity_score": "good", "accessibility": "partial", "state": "excellent", "otar_id": "K01.30.10.B8UJ6W", "name": "Zamek w Giżycku", "description": "Zamek w Giżycku wzniesiono około 1377–1380 jako niewielką murowaną warownię krzyżacką. Zachowany budynek ma ok. 14,5 × 22 m, dwie kondygnacje, trzy piwnice, w tym dwie sklepione kolebkowo, oraz narożne szkarpy. W XVI w. otrzymał renesansowe szczyty, a w XVII w. został przekształcony w dwór myśliwski. Obecnie jest odrestaurowany i użytkowany jako część kompleksu hotelowego.", "wikidata": "Q9386631", "wikidata_url": "https://www.wikidata.org/wiki/Q9386631", "wikipedia": "pl:Zamek w Giżycku", "wikipedia_url": "https://pl.wikipedia.org/wiki/Zamek_w_Gi%C5%BCycku", "published": "2026-08-14" }, "geometry": { "type": "Point", "coordinates": [ 21.759993464, 54.035513567 ] } },
{ "type": "Feature", "id": 249, "properties": { "wkt_wgs84": "POINT (17.171817819 50.463682668)", "x_wgs84": 17.171817819000001, "y_wgs84": 50.463682667999997, "country": "Polska", "province": "opolskie", "district": "nyski", "municipality": "Otmuchów", "postcode": "48-385", "object_type": "K01.30.10", "object_type_name": "Zamki", "veracity_score": "good", "accessibility": "partial", "state": "good", "otar_id": "K01.30.10.BAUME3", "name": "Zamek w Otmuchowie", "description": "Zamek w Otmuchowie to gotycko-renesansowa warownia wzniesiona w miejscu dawnego grodu kasztelańskiego, która na przestrzeni wieków pełniła funkcję siedziby biskupów wrocławskich oraz rezydencji rodu Humboldtów, a obecnie, po licznych przekształceniach, służy celom hotelowym i turystycznym.", "wikidata": "Q6333019", "wikidata_url": "https://www.wikidata.org/wiki/Q6333019", "wikipedia": "pl:Zamek w Otmuchowie", "wikipedia_url": "https://pl.wikipedia.org/wiki/Zamek_w_Otmuchowie", "published": "2026-08-14" }, "geometry": { "type": "Point", "coordinates": [ 17.171817819, 50.463682668 ] } },
{ "type": "Feature", "id": 250, "properties": { "wkt_wgs84": "POINT (16.265232756 50.684833488)", "x_wgs84": 16.265232756, "y_wgs84": 50.684833488000002, "country": "Polska", "province": "dolnośląskie", "district": "wałbrzyski", "municipality": "Mieroszów", "postcode": "58-350", "object_type": "K01.30.10", "object_type_name": "Zamki", "veracity_score": "good", "accessibility": "full", "state": "poor", "otar_id": "K01.30.10.BBHURD", "name": "Zamek Radosno", "description": "Zamek Radosno powstał około połowy XIII w. jako górska warownia na skalistym wzgórzu w Górach Kamiennych. Pełnił funkcję obronną i kontrolował lokalne szlaki. Założenie obejmowało kamienne mury oraz wieżę, której fragmenty zachowały się do dziś. Zamek był stopniowo niszczony i ostatecznie popadł w ruinę. Obecnie zachowane są relikty murów i wieży, tworzące czytelne pozostałości średniowiecznego założenia.", "wikidata": "Q1013564", "wikidata_url": "https://www.wikidata.org/wiki/Q1013564", "wikipedia": "pl:Zamek Radosno", "wikipedia_url": "https://pl.wikipedia.org/wiki/Zamek_Radosno", "published": "2026-08-14" }, "geometry": { "type": "Point", "coordinates": [ 16.265232756, 50.684833488 ] } },
{ "type": "Feature", "id": 251, "properties": { "wkt_wgs84": "POINT (22.209186153 49.562281644)", "x_wgs84": 22.209186153000001, "y_wgs84": 49.562281644000002, "country": "Polska", "province": "podkarpackie", "district": "sanocki", "municipality": "Sanok", "postcode": "38-500", "object_type": "K01.30.10", "object_type_name": "Zamki", "veracity_score": "good", "accessibility": "full", "state": "excellent", "otar_id": "K01.30.10.BFPHPH", "name": "Zamek Królewski w Sanoku", "description": "Zamek Królewski w Sanoku należy do najcenniejszych zabytków Podkarpacia. Jego początki sięgają XIV wieku, kiedy z inicjatywy króla Kazimierza Wielkiego wzniesiono murowaną warownię na miejscu wcześniejszego grodu. W XVI wieku zamek przebudowano w stylu renesansowym, nadając mu reprezentacyjny charakter królewskiej rezydencji. Do dziś zachował się główny budynek zamkowy, w którym mieści się Muzeum Historyczne.", "wikidata": "Q1629927", "wikidata_url": "https://www.wikidata.org/wiki/Q1629927", "wikipedia": "pl:Zamek Królewski w Sanoku", "wikipedia_url": "https://pl.wikipedia.org/wiki/Zamek_Kr%C3%B3lewski_w_Sanoku", "published": "2026-08-14" }, "geometry": { "type": "Point", "coordinates": [ 22.209186153, 49.562281644 ] } },
{ "type": "Feature", "id": 252, "properties": { "wkt_wgs84": "POINT (18.665872122 50.292827214)", "x_wgs84": 18.665872122, "y_wgs84": 50.292827214, "country": "Polska", "province": "śląskie", "district": "Gliwice", "municipality": "Gliwice", "postcode": "44-100", "object_type": "K01.30.10", "object_type_name": "Zamki", "veracity_score": "good", "accessibility": "full", "state": "excellent", "otar_id": "K01.30.10.BMRCZ5", "name": "Zamek Piastowski w Gliwicach", "description": "Zamek Piastowski w Gliwicach powstał w XIV w. jako element miejskiego systemu obronnego i siedziba książęca. W XVI w. został przebudowany w renesansową rezydencję, wykorzystując fragmenty murów miejskich i baszt. Budowla ma zwartą, nieregularną bryłę z dziedzińcem i reliktami dawnych umocnień. Obecnie jest odrestaurowana i mieści oddział Muzeum w Gliwicach.", "wikidata": "Q837875", "wikidata_url": "https://www.wikidata.org/wiki/Q837875", "wikipedia": "pl:Zamek Piastowski w Gliwicach", "wikipedia_url": "https://pl.wikipedia.org/wiki/Zamek_Piastowski_w_Gliwicach", "published": "2026-08-14" }, "geometry": { "type": "Point", "coordinates": [ 18.665872122, 50.292827214 ] } },
{ "type": "Feature", "id": 253, "properties": { "wkt_wgs84": "POINT (17.737139959 50.465254702)", "x_wgs84": 17.737139959, "y_wgs84": 50.465254702000003, "country": "Polska", "province": "opolskie", "district": "prudnicki", "municipality": "Biała", "postcode": "48-220", "object_type": "K01.30.10", "object_type_name": "Zamki", "veracity_score": "good", "accessibility": "limited", "state": "bad", "otar_id": "K01.30.10.C4JBWV", "name": "Zamek w Chrzelicach", "description": "Zamek wzniesiony w XV w. przez książąt opolskich. Przebudowany, obecnie w ruinie. Zachowały się mury i ściany budynku. Ruiny zamku grożą zawaleniem.", "wikidata": "Q16618899", "wikidata_url": "https://www.wikidata.org/wiki/Q16618899", "wikipedia": "pl:Zamek w Chrzelicach", "wikipedia_url": "https://pl.wikipedia.org/wiki/Zamek_w_Chrzelicach", "published": "2026-08-14" }, "geometry": { "type": "Point", "coordinates": [ 17.737139959, 50.465254702 ] } },
{ "type": "Feature", "id": 254, "properties": { "wkt_wgs84": "POINT (18.353594369 53.499825674)", "x_wgs84": 18.353594369, "y_wgs84": 53.499825674, "country": "Polska", "province": "kujawsko-pomorskie", "district": "świecki", "municipality": "Drzycim", "postcode": "86-140", "object_type": "K01.30.10", "object_type_name": "Zamki", "veracity_score": "good", "accessibility": "full", "state": "poor", "otar_id": "K01.30.10.C7WKHW", "name": "Zamek Gródek", "description": "Zamek w Gródku wzniesiono między 1308 a 1360 r. jako niewielką warownię krzyżacką. Założenie miało nieregularny plan i składało się z zamku właściwego o wymiarach ok. 23 × 40 m oraz przedzamcza. Zamek posiadał trzy skrzydła, podpiwniczone skrzydło północne, kaplicę w skrzydle wschodnim oraz wieżę bramną poprzedzoną suchą fosą. W XVII w. został rozebrany. Obecnie zachowały się jedynie nikłe relikty murów i fosy.", "wikidata": "n/a", "wikidata_url": "n/a", "wikipedia": "n/a", "wikipedia_url": "n/a", "published": "2026-08-14" }, "geometry": { "type": "Point", "coordinates": [ 18.353594369, 53.499825674 ] } },
{ "type": "Feature", "id": 255, "properties": { "wkt_wgs84": "POINT (16.497136596 52.873764352)", "x_wgs84": 16.497136596000001, "y_wgs84": 52.873764352000002, "country": "Polska", "province": "wielkopolskie", "district": "czarnkowsko-trzcianecki", "municipality": "Czarnków", "postcode": "64-700", "object_type": "K01.30.10", "object_type_name": "Zamki", "veracity_score": "good", "accessibility": "partial", "state": "excellent", "otar_id": "K01.30.10.C943VW", "name": "Zamek w Goraju", "description": "Zamek w Goraju wzniesiono w XIX w. jako neorenesansową rezydencję o formach inspirowanych architekturą zamkową. Budowla ma rozczłonkowaną bryłę z wieżami, ryzalitami, wysokimi dachami i bogatym detalem historyzującym, a całość otacza park krajobrazowy. Obiekt nie pełnił funkcji militarnej, lecz reprezentacyjną i mieszkalną. Obecnie zamek jest zachowany i użytkowany jako siedziba Zespołu Szkół Leśnych.", "wikidata": "Q9386632", "wikidata_url": "https://www.wikidata.org/wiki/Q9386632", "wikipedia": "pl:Zamek w Goraju", "wikipedia_url": "https://pl.wikipedia.org/wiki/Zamek_w_Goraju", "published": "2026-08-14" }, "geometry": { "type": "Point", "coordinates": [ 16.497136596, 52.873764352 ] } },
{ "type": "Feature", "id": 256, "properties": { "wkt_wgs84": "POINT (18.946930849 52.779425403)", "x_wgs84": 18.946930849000001, "y_wgs84": 52.779425402999998, "country": "Polska", "province": "kujawsko-pomorskie", "district": "lipnowski", "municipality": "Bobrowniki", "postcode": "87-617", "object_type": "K01.30.10", "object_type_name": "Zamki", "veracity_score": "good", "accessibility": "full", "state": "fair", "otar_id": "K01.30.10.CEH69Z", "name": "Zamek w Bobrownikach", "description": "Zamek w Bobrownikach wzniesiono prawdopodobnie w połowie XIV w. jako warownię książęcą. Założenie miało plan zbliżony do kwadratu, dwa skrzydła, mur obronny, fosę, bramę wjazdową oraz wieżę obronno-sygnalizacyjną. Po utracie znaczenia militarnego stopniowo podupadał, a po zniszczeniach wojennych XVII w. popadł w ruinę. Obecnie zachowały się fragmenty murów obronnych i wieży, narażone na dalszą degradację.", "wikidata": "Q9386581", "wikidata_url": "https://www.wikidata.org/wiki/Q9386581", "wikipedia": "pl:Zamek w Bobrownikach", "wikipedia_url": "https://pl.wikipedia.org/wiki/Zamek_w_Bobrownikach", "published": "2026-08-14" }, "geometry": { "type": "Point", "coordinates": [ 18.946930849, 52.779425403 ] } },
{ "type": "Feature", "id": 257, "properties": { "wkt_wgs84": "POINT (21.96982436378691 52.37367874579969)", "x_wgs84": 21.969824363786909, "y_wgs84": 52.373678745799687, "country": "Polska", "province": "mazowieckie", "district": "węgrowski", "municipality": "Liw", "postcode": "07-100", "object_type": "K01.30.10", "object_type_name": "Zamki", "veracity_score": "good", "accessibility": "full", "state": "excellent", "otar_id": "K01.30.10.CK4YWL", "name": "Zamek w Liwie", "description": "Zamek w Liwie wzniesiono w pierwszej połowie XV w. jako gotycką warownię książąt mazowieckich. Założenie obejmowało murowany dom mieszkalny, dziedziniec, mury obronne oraz wieżę bramną. W XVI w. zamek rozbudowano, a po zniszczeniach XVII w. stopniowo tracił znaczenie. Obecnie zachowane są wieża bramna, fragmenty murów i odbudowany budynek dworu. W zespole działa muzeum.", "wikidata": "Q1013004", "wikidata_url": "https://www.wikidata.org/wiki/Q1013004", "wikipedia": "pl:Zamek w Liwie", "wikipedia_url": "https://pl.wikipedia.org/wiki/Zamek_w_Liwie", "published": "2026-08-14" }, "geometry": { "type": "Point", "coordinates": [ 21.969824363786909, 52.373678745799687 ] } },
{ "type": "Feature", "id": 258, "properties": { "wkt_wgs84": "POINT (18.965200087 52.15272544)", "x_wgs84": 18.965200087, "y_wgs84": 52.15272544, "country": "Polska", "province": "łódzkie", "district": "łęczycki", "municipality": "Grabów", "postcode": "99-150", "object_type": "K01.30.10", "object_type_name": "Zamki", "veracity_score": "good", "accessibility": "full", "state": "fair", "otar_id": "K01.30.10.CK7AKD", "name": "Zamek w Besiekierach", "description": "Zamek w Besiekierach wzniesiono na przełomie XV i XVI w. jako ceglaną warownię rycerską otoczoną fosą. Założenie miało plan zbliżony do prostokąta, z dziedzińcem, budynkiem mieszkalnym i wysoką wieżą bramną. W XVII w. zamek przebudowano, nadając mu bardziej rezydencjonalny charakter. Po pożarze w XVIII w. stopniowo popadał w ruinę. Obecnie zachowane mury i wieża są zabezpieczone i udostępnione turystycznie.", "wikidata": "Q4896284", "wikidata_url": "https://www.wikidata.org/wiki/Q4896284", "wikipedia": "pl:Zamek w Besiekierach", "wikipedia_url": "https://pl.wikipedia.org/wiki/Zamek_w_Besiekierach", "published": "2026-08-14" }, "geometry": { "type": "Point", "coordinates": [ 18.965200087, 52.15272544 ] } },
{ "type": "Feature", "id": 259, "properties": { "wkt_wgs84": "POINT (20.28417151 53.583756773)", "x_wgs84": 20.28417151, "y_wgs84": 53.583756772999998, "country": "Polska", "province": "warmińsko-mazurskie", "district": "olsztyński", "municipality": "Olsztynek", "postcode": "11-015", "object_type": "K01.30.10", "object_type_name": "Zamki", "veracity_score": "good", "accessibility": "partial", "state": "excellent", "otar_id": "K01.30.10.CM6DL4", "name": "Zamek w Olsztynku", "description": "Zamek w Olsztynku wzniesiono w XIV w. przez zakon krzyżacki jako gotycką warownię związaną z obroną miasta. Założenie obejmowało murowane skrzydła skupione wokół dziedzińca, mury obronne oraz wieżę bramną i było powiązane z fortyfikacjami miejskimi. W późniejszych stuleciach zamek wielokrotnie przebudowywano. Obecnie zachowane części dawnego założenia są użytkowane przez Zespół Szkół w Olsztynku.", "wikidata": "Q9386696", "wikidata_url": "https://www.wikidata.org/wiki/Q9386696", "wikipedia": "pl:Zamek w Olsztynku", "wikipedia_url": "https://pl.wikipedia.org/wiki/Zamek_w_Olsztynku", "published": "2026-08-14" }, "geometry": { "type": "Point", "coordinates": [ 20.28417151, 53.583756773 ] } },
{ "type": "Feature", "id": 260, "properties": { "wkt_wgs84": "POINT (17.861521736 50.355688769)", "x_wgs84": 17.861521736, "y_wgs84": 50.355688768999997, "country": "Polska", "province": "opolskie", "district": "prudnicki", "municipality": "Głogówek", "postcode": "48-250", "object_type": "K01.30.10", "object_type_name": "Zamki", "veracity_score": "good", "accessibility": "partial", "state": "good", "otar_id": "K01.30.10.CRG5WE", "name": "Zamek Oppersdorffów w Głogówku", "description": "Zamek w Głogówku powstał w średniowieczu jako siedziba książąt opolskich, a od XVI w. był rozbudowywany przez Oppersdorffów w reprezentacyjną rezydencję renesansową i barokową. Założenie składa się z zamku górnego i dolnego, dziedzińców, wież i wieloskrzydłowej zabudowy. Po 1945 r. obiekt ulegał degradacji. Obecnie jest częściowo użytkowany i stopniowo poddawany pracom remontowym oraz zabezpieczającym.", "wikidata": "Q9386644", "wikidata_url": "https://www.wikidata.org/wiki/Q9386644", "wikipedia": "pl:Zamek w Głogówku", "wikipedia_url": "https://pl.wikipedia.org/wiki/Zamek_w_G%C5%82og%C3%B3wku", "published": "2026-08-14" }, "geometry": { "type": "Point", "coordinates": [ 17.861521736, 50.355688769 ] } },
{ "type": "Feature", "id": 261, "properties": { "wkt_wgs84": "POINT (16.837413538 53.889524922)", "x_wgs84": 16.837413538, "y_wgs84": 53.889524922, "country": "Polska", "province": "zachodniopomorskie", "district": "szczecinecki", "municipality": "Biały Bór", "postcode": "78-425", "object_type": "K01.30.10", "object_type_name": "Zamki", "veracity_score": "fair", "accessibility": "limited", "state": "poor", "otar_id": "K01.30.10.CS45F9", "name": "Zamek w Białym Borze", "description": "Zamek w Białym Borze wzniesiono pod koniec XIV w. jako krzyżacką strażnicę graniczną, prawdopodobnie na półwyspie jeziora Bielsko. Pełnił funkcję ochrony zachodnich rubieży państwa zakonnego. Jego układ, rozmiary i szczegóły architektoniczne pozostają nieznane. Po utracie znaczenia został stopniowo rozebrany. Zachowały się jego wyłacznie pozostałości fundamentów.", "wikidata": "Q86686617", "wikidata_url": "https://www.wikidata.org/wiki/Q86686617", "wikipedia": "pl:Zamek w Białym Borze", "wikipedia_url": "https://pl.wikipedia.org/wiki/Zamek_w_Bia%C5%82ym_Borze", "published": "2026-08-14" }, "geometry": { "type": "Point", "coordinates": [ 16.837413538, 53.889524922 ] } },
{ "type": "Feature", "id": 262, "properties": { "wkt_wgs84": "POINT (17.305000852 52.943749428)", "x_wgs84": 17.305000852, "y_wgs84": 52.943749427999997, "country": "Polska", "province": "wielkopolskie", "district": "wągrowiecki", "municipality": "Gołańcz", "postcode": "62-130", "object_type": "K01.30.10", "object_type_name": "Zamki", "veracity_score": "good", "accessibility": "full", "state": "fair", "otar_id": "K01.30.10.CUEYUC", "name": "Zamek w Gołańczy", "description": "Zamek w Gołańczy powstał w XIV w. jako pięciokondygnacyjna ceglana wieża mieszkalna typu donżon, usytuowana na cyplu otoczonym wodami jeziora i fosą. W XV w. założenie rozbudowano o mury obwodowe, bramę i cylindryczną basztę. Po zniszczeniach z 1656 r. zamek odbudowano, a w XVIII w. przekształcono w rezydencję szlachecką. Zachowały się wieża, fragmenty murów, baszta oraz relikty barokowej bramy.", "wikidata": "Q9386638", "wikidata_url": "https://www.wikidata.org/wiki/Q9386638", "wikipedia": "pl:Zamek w Gołańczy", "wikipedia_url": "https://pl.wikipedia.org/wiki/Zamek_w_Go%C5%82a%C5%84czy", "published": "2026-08-14" }, "geometry": { "type": "Point", "coordinates": [ 17.305000852, 52.943749428 ] } },
{ "type": "Feature", "id": 263, "properties": { "wkt_wgs84": "POINT (16.084332879425386 52.65151844873047)", "x_wgs84": 16.084332879425386, "y_wgs84": 52.651518448730471, "country": "Polska", "province": "wielkopolskie", "district": "międzychodzki", "municipality": "Sieraków", "postcode": "64-410", "object_type": "K01.30.10", "object_type_name": "Zamki", "veracity_score": "good", "accessibility": "full", "state": "fair", "otar_id": "K01.30.10.D12D98", "name": "Zamek Opalińskich w Sierakowie", "description": "Zamek Opalińskich w Sierakowie to częściowo odbudowana, dawna rezydencja magnacka, która malowniczo wznosi się nad brzegiem Warty w województwie wielkopolskim. Choć historia tego miejsca sięga XIV wieku, jego złoty wiek przypada na czas, gdy obiekt stał się własnością potężnego i wpływowego rodu Opalińskich. Dzisiejszy wygląd zamku to efekt gruntownej odbudowy przeprowadzonej w latach 90. XX wieku, którą zrealizowano na zachowanych, oryginalnych gotyckich piwnicach.", "wikidata": "Q11787267", "wikidata_url": "https://www.wikidata.org/wiki/Q11787267", "wikipedia": "pl:Muzeum Zamek Opalińskich", "wikipedia_url": "https://pl.wikipedia.org/wiki/Muzeum_Zamek_Opali%C5%84skich", "published": "2026-08-14" }, "geometry": { "type": "Point", "coordinates": [ 16.084332879425386, 52.651518448730471 ] } },
{ "type": "Feature", "id": 264, "properties": { "wkt_wgs84": "POINT (23.114034088627264 52.03160712902034)", "x_wgs84": 23.114034088627264, "y_wgs84": 52.031607129020337, "country": "Polska", "province": "lubelskie", "district": "Biała Podlaska", "municipality": "Biała Podlaska", "postcode": "21-500", "object_type": "K01.30.10", "object_type_name": "Zamki", "veracity_score": "good", "accessibility": "full", "state": "fair", "otar_id": "K01.30.10.D14D31", "name": "Zamek w Białej Podlaskiej", "description": "Zamek zbudowany w XIV w. Zniszczony i przebudowany na pałac. Z oryginalnego założenia zamkowego zachowały się wieża i brama wjazdowa, oficyny, obrysy fortyfikacji i zarysy murów.", "wikidata": "Q3956398", "wikidata_url": "https://www.wikidata.org/wiki/Q3956398", "wikipedia": "pl:Zespół pałacowo-parkowy Radziwiłłów w Białej Podlaskiej", "wikipedia_url": "https://pl.wikipedia.org/wiki/Zesp%C3%B3%C5%82_pa%C5%82acowo-parkowy_Radziwi%C5%82%C5%82%C3%B3w_w_Bia%C5%82ej_Podlaskiej", "published": "2026-08-14" }, "geometry": { "type": "Point", "coordinates": [ 23.114034088627264, 52.031607129020337 ] } },
{ "type": "Feature", "id": 265, "properties": { "wkt_wgs84": "POINT (19.394136121 54.156466958)", "x_wgs84": 19.394136121, "y_wgs84": 54.156466958000003, "country": "Polska", "province": "warmińsko-mazurskie", "district": "Elbląg", "municipality": "Elbląg", "postcode": "82-300", "object_type": "K01.30.10", "object_type_name": "Zamki", "veracity_score": "fair", "accessibility": "full", "state": "poor", "otar_id": "K01.30.10.D49Y3K", "name": "Zamek krzyżacki w Elblągu", "description": "Zachowane ruiny zamku krzyżackiego z połowy XIV wieku. Początkowo był siedzibą krajowego mistrza zakonu, później siedzibą komturów. W 1410 roku poddany Władysławowi Jagielle. Zburzony przez mieszczan na początku wojny trzynastoletniej w 1454 roku. Zachowały się fragmenty murów obronnych, budynek spichrza i piwnice.", "wikidata": "Q30904571", "wikidata_url": "https://www.wikidata.org/wiki/Q30904571", "wikipedia": "pl:Zamek krzyżacki w Elblągu", "wikipedia_url": "https://pl.wikipedia.org/wiki/Zamek_krzy%C5%BCacki_w_Elbl%C4%85gu", "published": "2026-08-14" }, "geometry": { "type": "Point", "coordinates": [ 19.394136121, 54.156466958 ] } },
{ "type": "Feature", "id": 266, "properties": { "wkt_wgs84": "POINT (20.128549604 53.011980312)", "x_wgs84": 20.128549604, "y_wgs84": 53.011980312, "country": "Polska", "province": "mazowieckie", "district": "mławski", "municipality": "Szreńsk", "postcode": "06-550", "object_type": "K01.30.10", "object_type_name": "Zamki", "veracity_score": "good", "accessibility": "partial", "state": "bad", "otar_id": "K01.30.10.D6ZR3K", "name": "Zamek w Szreńsku", "description": "Zamek w Szreńsku wzniesiono w XIV–XV w. jako gotycką siedzibę rycerską, później rozbudowaną w rezydencję o cechach renesansowych. Założenie obejmowało murowane skrzydła skupione wokół dziedzińca, mury obronne, wieżę i fosę. W kolejnych stuleciach zamek tracił znaczenie i stopniowo popadał w ruinę. Obecnie zachowały się fragmenty murów, wieży i relikty zabudowy dawnego założenia.", "wikidata": "Q9386746", "wikidata_url": "https://www.wikidata.org/wiki/Q9386746", "wikipedia": "pl:Zamek w Szreńsku", "wikipedia_url": "https://pl.wikipedia.org/wiki/Zamek_w_Szre%C5%84sku", "published": "2026-08-14" }, "geometry": { "type": "Point", "coordinates": [ 20.128549604, 53.011980312 ] } },
{ "type": "Feature", "id": 267, "properties": { "wkt_wgs84": "POINT (20.67837963351083 50.34476586489787)", "x_wgs84": 20.678379633510829, "y_wgs84": 50.344765864897873, "country": "Polska", "province": "świętokrzyskie", "district": "buski", "municipality": "Wiślica", "postcode": "28-160", "object_type": "K01.30.10", "object_type_name": "Zamki", "veracity_score": "good", "accessibility": "full", "state": "poor", "otar_id": "K01.30.10.DAFEVW", "name": "Zamek w Wiślicy", "description": "Zamek w Wiślicy wzniesiono w XIV w. jako królewską warownię związaną z ośrodkiem władzy Kazimierza Wielkiego. Murowane założenie obejmowało zabudowę mieszkalną, dziedziniec i elementy obronne, powiązane z systemem fortyfikacji miasta. W późniejszych stuleciach zamek tracił znaczenie i został rozebrany. Obecnie nie zachował się jako budowla; znane są jedynie relikty archeologiczne dawnego założenia..", "wikidata": "n/a", "wikidata_url": "n/a", "wikipedia": "pl:Zamek w Wiślicy", "wikipedia_url": "https://pl.wikipedia.org/wiki/Zamek_w_Wi%C5%9Blicy", "published": "2026-08-30" }, "geometry": { "type": "Point", "coordinates": [ 20.678379633510829, 50.344765864897873 ] } },
{ "type": "Feature", "id": 268, "properties": { "wkt_wgs84": "POINT (15.822653358222107 51.236609595025975)", "x_wgs84": 15.822653358222107, "y_wgs84": 51.236609595025975, "country": "Polska", "province": "dolnośląskie", "district": "złotoryjski", "municipality": "Zagrodno", "postcode": "59-516", "object_type": "K01.30.10", "object_type_name": "Zamki", "veracity_score": "poor", "accessibility": "full", "state": "poor", "otar_id": "K01.30.10.DFBQUM", "name": "Ruiny zamku w Radziechowie", "description": "Malowniczo położone na wzniesieniu pośród pól i zagajników relikty zamku w Radziechowie to jeden z najmniej znanych, a zarazem najbardziej urokliwych obiektów obronnych Pogórza Kaczawskiego. To pozostałość XVI-wiecznej, murowanej z kamienia rezydencji obronnej, pierwotnie otoczonej fosą. Do dziś zachowały się fragmenty murów oraz kilka pomieszczeń piwnicznych przykrytych sklepieniami kolebkowymi. Obecnie znajduje się w stanie trwałej ruiny, silnie porośniętej roślinnością.", "wikidata": "Q9386723", "wikidata_url": "https://www.wikidata.org/wiki/Q9386723", "wikipedia": "pl:Ruina zamku w Radziechowie", "wikipedia_url": "https://pl.wikipedia.org/wiki/Ruina_zamku_w_Radziechowie", "published": "2026-08-14" }, "geometry": { "type": "Point", "coordinates": [ 15.822653358222107, 51.236609595025975 ] } },
{ "type": "Feature", "id": 269, "properties": { "wkt_wgs84": "POINT (18.691299723 52.997567683)", "x_wgs84": 18.691299723, "y_wgs84": 52.997567683, "country": "Polska", "province": "kujawsko-pomorskie", "district": "toruński", "municipality": "Lubicz", "postcode": "87-162", "object_type": "K01.30.10", "object_type_name": "Zamki", "veracity_score": "fair", "accessibility": "full", "state": "poor", "otar_id": "K01.30.10.DGGP2F", "name": "Zamek w Złotorii", "description": "Zamek w Złotorii wzniesiono w XIV w. z inicjatywy Kazimierza Wielkiego jako gotycką warownię nad Wisłą, strzegącą ważnej przeprawy i pogranicza. Założenie obejmowało murowane skrzydła, dziedziniec, mury obronne i wieżę. W kolejnych stuleciach obiekt tracił znaczenie i ulegał zniszczeniom. Obecnie zachowały się jedynie relikty murów i fundamentów dawnego zamku.", "wikidata": "Q9386770", "wikidata_url": "https://www.wikidata.org/wiki/Q9386770", "wikipedia": "pl:Zamek w Złotorii", "wikipedia_url": "https://pl.wikipedia.org/wiki/Zamek_w_Z%C5%82otorii", "published": "2026-08-14" }, "geometry": { "type": "Point", "coordinates": [ 18.691299723, 52.997567683 ] } },
{ "type": "Feature", "id": 270, "properties": { "wkt_wgs84": "POINT (16.193274989 50.941300373)", "x_wgs84": 16.193274989, "y_wgs84": 50.941300372999997, "country": "Polska", "province": "dolnośląskie", "district": "świdnicki", "municipality": "Dobromierz", "postcode": "58-173", "object_type": "K01.30.10", "object_type_name": "Zamki", "veracity_score": "good", "accessibility": "limited", "state": "poor", "otar_id": "K01.30.10.DGWQUA", "name": "Zamek w Kłaczynie", "description": "Ruiny średniowiecznego zamku powstałego na przełomie XIV i XV wieku. Zachowały się fragmenty wieży i kamiennych murów. Położony na prywatnym terenie", "wikidata": "Q19632309", "wikidata_url": "https://www.wikidata.org/wiki/Q19632309", "wikipedia": "pl:Zamek w Kłaczynie", "wikipedia_url": "https://pl.wikipedia.org/wiki/Zamek_w_K%C5%82aczynie", "published": "2026-08-14" }, "geometry": { "type": "Point", "coordinates": [ 16.193274989, 50.941300373 ] } },
{ "type": "Feature", "id": 271, "properties": { "wkt_wgs84": "POINT (21.770065957 51.135128254)", "x_wgs84": 21.770065957, "y_wgs84": 51.135128254000001, "country": "Polska", "province": "mazowieckie", "district": "lipski", "municipality": "Solec nad Wisłą", "postcode": "27-320", "object_type": "K01.30.10", "object_type_name": "Zamki", "veracity_score": "good", "accessibility": "full", "state": "poor", "otar_id": "K01.30.10.DW79R5", "name": "Zamek w Solcu nad Wisłą", "description": "Ruiny zamku królewskiego wzniesiony w XIV w. przez Kazimierza Wielkiego na skarpie wiślanej, oddzielony od miasta wąwozem; położony w Solcu nad Wisłą. Ze względu na strategiczną lokalizację przy szlaku handlowym i przeprawie przez Wisłę, w 1325 r. król Władysław Łokietek wykupił miejscowość od klasztoru w Miechowie; budowę zamku potwierdzili kronikarze Janko z Czarnkowa i Jan Długosz.", "wikidata": "Q9386740", "wikidata_url": "https://www.wikidata.org/wiki/Q9386740", "wikipedia": "pl:Zamek w Solcu nad Wisłą", "wikipedia_url": "https://pl.wikipedia.org/wiki/Zamek_w_Solcu_nad_Wis%C5%82%C4%85", "published": "2026-08-14" }, "geometry": { "type": "Point", "coordinates": [ 21.770065957, 51.135128254 ] } },
{ "type": "Feature", "id": 272, "properties": { "wkt_wgs84": "POINT (18.44448548563834 54.07203594305263)", "x_wgs84": 18.444485485638339, "y_wgs84": 54.072035943052633, "country": "Polska", "province": "pomorskie", "district": "starogardzki", "municipality": "Skarszewy", "postcode": "83-250", "object_type": "K01.30.10", "object_type_name": "Zamki", "veracity_score": "good", "accessibility": "full", "state": "excellent", "otar_id": "K01.30.10.DY95MM", "name": "Zamek joannitów w Skarszewach", "description": "Zamek joannitów w Skarszewach to XIV-wieczna gotycka warownia, która po burzliwej historii pełnienia funkcji obronnych, administracyjnych i magazynowych, została odrestaurowana i obecnie służy jako siedziba Gminnego Ośrodka Kultury.", "wikidata": "Q16618858", "wikidata_url": "https://www.wikidata.org/wiki/Q16618858", "wikipedia": "pl:Zamek joannitów w Skarszewach", "wikipedia_url": "https://pl.wikipedia.org/wiki/Zamek_joannit%C3%B3w_w_Skarszewach", "published": "2026-08-14" }, "geometry": { "type": "Point", "coordinates": [ 18.444485485638339, 54.072035943052633 ] } },
{ "type": "Feature", "id": 273, "properties": { "wkt_wgs84": "POINT (19.278816382 53.165997959)", "x_wgs84": 19.278816382, "y_wgs84": 53.165997959000002, "country": "Polska", "province": "kujawsko-pomorskie", "district": "rypiński", "municipality": "Wąpielsk", "postcode": "87-337", "object_type": "K01.30.10", "object_type_name": "Zamki", "veracity_score": "good", "accessibility": "limited", "state": "fair", "otar_id": "K01.30.10.E1SWX7", "name": "Zamek w Radzikach Dużych", "description": "Zamek w Radzikach Dużych wzniesiono w XIV w. jako gotycką siedzibę rycerską rodu Ogończyków. Murowane założenie miało plan zbliżony do prostokąta, z domem mieszkalnym, dziedzińcem i obwodem murów obronnych. W kolejnych stuleciach zamek tracił znaczenie i stopniowo popadał w ruinę. Obecnie zachowały się fragmenty murów obwodowych oraz relikty zabudowy dawnej warowni.", "wikidata": "Q9386722", "wikidata_url": "https://www.wikidata.org/wiki/Q9386722", "wikipedia": "pl:Zamek w Radzikach Dużych", "wikipedia_url": "https://pl.wikipedia.org/wiki/Zamek_w_Radzikach_Du%C5%BCych", "published": "2026-08-14" }, "geometry": { "type": "Point", "coordinates": [ 19.278816382, 53.165997959 ] } },
{ "type": "Feature", "id": 274, "properties": { "wkt_wgs84": "POINT (17.46667117818997 50.86350227254446)", "x_wgs84": 17.466671178189969, "y_wgs84": 50.863502272544459, "country": "Polska", "province": "opolskie", "district": "brzeski", "municipality": "Brzeg", "postcode": "49-306", "object_type": "K01.30.10", "object_type_name": "Zamki", "veracity_score": "good", "accessibility": "full", "state": "excellent", "otar_id": "K01.30.10.E2B3BH", "name": "Zamek Piastów Śląskich w Brzegu", "description": "Zabytkowa rezydencja Piastów śląskich z XIII w., obecnie siedziba Muzeum Piastów Śląskich w Brzegu, położona nad Odrą; nazywany „Śląskim Wawelem\". Pierwsze informacje o zamku pochodzą z 1235 r., kiedy miał tu siedzibę namiestnik książęcy; od 1311 r. zamek stał się stołeczną rezydencją księstwa brzeskiego, w którym dynastia Piastów śląskich z linii legnicko-brzeskiej rządziła niemal cztery wieki (do 1675 r., śmierci ostatniego Piasta Jerzego Wilhelma).", "wikidata": "Q9386548", "wikidata_url": "https://www.wikidata.org/wiki/Q9386548", "wikipedia": "pl:Zamek Piastów Śląskich w Brzegu", "wikipedia_url": "https://pl.wikipedia.org/wiki/Zamek_Piast%C3%B3w_%C5%9Al%C4%85skich_w_Brzegu", "published": "2026-08-14" }, "geometry": { "type": "Point", "coordinates": [ 17.466671178189969, 50.863502272544459 ] } },
{ "type": "Feature", "id": 275, "properties": { "wkt_wgs84": "POINT (22.462699862 51.267726768)", "x_wgs84": 22.462699862000001, "y_wgs84": 51.267726768000003, "country": "Polska", "province": "lubelskie", "district": "lubelski", "municipality": "Jastków", "postcode": "21-008", "object_type": "K01.30.10", "object_type_name": "Zamki", "veracity_score": "poor", "accessibility": "partial", "state": "fair", "otar_id": "K01.30.10.E7KJY4", "name": "Zamek Firlejów w Dąbrowicy", "description": "W Dąbrowicy zachowały się pozostałości renesansowej rezydencji Firlejów, rozbudowywanej od XVI do XVII wieku. Po pożarze i zniszczeniach popadła w ruinę. Ocalałą basztę wkomponowano w Międzynarodowy Dom Spotkań w latach 70. XX wieku.", "wikidata": "Q11814944", "wikidata_url": "https://www.wikidata.org/wiki/Q11814944", "wikipedia": "pl:Pałac w Dąbrowicy", "wikipedia_url": "https://pl.wikipedia.org/wiki/Pa%C5%82ac_w_D%C4%85browicy", "published": "2026-08-14" }, "geometry": { "type": "Point", "coordinates": [ 22.462699862, 51.267726768 ] } },
{ "type": "Feature", "id": 276, "properties": { "wkt_wgs84": "POINT (20.319321311 49.42268169)", "x_wgs84": 20.319321311, "y_wgs84": 49.42268169, "country": "Polska", "province": "małopolskie", "district": "nowotarski", "municipality": "Łapsze Niżne", "postcode": "34-441", "object_type": "K01.30.10", "object_type_name": "Zamki", "veracity_score": "good", "accessibility": "full", "state": "excellent", "otar_id": "K01.30.10.EBCL8D", "name": "Zamek Dunajec w Niedzicy", "description": "Zamek Dunajec w Niedzicy wzniesiono w XIV w. jako murowaną warownię strzegącą szlaku i granicy węgierskiej. Założenie obejmuje zamek górny i dolny, dziedzińce, mury obronne, wieże oraz zabudowę mieszkalną, wielokrotnie rozbudowywaną w kolejnych stuleciach. Zamek zachował czytelny układ średniowiecznej rezydencji obronnej. Obecnie jest dobrze zachowany, mieści muzeum i jest udostępniony turystycznie.", "wikidata": "Q2147028", "wikidata_url": "https://www.wikidata.org/wiki/Q2147028", "wikipedia": "pl:Zamek Dunajec", "wikipedia_url": "https://pl.wikipedia.org/wiki/Zamek_Dunajec", "published": "2026-08-14" }, "geometry": { "type": "Point", "coordinates": [ 20.319321311, 49.42268169 ] } },
{ "type": "Feature", "id": 277, "properties": { "wkt_wgs84": "POINT (22.882738815 49.898758803)", "x_wgs84": 22.882738815, "y_wgs84": 49.898758803, "country": "Polska", "province": "podkarpackie", "district": "jarosławski", "municipality": "Radymno", "postcode": "37-555", "object_type": "K01.30.10", "object_type_name": "Zamki", "veracity_score": "fair", "accessibility": "partial", "state": "poor", "otar_id": "K01.30.10.ELEBFF", "name": "Zamek w Sośnicy", "description": "Zamek w Sośnicy powstał pod koniec XVI w. jako obronna rezydencja Korniaktów, rozbudowana około 1620 r. Założenie tworzyły dwa skrzydła, dziedziniec, brama wjazdowa, basteja lub wieża oraz przypuszczalnie mur obronny; całość otaczały fosa i stawy. W XX w. obiekt został częściowo rozebrany. Obecnie zachowały się trzy piwnice, fragmenty murów i wzgórze zamkowe.", "wikidata": "Q30512596", "wikidata_url": "https://www.wikidata.org/wiki/Q30512596", "wikipedia": "pl:Zamek w Sośnicy", "wikipedia_url": "https://pl.wikipedia.org/wiki/Zamek_w_So%C5%9Bnicy", "published": "2026-08-14" }, "geometry": { "type": "Point", "coordinates": [ 22.882738815, 49.898758803 ] } },
{ "type": "Feature", "id": 278, "properties": { "wkt_wgs84": "POINT (16.314910177 50.693467626)", "x_wgs84": 16.314910177000002, "y_wgs84": 50.693467626, "country": "Polska", "province": "dolnośląskie", "district": "wałbrzyski", "municipality": "Głuszyca", "postcode": "58-340", "object_type": "K01.30.10", "object_type_name": "Zamki", "veracity_score": "good", "accessibility": "full", "state": "poor", "otar_id": "K01.30.10.EMWTMJ", "name": "Zamek Rogowiec", "description": "Zamek Rogowiec wzniesiono pod koniec XIII w. jako murowaną warownię graniczną na stromym, skalistym wzgórzu. Założenie obejmowało zamek górny, międzymurze i zamek dolny, z okrągłą wieżą, budynkiem mieszkalnym, murami obronnymi i basztami. W XIV w. rozbudowano część mieszkalną i umocnienia. Zamek został zdobyty i zniszczony w 1482 r. Obecnie zachowany jest wyłącznie w formie ruin.", "wikidata": "Q1013706", "wikidata_url": "https://www.wikidata.org/wiki/Q1013706", "wikipedia": "pl:Zamek Rogowiec", "wikipedia_url": "https://pl.wikipedia.org/wiki/Zamek_Rogowiec", "published": "2026-08-14" }, "geometry": { "type": "Point", "coordinates": [ 16.314910177, 50.693467626 ] } },
{ "type": "Feature", "id": 279, "properties": { "wkt_wgs84": "POINT (21.519440426 50.891905093)", "x_wgs84": 21.519440426, "y_wgs84": 50.891905092999998, "country": "Polska", "province": "świętokrzyskie", "district": "ostrowiecki", "municipality": "Ćmielów", "postcode": "27-440", "object_type": "K01.30.10", "object_type_name": "Zamki", "veracity_score": "good", "accessibility": "full", "state": "fair", "otar_id": "K01.30.10.EPF51L", "name": "Zamek w Ćmielowie", "description": "Zamek w Ćmielowie to cenny zabytek gotycko-renesansowej architektury obronnej. Ta dawna, magnacka rezydencja rodowa, mimo znacznego stopnia zniszczenia, wciąż imponuje swoim nizinnym położeniem. Murowany zamek wzniósł w latach 1519-1531 kanclerz wielki koronny Krzysztof Szydłowiecki, przekształcając istniejący tu wcześniej średniowieczny dwór. Powstała nowoczesna jak na owe czasy fortalicja nizinna, łącząca funkcje reprezentacyjne z obronnymi.", "wikidata": "Q648064", "wikidata_url": "https://www.wikidata.org/wiki/Q648064", "wikipedia": "pl:Zamek w Ćmielowie", "wikipedia_url": "https://pl.wikipedia.org/wiki/Zamek_w_%C4%86mielowie", "published": "2026-08-14" }, "geometry": { "type": "Point", "coordinates": [ 21.519440426, 50.891905093 ] } },
{ "type": "Feature", "id": 280, "properties": { "wkt_wgs84": "POINT (20.217478661 50.034206898)", "x_wgs84": 20.217478661000001, "y_wgs84": 50.034206898000001, "country": "Polska", "province": "małopolskie", "district": "wielicki", "municipality": "Niepołomice", "postcode": "32-005", "object_type": "K01.30.10", "object_type_name": "Zamki", "veracity_score": "good", "accessibility": "full", "state": "excellent", "otar_id": "K01.30.10.ETBVSV", "name": "Zamek Królewski w Niepołomicach", "description": "Zamek Królewski w Niepołomicach wzniesiono w połowie XIV w. z inicjatywy Kazimierza Wielkiego jako gotycką rezydencję królewską i ośrodek administracyjny. W XVI w. przebudowano go w renesansową, czteroskrzydłową budowlę z arkadowym dziedzińcem. Zamek pełnił funkcje mieszkalne, reprezentacyjne i łowieckie. Obecnie jest odrestaurowany i mieści centrum kultury, muzeum oraz hotel.", "wikidata": "Q9386532", "wikidata_url": "https://www.wikidata.org/wiki/Q9386532", "wikipedia": "pl:Zamek Królewski w Niepołomicach", "wikipedia_url": "https://pl.wikipedia.org/wiki/Zamek_Kr%C3%B3lewski_w_Niepo%C5%82omicach", "published": "2026-08-14" }, "geometry": { "type": "Point", "coordinates": [ 20.217478661, 50.034206898 ] } },
{ "type": "Feature", "id": 281, "properties": { "wkt_wgs84": "POINT (15.303571418 51.030366406)", "x_wgs84": 15.303571418000001, "y_wgs84": 51.030366406, "country": "Polska", "province": "dolnośląskie", "district": "lubański", "municipality": "Leśna", "postcode": "59-820", "object_type": "K01.30.10", "object_type_name": "Zamki", "veracity_score": "good", "accessibility": "full", "state": "excellent", "otar_id": "K01.30.10.ETDA2D", "name": "Zamek Czocha", "description": "Zamek Czocha powstał w XIII w. jako graniczna warownia obronna na pograniczu śląsko-łużyckim. Najstarszym elementem jest stołp, później otoczony zabudową mieszkalną. Zamek wielokrotnie przebudowywano, a w latach 1912–1920 nadano mu obecny, historyzujący kształt. Obecnie jest dobrze zachowany, pełni funkcje muzealne, hotelowe i turystyczne oraz jest udostępniony zwiedzającym.", "wikidata": "Q1014312", "wikidata_url": "https://www.wikidata.org/wiki/Q1014312", "wikipedia": "pl:Zamek Czocha", "wikipedia_url": "https://pl.wikipedia.org/wiki/Zamek_Czocha", "published": "2026-08-14" }, "geometry": { "type": "Point", "coordinates": [ 15.303571418, 51.030366406 ] } },
{ "type": "Feature", "id": 282, "properties": { "wkt_wgs84": "POINT (16.457546272 50.937534909)", "x_wgs84": 16.457546271999998, "y_wgs84": 50.937534909, "country": "Polska", "province": "dolnośląskie", "district": "świdnicki", "municipality": "Jaworzyna Śląska", "postcode": "58-140", "object_type": "K01.30.10", "object_type_name": "Zamki", "veracity_score": "good", "accessibility": "partial", "state": "good", "otar_id": "K01.30.10.EURYWP", "name": "Zamek w Piotrowicach Świdnickich", "description": "Zamek w Piotrowicach Świdnickich wzniesiono w latach 1590–1599 jako renesansową rezydencję na planie kwadratu. Dwukondygnacyjny, podpiwniczony budynek flankują cztery cylindryczne baszty zwieńczone iglicowymi hełmami; zachowały się także fosa i pięcioprzęsłowy most. Po zniszczeniach w 1945 r. obiekt remontowano w latach 1973–1976 i 1989–1990. Obecnie zamek pozostaje zachowany jako zabytek zespołu z parkiem i folwarkiem.", "wikidata": "Q19632305", "wikidata_url": "https://www.wikidata.org/wiki/Q19632305", "wikipedia": "pl:Zamek w Piotrowicach Świdnickich", "wikipedia_url": "https://pl.wikipedia.org/wiki/Zamek_w_Piotrowicach_%C5%9Awidnickich", "published": "2026-08-14" }, "geometry": { "type": "Point", "coordinates": [ 16.457546272, 50.937534909 ] } },
{ "type": "Feature", "id": 283, "properties": { "wkt_wgs84": "POINT (18.788959576 51.972926036)", "x_wgs84": 18.788959576, "y_wgs84": 51.972926035999997, "country": "Polska", "province": "łódzkie", "district": "poddębicki", "municipality": "Uniejów", "postcode": "99-210", "object_type": "K01.30.10", "object_type_name": "Zamki", "veracity_score": "good", "accessibility": "partial", "state": "excellent", "otar_id": "K01.30.10.EWTPL5", "name": "Zamek w Uniejowie", "description": "Zamek w Uniejowie wzniesiono w XIV w. z inicjatywy arcybiskupów gnieźnieńskich jako gotycką warownię o funkcjach obronnych i rezydencjonalnych. Założenie obejmowało czworoboczny obwód murów, dziedziniec, zabudowę mieszkalną oraz wysoką wieżę. W kolejnych stuleciach zamek wielokrotnie przebudowywano, nadając mu cechy renesansowe i barokowe. Obecnie jest odrestaurowany i pełni funkcje hotelowe, konferencyjne i turystyczne.", "wikidata": "Q9386755", "wikidata_url": "https://www.wikidata.org/wiki/Q9386755", "wikipedia": "pl:Zamek w Uniejowie", "wikipedia_url": "https://pl.wikipedia.org/wiki/Zamek_w_Uniejowie", "published": "2026-08-14" }, "geometry": { "type": "Point", "coordinates": [ 18.788959576, 51.972926036 ] } },
{ "type": "Feature", "id": 284, "properties": { "wkt_wgs84": "POINT (21.503203655 50.676293326)", "x_wgs84": 21.503203655, "y_wgs84": 50.676293326, "country": "Polska", "province": "świętokrzyskie", "district": "sandomierski", "municipality": "Klimontów", "postcode": "27-640", "object_type": "K01.30.10", "object_type_name": "Zamki", "veracity_score": "fair", "accessibility": "full", "state": "poor", "otar_id": "K01.30.10.EY5REQ", "name": "Zamek w Ossolinie", "description": "Zamek w Ossolinie wzniesiono w latach 1633–1640 z inicjatywy Jerzego Ossolińskiego jako czteroskrzydłową, trzykondygnacyjną rezydencję z niewielkim dziedzińcem, cylindryczną wieżą, kaplicą, attykami i murem obronnym. Do założenia prowadził arkadowy most przez wąwóz, a przedzamcze posiadało własne umocnienia. Zamek wysadzono w 1816 r., a resztki zniszczono w 1944 r. Obecnie zachowała się jedynie samotna arkada dawnego mostu.", "wikidata": "Q9386700", "wikidata_url": "https://www.wikidata.org/wiki/Q9386700", "wikipedia": "pl:Zamek w Ossolinie", "wikipedia_url": "https://pl.wikipedia.org/wiki/Zamek_w_Ossolinie", "published": "2026-08-14" }, "geometry": { "type": "Point", "coordinates": [ 21.503203655, 50.676293326 ] } },
{ "type": "Feature", "id": 285, "properties": { "wkt_wgs84": "POINT (16.940477553 53.686042276)", "x_wgs84": 16.940477553000001, "y_wgs84": 53.686042276000002, "country": "Polska", "province": "pomorskie", "district": "człuchowski", "municipality": "Czarne", "postcode": "77-330", "object_type": "K01.30.10", "object_type_name": "Zamki", "veracity_score": "good", "accessibility": "partial", "state": "poor", "otar_id": "K01.30.10.EYR2SM", "name": "Zamek w Czarnem", "description": "Zamek w Czarnem to historyczna warownia, powstała w latach 1396-1402 z inicjatywy Konrada von Jungingena jako ważny punkt obronny na zachodniej granicy komturstwa człuchowskiego. Warownię wzniesiono na planie trapezoidalnym na szczycie wzniesienia nad rzeką. W pierwotnym założeniu znajdował się budynek mieszkalny przy kurtynie murów, wieża od południa oraz brama w narożu wschodnim. Po 1466 roku dwór obronny przeszedł pod panowanie Polski, pełniąc odtąd funkcję siedziby starostwa.", "wikidata": "Q19400541", "wikidata_url": "https://www.wikidata.org/wiki/Q19400541", "wikipedia": "pl:Zamek w Czarnem", "wikipedia_url": "https://pl.wikipedia.org/wiki/Zamek_w_Czarnem", "published": "2026-08-14" }, "geometry": { "type": "Point", "coordinates": [ 16.940477553, 53.686042276 ] } },
{ "type": "Feature", "id": 286, "properties": { "wkt_wgs84": "POINT (20.716044528 50.682452333)", "x_wgs84": 20.716044528000001, "y_wgs84": 50.682452333000001, "country": "Polska", "province": "świętokrzyskie", "district": "kielecki", "municipality": "Pierzchnica", "postcode": "26-015", "object_type": "K01.30.10", "object_type_name": "Zamki", "veracity_score": "fair", "accessibility": "limited", "state": "poor", "otar_id": "K01.30.10.EYXSY8", "name": "Zamek w Maleszowej", "description": "Zamek w Maleszowej to ruiny dawnej rezydencji obronnej położonej na wyspie na stawie. Zespół powstał w XVI wieku, a w źródłach bywa wiązany z rodziną Krasińskich; do dziś zachowały się jedynie piwnice i niewielkie fragmenty murów. ", "wikidata": "n/a", "wikidata_url": "n/a", "wikipedia": "pl:Zamek w Maleszowej", "wikipedia_url": "https://pl.wikipedia.org/wiki/Zamek_w_Maleszowej", "published": "2026-08-14" }, "geometry": { "type": "Point", "coordinates": [ 20.716044528, 50.682452333 ] } },
{ "type": "Feature", "id": 287, "properties": { "wkt_wgs84": "POINT (19.659108586 54.06684219)", "x_wgs84": 19.659108586, "y_wgs84": 54.06684219, "country": "Polska", "province": "warmińsko-mazurskie", "district": "elbląski", "municipality": "Pasłęk", "postcode": "14-400", "object_type": "K01.30.10", "object_type_name": "Zamki", "veracity_score": "good", "accessibility": "full", "state": "excellent", "otar_id": "K01.30.10.F1YEJG", "name": "Zamek krzyżacki w Pasłęku", "description": "Murowana warownia wzniesiona przez Krzyżaków w XIV w. na miejscu wcześniejszego grodu pruskiego, wykorzystująca obronne położenie wzgórza o stromych stokach; zintegrowany z miastem, lecz oddzielony dodatkowymi umocnieniami i fosą. Początkowo niewielki, z jednym skrzydłem i dwiema wieżami.", "wikidata": "Q9386584", "wikidata_url": "https://www.wikidata.org/wiki/Q9386584", "wikipedia": "pl:Zamek krzyżacki w Pasłęku", "wikipedia_url": "https://pl.wikipedia.org/wiki/Zamek_krzy%C5%BCacki_w_Pas%C5%82%C4%99ku", "published": "2026-08-14" }, "geometry": { "type": "Point", "coordinates": [ 19.659108586, 54.06684219 ] } },
{ "type": "Feature", "id": 288, "properties": { "wkt_wgs84": "POINT (22.341663748838172 53.81865347422142)", "x_wgs84": 22.341663748838172, "y_wgs84": 53.818653474221421, "country": "Polska", "province": "warmińsko-mazurskie", "district": "ełcki", "municipality": "Ełk", "postcode": "19-300", "object_type": "K01.30.10", "object_type_name": "Zamki", "veracity_score": "good", "accessibility": "limited", "state": "fair", "otar_id": "K01.30.10.F38YZM", "name": "Zamek w Ełku", "description": "Wznoszące się na półwyspie (dawniej wyspie) Jeziora Ełckiego ruiny zamku w Ełku to jeden z najważniejszych i najbardziej charakterystycznych zabytków historycznych wschodnich Mazur. Ta murowana warownia została wzniesiona na przełomie XIV i XV wieku  budowę murowanego obiektu przypisuje się wielkiemu mistrzowi zakonu Ulrichowi von Jungingenowi około 1406. Obecnie zamek w Ełku, po latach zaniedbań i opuszczenia, znajduje się w rękach prywatnego inwestora.", "wikidata": "Q4531273", "wikidata_url": "https://www.wikidata.org/wiki/Q4531273", "wikipedia": "pl:Zamek w Ełku", "wikipedia_url": "https://pl.wikipedia.org/wiki/Zamek_w_E%C5%82ku", "published": "2026-08-14" }, "geometry": { "type": "Point", "coordinates": [ 22.341663748838172, 53.818653474221421 ] } },
{ "type": "Feature", "id": 289, "properties": { "wkt_wgs84": "POINT (17.870010324 50.577528324)", "x_wgs84": 17.870010324, "y_wgs84": 50.577528324, "country": "Polska", "province": "opolskie", "district": "opolski", "municipality": "Prószków", "postcode": "46-060", "object_type": "K01.30.10", "object_type_name": "Zamki", "veracity_score": "good", "accessibility": "partial", "state": "excellent", "otar_id": "K01.30.10.FAQVXC", "name": "Zamek w Prószkowie", "description": "Zamek w Prószkowie wzniesiono w 1563 r. jako renesansowe założenie typu palazzo in fortezza. Murowany z cegły, trzykondygnacyjny i podpiwniczony, powstał na planie czworoboku z wewnętrznym dziedzińcem. Posiada dwie wieże frontowe i tylne pawilony o cechach bastionowych. Zachowały się renesansowe portale, fragmenty sgraffitów oraz barokowe dekoracje wnętrz. Po zniszczeniu w 1644 r. został odbudowany w stylu barokowym.", "wikidata": "Q9386715", "wikidata_url": "https://www.wikidata.org/wiki/Q9386715", "wikipedia": "pl:Zamek w Prószkowie", "wikipedia_url": "https://pl.wikipedia.org/wiki/Zamek_w_Pr%C3%B3szkowie", "published": "2026-08-14" }, "geometry": { "type": "Point", "coordinates": [ 17.870010324, 50.577528324 ] } },
{ "type": "Feature", "id": 290, "properties": { "wkt_wgs84": "POINT (20.644860096 49.796404693)", "x_wgs84": 20.644860096, "y_wgs84": 49.796404693, "country": "Polska", "province": "małopolskie", "district": "brzeski", "municipality": "Czchów", "postcode": "32-860", "object_type": "K01.30.10", "object_type_name": "Zamki", "veracity_score": "good", "accessibility": "full", "state": "good", "otar_id": "K01.30.10.FD6ZEQ", "name": "Zamek w Tropsztynie", "description": "Zamek Tropsztyn powstał prawdopodobnie w XIII w., a pierwsze murowane zabudowania wzniesiono w XIV w. Założenie obejmowało kamienny mur obwodowy, gotycki budynek mieszkalny, pięciokondygnacyjną wieżę obronną oraz późniejszy reprezentacyjny dom z XVI w. Zamek popadł w ruinę już pod koniec XVI w. Po 1993 r. został w znacznej części odbudowany i obecnie jest udostępniany zwiedzającym.", "wikidata": "Q9386562", "wikidata_url": "https://www.wikidata.org/wiki/Q9386562", "wikipedia": "pl:Zamek Tropsztyn", "wikipedia_url": "https://pl.wikipedia.org/wiki/Zamek_Tropsztyn", "published": "2026-08-14" }, "geometry": { "type": "Point", "coordinates": [ 20.644860096, 49.796404693 ] } },
{ "type": "Feature", "id": 291, "properties": { "wkt_wgs84": "POINT (21.283128721 54.1325172)", "x_wgs84": 21.283128721000001, "y_wgs84": 54.1325172, "country": "Polska", "province": "warmińsko-mazurskie", "district": "kętrzyński", "municipality": "Korsze", "postcode": "11-430", "object_type": "K01.30.10", "object_type_name": "Zamki", "veracity_score": "good", "accessibility": "full", "state": "poor", "otar_id": "K01.30.10.FHLXHB", "name": "Zamek w Garbnie", "description": "Murowany zamek wzniesiono pod koniec XIV lub na początku XV w. przez zakon krzyżacki, w miejscu wcześniejszej strażnicy z 1328 r. Założenie miało plan czworoboku z budynkiem mieszkalnym od północy, czterema narożnymi basztami, wieżą bramną od zachodu i murem otaczającym dziedziniec. Zamek zniszczono podczas wojny trzynastoletniej i nie odbudowano. Obecnie zachowały się jedynie relikty fundamentów dawnej warowni.", "wikidata": "n/a", "wikidata_url": "n/a", "wikipedia": "n/a", "wikipedia_url": "n/a", "published": "2026-08-14" }, "geometry": { "type": "Point", "coordinates": [ 21.283128721, 54.1325172 ] } },
{ "type": "Feature", "id": 292, "properties": { "wkt_wgs84": "POINT (17.716069276 50.873576109)", "x_wgs84": 17.716069276, "y_wgs84": 50.873576108999998, "country": "Polska", "province": "opolskie", "district": "opolski", "municipality": "Popielów", "postcode": "46-037", "object_type": "K01.30.10", "object_type_name": "Zamki", "veracity_score": "fair", "accessibility": "limited", "state": "excellent", "otar_id": "K01.30.10.FHYCL6", "name": "Zamek w Karłowicach", "description": "Zamek rycerski z połowy XIV wieku, otacza go częściowo zachowana fosa. Zamek przez lata przechodził z rąk do rąk co skutkuje zróżnicowaną architekturą, ale też sporymi zaniedbaniami ze strony późniejszych właścicieli, chociażby zachowało się bardzo nie wiele pamiątek z wnętrza zamku. Obecnie zamek nie jest dostępny dla zwiedzających", "wikidata": "Q30228203", "wikidata_url": "https://www.wikidata.org/wiki/Q30228203", "wikipedia": "pl:Zamek w Karłowicach", "wikipedia_url": "https://pl.wikipedia.org/wiki/Zamek_w_Kar%C5%82owicach", "published": "2026-08-14" }, "geometry": { "type": "Point", "coordinates": [ 17.716069276, 50.873576109 ] } },
{ "type": "Feature", "id": 293, "properties": { "wkt_wgs84": "POINT (16.870444509237206 51.146112877650616)", "x_wgs84": 16.870444509237206, "y_wgs84": 51.146112877650616, "country": "Polska", "province": "dolnośląskie", "district": "Wrocław", "municipality": "Wrocław", "postcode": "54-076", "object_type": "K01.30.10", "object_type_name": "Zamki", "veracity_score": "good", "accessibility": "full", "state": "excellent", "otar_id": "K01.30.10.FJWTSZ", "name": "Zamek w Leśnicy", "description": "Wielokrotnie niszczony i przebudowywany. Przebudowany na pałac, zwyczajowo nazywany zamkiem. Po pożarze w latach 50 przebudowany na potrzeby domu kultury. Obecnie siedziba Centrum Kultury „Zamek”.", "wikidata": "Q16619009", "wikidata_url": "https://www.wikidata.org/wiki/Q16619009", "wikipedia": "pl:Zamek w Leśnicy", "wikipedia_url": "https://pl.wikipedia.org/wiki/Zamek_w_Le%C5%9Bnicy", "published": "2026-08-14" }, "geometry": { "type": "Point", "coordinates": [ 16.870444509237206, 51.146112877650616 ] } },
{ "type": "Feature", "id": 294, "properties": { "wkt_wgs84": "POINT (15.490294548 51.780123413)", "x_wgs84": 15.490294548, "y_wgs84": 51.780123412999998, "country": "Polska", "province": "lubuskie", "district": "nowosolski", "municipality": "Kożuchów", "postcode": "67-120", "object_type": "K01.30.10", "object_type_name": "Zamki", "veracity_score": "good", "accessibility": "limited", "state": "good", "otar_id": "K01.30.10.FMWE6K", "name": "Zamek w Broniszowie", "description": "Zamek w Broniszowie wywodzi się ze średniowiecznej siedziby rycerskiej, a około 1600 r. został przekształcony w renesansową rezydencję na planie litery L. Trzykondygnacyjny budynek z cegły i kamienia zdobiły sgraffita, późnorenesansowy portal oraz dekorowane sklepienia i stropy. W XIX w. dodano elementy neogotyckie, w tym wieżę. Po 1945 r. obiekt podupadł; od 2010 r. jest stopniowo remontowany i udostępniany zwiedzającym.", "wikidata": "Q4973941", "wikidata_url": "https://www.wikidata.org/wiki/Q4973941", "wikipedia": "pl:Zamek w Broniszowie", "wikipedia_url": "https://pl.wikipedia.org/wiki/Zamek_w_Broniszowie", "published": "2026-08-14" }, "geometry": { "type": "Point", "coordinates": [ 15.490294548, 51.780123413 ] } },
{ "type": "Feature", "id": 295, "properties": { "wkt_wgs84": "POINT (21.994747558 51.335127678)", "x_wgs84": 21.994747558, "y_wgs84": 51.335127678, "country": "Polska", "province": "lubelskie", "district": "puławski", "municipality": "Kazimierz Dolny", "postcode": "24-120", "object_type": "K01.30.10", "object_type_name": "Zamki", "veracity_score": "good", "accessibility": "full", "state": "poor", "otar_id": "K01.30.10.FMXQYZ", "name": "Zamek w Bochotnicy", "description": "Ruiny zamku w Bochotnicy z XIV wieku. Po zamku zachowały się jedynie pojedyncze mury.  Do zamku można trafić leśną ścieżką odchodzącą od ul. Podzamcze 32 oraz 40. Wejście na teren ruin jest darmowe.", "wikidata": "Q18431646", "wikidata_url": "https://www.wikidata.org/wiki/Q18431646", "wikipedia": "pl:Zamek w Bochotnicy", "wikipedia_url": "https://pl.wikipedia.org/wiki/Zamek_w_Bochotnicy", "published": "2026-08-14" }, "geometry": { "type": "Point", "coordinates": [ 21.994747558, 51.335127678 ] } },
{ "type": "Feature", "id": 296, "properties": { "wkt_wgs84": "POINT (20.085055943 49.877199285)", "x_wgs84": 20.085055943, "y_wgs84": 49.877199285000003, "country": "Polska", "province": "małopolskie", "district": "myślenicki", "municipality": "Dobczyce", "postcode": "32-410", "object_type": "K01.30.10", "object_type_name": "Zamki", "veracity_score": "good", "accessibility": "full", "state": "good", "otar_id": "K01.30.10.FYE6BK", "name": "Zamek Królewski w Dobczycach", "description": "Zamek w Dobczycach  Forteca Nadwiślańskiego Pogranicza Zamek w Dobczycach to gotycko-renesansowa warownia królewska, usytuowana na skalistym wzgórzu nad zakolem rzeki Raby (obecnie nad Jeziorem Dobczyckim). Obiekt powstał w XIII wieku, pierwotnie jako drewniana strażnica, którą z inicjatywy króla Kazimierza Wielkiego przekształcono w murowaną twierdzę zabezpieczającą południowe granice Korony Królestwa Polskiego oraz komorę celną na szlaku handlowym na Węgry.", "wikidata": "Q9386623", "wikidata_url": "https://www.wikidata.org/wiki/Q9386623", "wikipedia": "pl:Zamek w Dobczycach", "wikipedia_url": "https://pl.wikipedia.org/wiki/Zamek_w_Dobczycach", "published": "2026-08-14" }, "geometry": { "type": "Point", "coordinates": [ 20.085055943, 49.877199285 ] } },
{ "type": "Feature", "id": 297, "properties": { "wkt_wgs84": "POINT (22.571560527 51.250517422)", "x_wgs84": 22.571560527, "y_wgs84": 51.250517422000001, "country": "Polska", "province": "lubelskie", "district": "Lublin", "municipality": "Lublin", "postcode": "20-117", "object_type": "K01.30.10", "object_type_name": "Zamki", "veracity_score": "good", "accessibility": "full", "state": "excellent", "otar_id": "K01.30.10.G3923D", "name": "Zamek w Lublinie", "description": "Zamek w Lublinie z XII wieku, wielokrotnie był przebudowywany w XVI w. był rezydencją królewską, w XVII w. został zniszczony. W  1831 r. odbudowano go jako więzienie którego funkcję pełnił do 1954 r. Od 1957 r. do dzisiaj pełni funkcję Muzeum Narodowego w Lublinie", "wikidata": "Q2604117", "wikidata_url": "https://www.wikidata.org/wiki/Q2604117", "wikipedia": "pl:Zamek w Lublinie", "wikipedia_url": "https://pl.wikipedia.org/wiki/Zamek_w_Lublinie", "published": "2026-08-14" }, "geometry": { "type": "Point", "coordinates": [ 22.571560527, 51.250517422 ] } },
{ "type": "Feature", "id": 298, "properties": { "wkt_wgs84": "POINT (16.674062022506565 51.90195070069759)", "x_wgs84": 16.674062022506565, "y_wgs84": 51.90195070069759, "country": "Polska", "province": "wielkopolskie", "district": "leszczyński", "municipality": "Osieczna", "postcode": "64-113", "object_type": "K01.30.10", "object_type_name": "Zamki", "veracity_score": "good", "accessibility": "partial", "state": "excellent", "otar_id": "K01.30.10.GCCWX7", "name": "Zamek w Osiecznej", "description": "Zamek w Osiecznej powstał w średniowieczu jako siedziba rycerska, a w kolejnych stuleciach był wielokrotnie przebudowywany. W XVI–XVII w. uzyskał formy renesansowe i barokowe, stopniowo tracąc pierwotny charakter obronny na rzecz funkcji rezydencjonalnych. Obiekt otacza założenie parkowe. Obecnie zamek jest zachowany i użytkowany jako część zespołu rezydencjonalnego.", "wikidata": "Q9386699", "wikidata_url": "https://www.wikidata.org/wiki/Q9386699", "wikipedia": "pl:Zamek w Osiecznej", "wikipedia_url": "https://pl.wikipedia.org/wiki/Zamek_w_Osiecznej", "published": "2026-08-30" }, "geometry": { "type": "Point", "coordinates": [ 16.674062022506565, 51.90195070069759 ] } },
{ "type": "Feature", "id": 299, "properties": { "wkt_wgs84": "POINT (18.827592513 53.834532551)", "x_wgs84": 18.827592513, "y_wgs84": 53.834532551000002, "country": "Polska", "province": "pomorskie", "district": "tczewski", "municipality": "Gniew", "postcode": "83-140", "object_type": "K01.30.10", "object_type_name": "Zamki", "veracity_score": "good", "accessibility": "full", "state": "excellent", "otar_id": "K01.30.10.GCHT1N", "name": "Zamek w Gniewie", "description": "Zamek w Gniewie wzniesiono pod koniec XIII i na początku XIV w. jako gotycką warownię krzyżacką i siedzibę komtura. Ma regularny, czworoboczny układ z wewnętrznym dziedzińcem, czterema skrzydłami, narożnymi wieżami oraz rozbudowanym systemem obronnym. W kolejnych stuleciach był przebudowywany i adaptowany do nowych funkcji. Obecnie jest dobrze zachowany, odrestaurowany i pełni funkcje muzealne, hotelowe oraz turystyczne.", "wikidata": "Q5574254", "wikidata_url": "https://www.wikidata.org/wiki/Q5574254", "wikipedia": "pl:Zamek w Gniewie", "wikipedia_url": "https://pl.wikipedia.org/wiki/Zamek_w_Gniewie", "published": "2026-08-14" }, "geometry": { "type": "Point", "coordinates": [ 18.827592513, 53.834532551 ] } },
{ "type": "Feature", "id": 300, "properties": { "wkt_wgs84": "POINT (15.643176422 51.23185094)", "x_wgs84": 15.643176422, "y_wgs84": 51.23185094, "country": "Polska", "province": "dolnośląskie", "district": "bolesławiecki", "municipality": "Warta Bolesławiecka", "postcode": "59-720", "object_type": "K01.30.10", "object_type_name": "Zamki", "veracity_score": "good", "accessibility": "full", "state": "poor", "otar_id": "K01.30.10.GCNB49", "name": "Zamek w Warcie Bolesławieckiej", "description": "Zamek w Warcie Bolesławieckiej wzniesiono w XVI w. jako renesansową rezydencję o cechach obronnych. Założenie obejmowało wieloskrzydłową zabudowę skupioną wokół dziedzińca, wieżę oraz elementy systemu obronnego. W kolejnych stuleciach obiekt był przebudowywany i stopniowo tracił pierwotny charakter. Obecnie zachowały się fragmenty dawnej zabudowy zamkowej, częściowo przekształcone i użytkowane.", "wikidata": "Q9386757", "wikidata_url": "https://www.wikidata.org/wiki/Q9386757", "wikipedia": "pl:Zamek w Warcie Bolesławieckiej", "wikipedia_url": "https://pl.wikipedia.org/wiki/Zamek_w_Warcie_Boles%C5%82awieckiej", "published": "2026-08-14" }, "geometry": { "type": "Point", "coordinates": [ 15.643176422, 51.23185094 ] } },
{ "type": "Feature", "id": 301, "properties": { "wkt_wgs84": "POINT (15.945881286 51.390458306)", "x_wgs84": 15.945881286000001, "y_wgs84": 51.390458306, "country": "Polska", "province": "dolnośląskie", "district": "polkowicki", "municipality": "Chocianów", "postcode": "59-145", "object_type": "K01.30.10", "object_type_name": "Zamki", "veracity_score": "fair", "accessibility": "limited", "state": "bad", "otar_id": "K01.30.10.GEFQ9Y", "name": "Zamek w Chocianowcu", "description": "Zamek myśliwski z XIII w. (pierwsza wzmianka z 1286 r.), położony w Chocianowcu, pierwotnie murowana budowla na planie prostokąta, otoczona fosą i wałem, pełniąca funkcje administracyjne wobec głównego zamku w Chocianowie. W XIV w. powstał murowany zamek, w XVI w. przebudowany w stylu renesansowym (zachowane profilowane kamienne obramienia okien na parterze), kolejne przebudowy w XVIIXIX w. przekształciły go w trójkondygnacyjny, podpiwniczony pałac pozbawiony cech obronnych, wsparty przyporami.", "wikidata": "Q9386615", "wikidata_url": "https://www.wikidata.org/wiki/Q9386615", "wikipedia": "pl:Zamek w Chocianowcu", "wikipedia_url": "https://pl.wikipedia.org/wiki/Zamek_w_Chocianowcu", "published": "2026-08-14" }, "geometry": { "type": "Point", "coordinates": [ 15.945881286, 51.390458306 ] } },
{ "type": "Feature", "id": 302, "properties": { "wkt_wgs84": "POINT (15.266070294 53.800721118)", "x_wgs84": 15.266070294, "y_wgs84": 53.800721117999998, "country": "Polska", "province": "zachodniopomorskie", "district": "gryficki", "municipality": "Płoty", "postcode": "72-310", "object_type": "K01.30.10", "object_type_name": "Zamki", "veracity_score": "good", "accessibility": "partial", "state": "good", "otar_id": "K01.30.10.GEVYN7", "name": "Zamek w Płotach", "description": "Zamek średniowieczny kilkukrotnie niszczony i przebudowywany, spalony w 1860. Pozostawał w ruinie aż do odbudowy w latach 1959-1967, obecnie biblioteka.", "wikidata": "Q86668541", "wikidata_url": "https://www.wikidata.org/wiki/Q86668541", "wikipedia": "pl:Zamek w Płotach", "wikipedia_url": "https://pl.wikipedia.org/wiki/Zamek_w_P%C5%82otach", "published": "2026-08-14" }, "geometry": { "type": "Point", "coordinates": [ 15.266070294, 53.800721118 ] } },
{ "type": "Feature", "id": 303, "properties": { "wkt_wgs84": "POINT (17.502809423 51.973597892)", "x_wgs84": 17.502809423, "y_wgs84": 51.973597892000001, "country": "Polska", "province": "wielkopolskie", "district": "jarociński", "municipality": "Jarocin", "postcode": "63-200", "object_type": "K01.30.10", "object_type_name": "Zamki", "veracity_score": "fair", "accessibility": "partial", "state": "excellent", "otar_id": "K01.30.10.GJJUX1", "name": "Zamek Skarbczyk w Jarocinie", "description": "Zamek w Jarocinie rozwinął się z XIII-wiecznej drewnianej wieży obronnej Zarembów. Na początku XV w. wzniesiono murowane fortalitium otoczone fosą, z dostępem przez most zwodzony. Później zamek wielokrotnie przebudowywano, wzmacniając mury przyporami i zmieniając wnętrza. Obecnie zachował się głównie tzw. Skarbczyk – dwukondygnacyjny budynek z przyporami, wieżyczką i sklepionymi wnętrzami, użytkowany przez Muzeum Regionalne.", "wikidata": "n/a", "wikidata_url": "n/a", "wikipedia": "n/a", "wikipedia_url": "n/a", "published": "2026-08-14" }, "geometry": { "type": "Point", "coordinates": [ 17.502809423, 51.973597892 ] } },
{ "type": "Feature", "id": 304, "properties": { "wkt_wgs84": "POINT (16.884285782 51.075612834)", "x_wgs84": 16.884285782, "y_wgs84": 51.075612833999998, "country": "Polska", "province": "dolnośląskie", "district": "wrocławski", "municipality": "Kąty Wrocławskie", "postcode": "55-080", "object_type": "K01.30.10", "object_type_name": "Zamki", "veracity_score": "good", "accessibility": "partial", "state": "fair", "otar_id": "K01.30.10.GMWHLZ", "name": "Zamek w Smolcu", "description": "Dwór obronny w Smolcu istniał już w XIVXV wieku, początkowo zapewne jako wieża mieszkalna z towarzyszącą zabudową i umocnieniami. W 1523 roku został przebudowany na zamek dla rodziny Saurma-Ultschmanów, a w XVIII wieku rozbudowany o kolejne skrzydła i ścianę parawanową. W latach 1850-1855 założenie zmodernizowano w stylu neogotyckim dla rodziny von Wallenberg-Pachaly. Zamek został zniszczony w 1945 roku i nie został odbudowany.", "wikidata": "Q30083776", "wikidata_url": "https://www.wikidata.org/wiki/Q30083776", "wikipedia": "pl:Zamek w Smolcu", "wikipedia_url": "https://pl.wikipedia.org/wiki/Zamek_w_Smolcu", "published": "2026-08-14" }, "geometry": { "type": "Point", "coordinates": [ 16.884285782, 51.075612834 ] } },
{ "type": "Feature", "id": 305, "properties": { "wkt_wgs84": "POINT (19.592676521 50.299805827)", "x_wgs84": 19.592676521000001, "y_wgs84": 50.299805827, "country": "Polska", "province": "małopolskie", "district": "olkuski", "municipality": "Olkusz", "postcode": "32-300", "object_type": "K01.30.10", "object_type_name": "Zamki", "veracity_score": "good", "accessibility": "full", "state": "fair", "otar_id": "K01.30.10.GMZQH8", "name": "Zamek w Rabsztynie", "description": "Zamek w Rabsztynie ukształtował się w XIV–XV w. jako gotycka warownia ze skalnym zamkiem górnym, wieżą, zabudową mieszkalną i dziedzińcem. Później rozbudowano go o zamek średni i dolny, bramę, fosę oraz późnorenesansowy pałac. Po spaleniu przez Szwedów w 1657 r. stopniowo popadał w ruinę. Obecnie jest częściowo zrekonstruowany, zabezpieczony i udostępniony turystycznie.", "wikidata": "Q9386720", "wikidata_url": "https://www.wikidata.org/wiki/Q9386720", "wikipedia": "pl:Zamek w Rabsztynie", "wikipedia_url": "https://pl.wikipedia.org/wiki/Zamek_w_Rabsztynie", "published": "2026-08-14" }, "geometry": { "type": "Point", "coordinates": [ 19.592676521, 50.299805827 ] } },
{ "type": "Feature", "id": 306, "properties": { "wkt_wgs84": "POINT (20.951810505 50.9417971)", "x_wgs84": 20.951810505000001, "y_wgs84": 50.9417971, "country": "Polska", "province": "świętokrzyskie", "district": "kielecki", "municipality": "Bodzentyn", "postcode": "26-010", "object_type": "K01.30.10", "object_type_name": "Zamki", "veracity_score": "good", "accessibility": "full", "state": "fair", "otar_id": "K01.30.10.GQBM4Z", "name": "Zamek w Bodzentynie", "description": "Zamek w Bodzentynie to ruiny dawnej rezydencji biskupów krakowskich, których murowaną formę wzniesiono w II połowie XIV wieku z inicjatywy biskupa Floriana z Mokrska. Wcześniej w tym samym miejscu znajdował się drewniany dwór biskupa Bodzanty, jednak to nowa warownia stała się ważnym ośrodkiem, w którym 19 czerwca 1410 roku król Władysław Jagiełło przez dwa dni przyjmował posłów pomorskich.", "wikidata": "Q4937040", "wikidata_url": "https://www.wikidata.org/wiki/Q4937040", "wikipedia": "pl:Zamek w Bodzentynie", "wikipedia_url": "https://pl.wikipedia.org/wiki/Zamek_w_Bodzentynie", "published": "2026-08-14" }, "geometry": { "type": "Point", "coordinates": [ 20.951810505, 50.9417971 ] } },
{ "type": "Feature", "id": 307, "properties": { "wkt_wgs84": "POINT (16.360801044 51.274917038)", "x_wgs84": 16.360801044, "y_wgs84": 51.274917037999998, "country": "Polska", "province": "dolnośląskie", "district": "legnicki", "municipality": "Prochowice", "postcode": "59-230", "object_type": "K01.30.10", "object_type_name": "Zamki", "veracity_score": "fair", "accessibility": "partial", "state": "good", "otar_id": "K01.30.10.GVGV3F", "name": "Zamek w Prochowicach", "description": "Zamek w Prochowicach to średniowieczna rezydencja obronna wzniesiona na przełomie XIII i XIV wieku, później przebudowywana na renesansowy pałac i umacniana bastionami. W 1642 roku został zniszczony przez wojska szwedzkie, a po kolejnych zniszczeniach w 1945 roku pozostał ruiną. Obecnie obiekt jest własnością prywatną i jest remontowany.", "wikidata": "Q9386709)", "wikidata_url": "https://www.wikidata.org/wiki/Q9386709)", "wikipedia": "pl:Zamek w Prochowicach", "wikipedia_url": "https://pl.wikipedia.org/wiki/Zamek_w_Prochowicach", "published": "2026-08-14" }, "geometry": { "type": "Point", "coordinates": [ 16.360801044, 51.274917038 ] } },
{ "type": "Feature", "id": 308, "properties": { "wkt_wgs84": "POINT (18.257851314442064 52.29148234190212)", "x_wgs84": 18.257851314442064, "y_wgs84": 52.291482341902118, "country": "Polska", "province": "wielkopolskie", "district": "Konin", "municipality": "Konin", "postcode": "62-510", "object_type": "K01.30.10", "object_type_name": "Zamki", "veracity_score": "good", "accessibility": "full", "state": "excellent", "otar_id": "K01.30.10.H4EK4W", "name": "Zamek w Gosławicach", "description": "Zamek w Gosławicach wzniesiono w latach 1418–1426 z inicjatywy biskupa Andrzeja Łaskarza. Założenie tworzą dwa równoległe budynki mieszkalne otoczone murem z narożnymi wieżyczkami strzelniczymi i fosą. Zamek został zniszczony w XVII w., a później częściowo przekształcony gospodarczo. Po remoncie w latach 1978–1986 odzyskał funkcję użytkową. Obecnie mieści Muzeum Okręgowe w Koninie i jest udostępniony zwiedzającym.", "wikidata": "Q9386636", "wikidata_url": "https://www.wikidata.org/wiki/Q9386636", "wikipedia": "pl:Zamek w Gosławicach", "wikipedia_url": "https://pl.wikipedia.org/wiki/Zamek_w_Gos%C5%82awicach", "published": "2026-08-14" }, "geometry": { "type": "Point", "coordinates": [ 18.257851314442064, 52.291482341902118 ] } },
{ "type": "Feature", "id": 309, "properties": { "wkt_wgs84": "POINT (22.32531543081892 49.46939585419655)", "x_wgs84": 22.325315430818922, "y_wgs84": 49.469395854196549, "country": "Polska", "province": "podkarpackie", "district": "leski", "municipality": "Lesko", "postcode": "38-600", "object_type": "K01.30.10", "object_type_name": "Zamki", "veracity_score": "good", "accessibility": "limited", "state": "excellent", "otar_id": "K01.30.10.H6DTBY", "name": "Zamek w Lesku", "description": "Zamek w Lesku wzniesiono w XVI w. jako renesansową rezydencję rodu Kmitów o funkcjach mieszkalnych i obronnych. Budowla była wielokrotnie przebudowywana, m.in. w XVIII i XIX w., kiedy nadano jej bardziej reprezentacyjny charakter. Zachowała masywną bryłę, wieże i elementy dawnego założenia rezydencjonalnego. Obecnie zamek jest odrestaurowany i pełni funkcje hotelowe oraz turystyczne, obecnie nieczyny.", "wikidata": "Q9386672", "wikidata_url": "https://www.wikidata.org/wiki/Q9386672", "wikipedia": "pl:Zamek w Lesku", "wikipedia_url": "https://pl.wikipedia.org/wiki/Zamek_w_Lesku", "published": "2026-08-14" }, "geometry": { "type": "Point", "coordinates": [ 22.325315430818922, 49.469395854196549 ] } },
{ "type": "Feature", "id": 310, "properties": { "wkt_wgs84": "POINT (21.234334115 51.958361218)", "x_wgs84": 21.234334115, "y_wgs84": 51.958361218, "country": "Polska", "province": "mazowieckie", "district": "piaseczyński", "municipality": "Góra Kalwaria", "postcode": "05-530", "object_type": "K01.30.10", "object_type_name": "Zamki", "veracity_score": "good", "accessibility": "full", "state": "fair", "otar_id": "K01.30.10.H6QHJV", "name": "Zamek książąt mazowieckich w Czersku", "description": "Zamek książąt mazowieckich w Czersku wzniesiono na przełomie XIV i XV w. jako gotycką warownię książęcą. Założenie miało plan zbliżony do wieloboku i obejmowało mury obronne, dziedziniec oraz trzy masywne wieże: bramną, południową i zachodnią. Po włączeniu Mazowsza do Korony zamek stopniowo tracił znaczenie i popadał w ruinę. Obecnie zachowane mury i wieże są zabezpieczone i udostępnione turystycznie.", "wikidata": "Q9386588", "wikidata_url": "https://www.wikidata.org/wiki/Q9386588", "wikipedia": "pl:Zamek książąt mazowieckich w Czersku", "wikipedia_url": "https://pl.wikipedia.org/wiki/Zamek_ksi%C4%85%C5%BC%C4%85t_mazowieckich_w_Czersku", "published": "2026-08-14" }, "geometry": { "type": "Point", "coordinates": [ 21.234334115, 51.958361218 ] } },
{ "type": "Feature", "id": 311, "properties": { "wkt_wgs84": "POINT (14.969546657953279 51.78932464215437)", "x_wgs84": 14.969546657953279, "y_wgs84": 51.789324642154369, "country": "Polska", "province": "lubuskie", "district": "żarski", "municipality": "Lubsko", "postcode": "68-300", "object_type": "K01.30.10", "object_type_name": "Zamki", "veracity_score": "good", "accessibility": "partial", "state": "excellent", "otar_id": "K01.30.10.H7JWVB", "name": "Zamek w Lubsku", "description": "Zamek w Lubsku to cenny i dobrze zachowany zabytek architektury rezydencjonalno-obronnej, wkomponowany w strukturę miejską. Na przestrzeni wieków przeszedł spektakularną metamorfozę od surowej, średniowiecznej warowni do eleganckiego pałacu. Początki murowanego założenia obronnego sięgają XIV wieku. Obecnie zamek w Lubsku jest w pełni odrestaurowany i stanowi jeden z najważniejszych punktów na turystycznej mapie miasta.", "wikidata": "Q30143243", "wikidata_url": "https://www.wikidata.org/wiki/Q30143243", "wikipedia": "pl:Zamek w Lubsku", "wikipedia_url": "https://pl.wikipedia.org/wiki/Zamek_w_Lubsku", "published": "2026-08-14" }, "geometry": { "type": "Point", "coordinates": [ 14.969546657953279, 51.789324642154369 ] } },
{ "type": "Feature", "id": 312, "properties": { "wkt_wgs84": "POINT (23.042254625 52.331138607)", "x_wgs84": 23.042254625000002, "y_wgs84": 52.331138607, "country": "Polska", "province": "podlaskie", "district": "siemiatycki", "municipality": "Mielnik", "postcode": "17-307", "object_type": "K01.30.10", "object_type_name": "Zamki", "veracity_score": "good", "accessibility": "full", "state": "poor", "otar_id": "K01.30.10.H9BF24", "name": "Zamek w Mielniku", "description": "Zamek z XIV w., zniszczony w wyniku pożaru w XVI w. oraz po potopie szwedzkim pozostałości zamku zostały zasypane ziemią przez rosyjskich zaborców po powstaniu styczniowym. Jedynymi dobrze widocznymi pozostałościami są ruiny kościoła zamkowego znajdujące się tuż obok zasypanych ruin zamku", "wikidata": "Q9386680", "wikidata_url": "https://www.wikidata.org/wiki/Q9386680", "wikipedia": "pl:Zamek w Mielniku", "wikipedia_url": "https://pl.wikipedia.org/wiki/Zamek_w_Mielniku", "published": "2026-08-14" }, "geometry": { "type": "Point", "coordinates": [ 23.042254625, 52.331138607 ] } },
{ "type": "Feature", "id": 313, "properties": { "wkt_wgs84": "POINT (15.929551664 51.270695144)", "x_wgs84": 15.929551664, "y_wgs84": 51.270695144000001, "country": "Polska", "province": "dolnośląskie", "district": "legnicki", "municipality": "Chojnów", "postcode": "59-225", "object_type": "K01.30.10", "object_type_name": "Zamki", "veracity_score": "good", "accessibility": "full", "state": "excellent", "otar_id": "K01.30.10.H9HC1T", "name": "Zamek Piastowski w Chojnowie", "description": "Zamek Piastowski w Chojnowie powstał w XIII–XIV w. jako siedziba książąt legnickich. W XVI w. został przebudowany w stylu renesansowym, z reprezentacyjną częścią mieszkalną i dekoracyjnym portalem. W kolejnych stuleciach obiekt tracił znaczenie i był częściowo rozbierany. Obecnie zachowane skrzydło zamku jest odrestaurowane i mieści Muzeum Regionalne w Chojnowie.", "wikidata": "Q9386546", "wikidata_url": "https://www.wikidata.org/wiki/Q9386546", "wikipedia": "pl:Zamek Piastowski w Chojnowie", "wikipedia_url": "https://pl.wikipedia.org/wiki/Zamek_Piastowski_w_Chojnowie", "published": "2026-08-14" }, "geometry": { "type": "Point", "coordinates": [ 15.929551664, 51.270695144 ] } },
{ "type": "Feature", "id": 314, "properties": { "wkt_wgs84": "POINT (21.014172517 52.247736308)", "x_wgs84": 21.014172517, "y_wgs84": 52.247736308, "country": "Polska", "province": "mazowieckie", "district": "Warszawa", "municipality": "Warszawa", "postcode": "00-277", "object_type": "K01.30.10", "object_type_name": "Zamki", "veracity_score": "good", "accessibility": "full", "state": "excellent", "otar_id": "K01.30.10.HBVX3M", "name": "Zamek Królewski w Warszawie", "description": "Pierwotnie rezydencja książąt mazowieckich. Wielokrotnie niszczony i przebudowywany. Po II wojnie światowej całkowicie zniszczony. Został odbudowany w latach 1971-1984. Odbudowa odtworzyła wygląd zamku ukształtowany głównie w XVIII wieku, zachowany aż do jego zniszczenia podczas II wojny światowej.  Pomnik historii.", "wikidata": "Q756098", "wikidata_url": "https://www.wikidata.org/wiki/Q756098", "wikipedia": "pl:Zamek Królewski w Warszawie", "wikipedia_url": "https://pl.wikipedia.org/wiki/Zamek_Kr%C3%B3lewski_w_Warszawie", "published": "2026-08-14" }, "geometry": { "type": "Point", "coordinates": [ 21.014172517, 52.247736308 ] } },
{ "type": "Feature", "id": 315, "properties": { "wkt_wgs84": "POINT (19.475229481 50.614402762)", "x_wgs84": 19.475229481, "y_wgs84": 50.614402761999997, "country": "Polska", "province": "śląskie", "district": "myszkowski", "municipality": "Niegowa", "postcode": "42-320", "object_type": "K01.30.10", "object_type_name": "Zamki", "veracity_score": "good", "accessibility": "full", "state": "fair", "otar_id": "K01.30.10.HD6NHK", "name": "Zamek w Mirowie", "description": "Zamek w Mirowie wzniesiono w XIV w. jako królewską warownię na wapiennym wzgórzu Jury Krakowsko-Częstochowskiej. Założenie obejmowało zamek górny z wieżą i zabudową mieszkalną, mury obronne oraz przedzamcze, dostosowane do skalistego terenu. W XVI w. zamek rozbudowano, lecz po zniszczeniach XVII w. popadł w ruinę. Obecnie zachowane mury i wieże są zabezpieczane i częściowo udostępniane turystycznie.", "wikidata": "Q3493915", "wikidata_url": "https://www.wikidata.org/wiki/Q3493915", "wikipedia": "pl:Zamek w Mirowie", "wikipedia_url": "https://pl.wikipedia.org/wiki/Zamek_w_Mirowie", "published": "2026-08-14" }, "geometry": { "type": "Point", "coordinates": [ 19.475229481, 50.614402762 ] } },
{ "type": "Feature", "id": 316, "properties": { "wkt_wgs84": "POINT (15.9004594 51.009841134)", "x_wgs84": 15.9004594, "y_wgs84": 51.009841133999998, "country": "Polska", "province": "dolnośląskie", "district": "złotoryjski", "municipality": "Świerzawa", "postcode": "59-540", "object_type": "K01.30.10", "object_type_name": "Zamki", "veracity_score": "good", "accessibility": "limited", "state": "bad", "otar_id": "K01.30.10.HNUB45", "name": "Zamek w Starej Kraśnicy", "description": "Ruiny manierystycznego zamku-dworu z XVI/XVII w. w Starej Kraśnicy (dolnośląskie). Słynie z okazałej bramy wjazdowej oraz rzeźbionego portalu z 16 herbami. Ze względu na katastrofalny stan techniczny wejście w mury jest zabronione  całość można bezpiecznie podziwiać z ogólnodostępnego terenu", "wikidata": "Q30089389", "wikidata_url": "https://www.wikidata.org/wiki/Q30089389", "wikipedia": "pl:Zamek w Starej Kraśnicy", "wikipedia_url": "https://pl.wikipedia.org/wiki/Zamek_w_Starej_Kra%C5%9Bnicy", "published": "2026-08-14" }, "geometry": { "type": "Point", "coordinates": [ 15.9004594, 51.009841134 ] } },
{ "type": "Feature", "id": 317, "properties": { "wkt_wgs84": "POINT (16.319344043 51.803467796)", "x_wgs84": 16.319344043000001, "y_wgs84": 51.803467796, "country": "Polska", "province": "lubuskie", "district": "wschowski", "municipality": "Wschowa", "postcode": "67-400", "object_type": "K01.30.10", "object_type_name": "Zamki", "veracity_score": "good", "accessibility": "partial", "state": "poor", "otar_id": "K01.30.10.HPGMBK", "name": "Zamek we Wschowie", "description": "Usytuowany w obrębie dawnych murów obronnych Zamek we Wschowej to zabytek o bogatej historii, pełniący przez wieki rolę kluczowej strażnicy na zachodniej granicy Królestwa Polskiego. Początki murowanej warowni sięgają XIV wieku i przypisuje się je królowi Kazimierzowi Wielkiemu, który po odzyskaniu Wschowy włączył ją w system obronny państwa.", "wikidata": "Q9386779", "wikidata_url": "https://www.wikidata.org/wiki/Q9386779", "wikipedia": "pl:Zamek we Wschowie", "wikipedia_url": "https://pl.wikipedia.org/wiki/Zamek_we_Wschowie", "published": "2026-08-14" }, "geometry": { "type": "Point", "coordinates": [ 16.319344043, 51.803467796 ] } },
{ "type": "Feature", "id": 318, "properties": { "wkt_wgs84": "POINT (19.482354278 53.644932884)", "x_wgs84": 19.482354278, "y_wgs84": 53.644932884, "country": "Polska", "province": "warmińsko-mazurskie", "district": "iławski", "municipality": "Iława", "postcode": "14-202", "object_type": "K01.30.10", "object_type_name": "Zamki", "veracity_score": "good", "accessibility": "partial", "state": "fair", "otar_id": "K01.30.10.HYPPZK", "name": "Zamek kapituły pomezańskiej w Szymbarku", "description": "Zamek w Szymbarku wzniesiono w XIV w. jako gotycką siedzibę kapituły pomezańskiej. Rozległe założenie ma plan prostokąta, z dziedzińcem, murami obronnymi i licznymi wieżami narożnymi oraz bramnymi. W XVI w. zamek przebudowano w stylu renesansowym, przystosowując go do funkcji rezydencjonalnych. Po zniszczeniach w 1945 r. popadł w ruinę. Obecnie zachowały się rozległe mury, wieże i fragmenty zabudowy.", "wikidata": "Q9386750", "wikidata_url": "https://www.wikidata.org/wiki/Q9386750", "wikipedia": "pl:Zamek w Szymbarku", "wikipedia_url": "https://pl.wikipedia.org/wiki/Zamek_w_Szymbarku", "published": "2026-08-14" }, "geometry": { "type": "Point", "coordinates": [ 19.482354278, 53.644932884 ] } },
{ "type": "Feature", "id": 319, "properties": { "wkt_wgs84": "POINT (22.109782607157353 50.75956520353329)", "x_wgs84": 22.109782607157353, "y_wgs84": 50.759565203533292, "country": "Polska", "province": "podkarpackie", "district": "stalowowolski", "municipality": "Zaklików", "postcode": "37-470", "object_type": "K01.30.10", "object_type_name": "Zamki", "veracity_score": "good", "accessibility": "limited", "state": "poor", "otar_id": "K01.30.10.J56JP7", "name": "Zamek w Zaklikowie", "description": "Zamek w Zaklikowie wzniesiono w XVI w. jako murowaną siedzibę o funkcjach mieszkalnych i obronnych. Założenie miało charakter niewielkiej warowni szlacheckiej, z budynkiem mieszkalnym i elementami obronnymi dostosowanymi do lokalnych warunków terenowych. W kolejnych stuleciach obiekt utracił znaczenie i został rozebrany. Obecnie zachowały się jedynie relikty dawnego założenia zamkowego.", "wikidata": "n/a", "wikidata_url": "n/a", "wikipedia": "n/a", "wikipedia_url": "n/a", "published": "2026-08-30" }, "geometry": { "type": "Point", "coordinates": [ 22.109782607157353, 50.759565203533292 ] } },
{ "type": "Feature", "id": 320, "properties": { "wkt_wgs84": "POINT (20.46116808 50.797243313)", "x_wgs84": 20.46116808, "y_wgs84": 50.797243313000003, "country": "Polska", "province": "świętokrzyskie", "district": "kielecki", "municipality": "Chęciny", "postcode": "26-060", "object_type": "K01.30.10", "object_type_name": "Zamki", "veracity_score": "good", "accessibility": "full", "state": "fair", "otar_id": "K01.30.10.J6JGQ8", "name": "Zamek Królewski w Chęcinach", "description": "Zamek Królewski w Chęcinach to jedna z najbardziej ikonicznych i malowniczych warowni w Polsce. Wzniesiony na przełomie XIII i XIV wieku na wysokim, skalistym wzgórzu (360 m n.p.m.), przez stulecia górował nad okolicą jako potężna, niezdobyta forteca strzegąca południowych granic państwa. Inicjatorem budowy zamku był najprawdopodobniej król Władysław Łokietek, który uczynił z niego ważny ośrodek administracyjny i polityczny.", "wikidata": "Q4497261", "wikidata_url": "https://www.wikidata.org/wiki/Q4497261", "wikipedia": "pl:Zamek w Chęcinach", "wikipedia_url": "https://pl.wikipedia.org/wiki/Zamek_w_Ch%C4%99cinach", "published": "2026-08-14" }, "geometry": { "type": "Point", "coordinates": [ 20.46116808, 50.797243313 ] } },
{ "type": "Feature", "id": 321, "properties": { "wkt_wgs84": "POINT (18.59993514 53.000963155)", "x_wgs84": 18.59993514, "y_wgs84": 53.000963155000001, "country": "Polska", "province": "kujawsko-pomorskie", "district": "Toruń", "municipality": "Toruń", "postcode": "87-100", "object_type": "K01.30.10", "object_type_name": "Zamki", "veracity_score": "good", "accessibility": "full", "state": "fair", "otar_id": "K01.30.10.J8D2VC", "name": "Zamek Dybów", "description": "Zamek Dybów w Toruniu wzniesiono w latach 1424–1428 z inicjatywy Władysława Jagiełły jako królewską warownię nad Wisłą, kontrolującą przeprawę i granicę z państwem krzyżackim. Założenie obejmowało czworoboczny mur obronny, dziedziniec, dom mieszkalny oraz wieżę bramną. W kolejnych stuleciach zamek był niszczony i przebudowywany. Obecnie zachował się jako zabezpieczona ruina z murami, wieżą bramną i fragmentami zabudowy.", "wikidata": "Q9386513", "wikidata_url": "https://www.wikidata.org/wiki/Q9386513", "wikipedia": "pl:Zamek Dybów", "wikipedia_url": "https://pl.wikipedia.org/wiki/Zamek_Dyb%C3%B3w", "published": "2026-08-14" }, "geometry": { "type": "Point", "coordinates": [ 18.59993514, 53.000963155 ] } },
{ "type": "Feature", "id": 322, "properties": { "wkt_wgs84": "POINT (19.935073194 50.055024622)", "x_wgs84": 19.935073194000001, "y_wgs84": 50.055024621999998, "country": "Polska", "province": "małopolskie", "district": "Kraków", "municipality": "Kraków", "postcode": "31-001", "object_type": "K01.30.10", "object_type_name": "Zamki", "veracity_score": "good", "accessibility": "full", "state": "excellent", "otar_id": "K01.30.10.JE9Y8F", "name": "Zamek Królewski na Wawelu", "description": "Zamek Królewski na Wawelu to wielowiekowa rezydencja obronno-reprezentacyjna, której początki sięgają XI–XIII w. W XIV–XV w. rozbudowano ją w stylu gotyckim, a w XVI w. przekształcono w monumentalny pałac renesansowy z arkadowym dziedzińcem. Zachował elementy romańskie, gotyckie, renesansowe i barokowe. Obecnie mieści muzeum Państwowe Zbiory Sztuki i jest udostępniony zwiedzającym.", "wikidata": "Q18820", "wikidata_url": "https://www.wikidata.org/wiki/Q18820", "wikipedia": "pl:Zamek Królewski na Wawelu", "wikipedia_url": "https://pl.wikipedia.org/wiki/Zamek_Kr%C3%B3lewski_na_Wawelu", "published": "2026-08-14" }, "geometry": { "type": "Point", "coordinates": [ 19.935073194, 50.055024622 ] } },
{ "type": "Feature", "id": 323, "properties": { "wkt_wgs84": "POINT (21.440957722 49.778550988)", "x_wgs84": 21.440957722, "y_wgs84": 49.778550988, "country": "Polska", "province": "podkarpackie", "district": "jasielski", "municipality": "Kołaczyce", "postcode": "38-200", "object_type": "K01.30.10", "object_type_name": "Zamki", "veracity_score": "fair", "accessibility": "full", "state": "poor", "otar_id": "K01.30.10.JNXWPV", "name": "Zamek Golesz", "description": "Zamek Golesz w Krajowicach wzniesiono prawdopodobnie po 1420 r. na miejscu wcześniejszego grodu, jako murowaną siedzibę zarządcy dóbr opactwa tynieckiego. Założenie obejmowało obwód murów z piaskowca, dziedziniec, dom zamkowy, bramę oraz basztę; starszym elementem była wolnostojąca okrągła wieża. Zamek zniszczono prawdopodobnie w 1657 r. Obecnie zachowały się ruiny murów i fundamentów na terenie rezerwatu „Golesz”.", "wikidata": "Q9386519", "wikidata_url": "https://www.wikidata.org/wiki/Q9386519", "wikipedia": "pl:Zamek Golesz", "wikipedia_url": "https://pl.wikipedia.org/wiki/Zamek_Golesz", "published": "2026-08-14" }, "geometry": { "type": "Point", "coordinates": [ 21.440957722, 49.778550988 ] } },
{ "type": "Feature", "id": 324, "properties": { "wkt_wgs84": "POINT (22.242607250364877 51.2364760196502)", "x_wgs84": 22.242607250364877, "y_wgs84": 51.236476019650198, "country": "Polska", "province": "lubelskie", "district": "lubelski", "municipality": "Wojciechów", "postcode": "24-204", "object_type": "K01.30.10", "object_type_name": "Zamki", "veracity_score": "good", "accessibility": "full", "state": "excellent", "otar_id": "K01.30.10.JP1GB8", "name": "Wieża Ariańska w Wojciechowie", "description": "Trójkondygnacyjna wieża mieszkalno-obronna zbudowana z kamieni i cegieł w dwóch etapach przed 1527 r. przez starostę lubelskiego Jana Pileckiego (herbu Leliwa), położona w Wojciechowie; jedyny zachowany fragment dużego założenia obronnego wybudowanego pod koniec XIV w. przez Szczekockich herbu Odrowąż. Obecnie w wieży mieszczą się Gminny Ośrodek Kultury, Muzeum Regionalne z Galerią Sztuki Ludowej, Muzeum Kowalstwa, Biblioteka Gminna i kawiarnia.", "wikidata": "Q9373743", "wikidata_url": "https://www.wikidata.org/wiki/Q9373743", "wikipedia": "pl:Wieża Ariańska w Wojciechowie", "wikipedia_url": "https://pl.wikipedia.org/wiki/Wie%C5%BCa_Aria%C5%84ska_w_Wojciechowie", "published": "2026-08-14" }, "geometry": { "type": "Point", "coordinates": [ 22.242607250364877, 51.236476019650198 ] } },
{ "type": "Feature", "id": 325, "properties": { "wkt_wgs84": "POINT (17.172485643 50.684660553)", "x_wgs84": 17.172485643000002, "y_wgs84": 50.684660553000001, "country": "Polska", "province": "dolnośląskie", "district": "strzeliński", "municipality": "Przeworno", "postcode": "57-130", "object_type": "K01.30.10", "object_type_name": "Zamki", "veracity_score": "fair", "accessibility": "limited", "state": "good", "otar_id": "K01.30.10.JRAD2J", "name": "Zamek w Przewornie", "description": "Zamek w Przewornie wzniesiono prawdopodobnie w XIV w. jako niewielką warownię rycerską. Murowane założenie miało charakter mieszkalno-obronny i było związane z lokalną siedzibą feudalną. W kolejnych stuleciach obiekt tracił znaczenie, ulegał przebudowom i stopniowej degradacji. Obecnie zachowały się jedynie relikty murów i fundamentów dawnego zamku.", "wikidata": "Q19401695", "wikidata_url": "https://www.wikidata.org/wiki/Q19401695", "wikipedia": "pl:Zamek w Przewornie", "wikipedia_url": "https://pl.wikipedia.org/wiki/Zamek_w_Przewornie", "published": "2026-08-14" }, "geometry": { "type": "Point", "coordinates": [ 17.172485643, 50.684660553 ] } },
{ "type": "Feature", "id": 326, "properties": { "wkt_wgs84": "POINT (16.19107153 51.049978729)", "x_wgs84": 16.19107153, "y_wgs84": 51.049978729000003, "country": "Polska", "province": "dolnośląskie", "district": "jaworski", "municipality": "Jawor", "postcode": "59-400", "object_type": "K01.30.10", "object_type_name": "Zamki", "veracity_score": "good", "accessibility": "full", "state": "good", "otar_id": "K01.30.10.JYUG56", "name": "Zamek Piastowski w Jaworze", "description": "Zamek Piastowski w Jaworze powstał w XIII w. jako siedziba książąt świdnicko-jaworskich. W kolejnych stuleciach był rozbudowywany, a w XVI w. otrzymał formy renesansowe. Założenie obejmuje wieloskrzydłową zabudowę z dziedzińcem, wieżą i reliktami średniowiecznych murów. Po późniejszych przebudowach pełnił także funkcje administracyjne i więzienne. Obecnie jest zachowany, lecz wymaga dalszych prac rewaloryzacyjnych.", "wikidata": "Q9386648", "wikidata_url": "https://www.wikidata.org/wiki/Q9386648", "wikipedia": "pl:Zamek Piastowski w Jaworze", "wikipedia_url": "https://pl.wikipedia.org/wiki/Zamek_Piastowski_w_Jaworze", "published": "2026-08-14" }, "geometry": { "type": "Point", "coordinates": [ 16.19107153, 51.049978729 ] } },
{ "type": "Feature", "id": 327, "properties": { "wkt_wgs84": "POINT (17.308289966 51.016406441)", "x_wgs84": 17.308289966, "y_wgs84": 51.016406441000001, "country": "Polska", "province": "dolnośląskie", "district": "oławski", "municipality": "Jelcz-Laskowice", "postcode": "55-220", "object_type": "K01.30.10", "object_type_name": "Zamki", "veracity_score": "good", "accessibility": "full", "state": "poor", "otar_id": "K01.30.10.K1C8HJ", "name": "Zamek w Jelczu-Laskowicach", "description": "Zamek powstał w średniowieczu w miejscu dawnego dworu obronnego. Zniszczony w trakcie wojny trzydziestoletniej, obecnie w stanie ruiny. Częściowo zachowały się mury", "wikidata": "Q9386650", "wikidata_url": "https://www.wikidata.org/wiki/Q9386650", "wikipedia": "pl:Zamek w Jelczu-Laskowicach", "wikipedia_url": "https://pl.wikipedia.org/wiki/Zamek_w_Jelczu-Laskowicach", "published": "2026-08-14" }, "geometry": { "type": "Point", "coordinates": [ 17.308289966, 51.016406441 ] } },
{ "type": "Feature", "id": 328, "properties": { "wkt_wgs84": "POINT (20.853978842 51.226516565)", "x_wgs84": 20.853978842, "y_wgs84": 51.226516564999997, "country": "Polska", "province": "mazowieckie", "district": "szydłowiecki", "municipality": "Szydłowiec", "postcode": "26-500", "object_type": "K01.30.10", "object_type_name": "Zamki", "veracity_score": "good", "accessibility": "full", "state": "excellent", "otar_id": "K01.30.10.K2DN6N", "name": "Zamek w Szydłowcu", "description": "Zamek w Szydłowcu wzniesiono w XV w. jako murowaną siedzibę rodu Szydłowieckich. W XVI w. przebudowano go w renesansową rezydencję na planie czworoboku, z dziedzińcem, skrzydłami mieszkalnymi i narożnymi wieżami, otoczoną fosą. W kolejnych stuleciach był modernizowany i remontowany. Obecnie jest dobrze zachowany, mieści m.in. Muzeum Ludowych Instrumentów Muzycznych i pełni funkcje kulturalne.", "wikidata": "Q9386749", "wikidata_url": "https://www.wikidata.org/wiki/Q9386749", "wikipedia": "pl:Zamek w Szydłowcu", "wikipedia_url": "https://pl.wikipedia.org/wiki/Zamek_w_Szyd%C5%82owcu", "published": "2026-08-14" }, "geometry": { "type": "Point", "coordinates": [ 20.853978842, 51.226516565 ] } },
{ "type": "Feature", "id": 329, "properties": { "wkt_wgs84": "POINT (22.380059430546677 50.027549548103174)", "x_wgs84": 22.380059430546677, "y_wgs84": 50.027549548103174, "country": "Polska", "province": "podkarpackie", "district": "przeworski", "municipality": "Gać", "postcode": "37-207", "object_type": "K01.30.10", "object_type_name": "Zamki", "veracity_score": "good", "accessibility": "partial", "state": "poor", "otar_id": "K01.30.10.K49J2K", "name": "Zamek w Białobokach", "description": "Ruiny zamku w Białobokach to słabo zachowane, lecz intrygujące pozostałości dawnej, nowożytnej twierdzy magnackiej. Usytuowany na naturalnym wzniesieniu nad rzeką Markówką obiekt był na początku XVII wieku główną, dumną siedzibą potężnego rodu Korniaktów. Wzniesiony w latach 1601-1609 przez Konstantego Korniakta juniora zamek reprezentował nowoczesny typ fortyfikacji bastionowej.", "wikidata": "Q30556372", "wikidata_url": "https://www.wikidata.org/wiki/Q30556372", "wikipedia": "pl:Zamek w Białobokach", "wikipedia_url": "https://pl.wikipedia.org/wiki/Zamek_w_Bia%C5%82obokach", "published": "2026-08-14" }, "geometry": { "type": "Point", "coordinates": [ 22.380059430546677, 50.027549548103174 ] } },
{ "type": "Feature", "id": 330, "properties": { "wkt_wgs84": "POINT (18.918869 51.655716)", "x_wgs84": 18.918869, "y_wgs84": 51.655716, "country": "Polska", "province": "łódzkie", "district": "zduńskowolski", "municipality": "Zduńska Wola", "postcode": "98-220", "object_type": "K01.30.10", "object_type_name": "Zamki", "veracity_score": "good", "accessibility": "limited", "state": "poor", "otar_id": "K01.30.10.K4AJ2N", "name": "Zamek w Wojsławicach", "description": "Zamek w Wojsławicach powstał około 1550 r. jako niewielka warownia rycerska rodu Wężyków. Założenie miało plan zbliżony do kwadratu, mury o grubości ok. 1,7 m, dziedziniec, dwu- lub trzykondygnacyjny dom mieszkalny, bramę z furtą oraz basztę o średnicy ok. 6 m. Całość zajmowała około 500 m². Obecnie zachowały się fragmenty murów, ściany działowej, baszty i bramy.", "wikidata": "Q110427728", "wikidata_url": "https://www.wikidata.org/wiki/Q110427728", "wikipedia": "pl:Zamek w Wojsławicach", "wikipedia_url": "https://pl.wikipedia.org/wiki/Zamek_w_Wojs%C5%82awicach", "published": "2026-08-14" }, "geometry": { "type": "Point", "coordinates": [ 18.918869, 51.655716 ] } },
{ "type": "Feature", "id": 331, "properties": { "wkt_wgs84": "POINT (19.926388639 53.910636401)", "x_wgs84": 19.926388639, "y_wgs84": 53.910636400999998, "country": "Polska", "province": "warmińsko-mazurskie", "district": "ostródzki", "municipality": "Morąg", "postcode": "14-300", "object_type": "K01.30.10", "object_type_name": "Zamki", "veracity_score": "good", "accessibility": "full", "state": "fair", "otar_id": "K01.30.10.K7RR9F", "name": "Zamek w Morągu", "description": "Zamek w Morągu to gotycka warownia wzniesiona przez Zakon Krzyżacki w XIV wieku, usytuowana w widłach dawnych rozlewisk rzecznych i jeziora zamkowego. Obiekt powstał w miejscu wcześniejszej strażnicy pruskiej i pełnił funkcję siedziby krzyżackich urzędników (prokuratorów i wójtów), zabezpieczając szlaki handlowe i kolonizację tej części Prus Górnych. Pierwotne założenie powstało z czerwonej cegły na kamiennej podmurówce, na planie nieregularnego czworoboku dostosowanego do topografii terenu.", "wikidata": "Q16619027", "wikidata_url": "https://www.wikidata.org/wiki/Q16619027", "wikipedia": "pl:Zamek w Morągu", "wikipedia_url": "https://pl.wikipedia.org/wiki/Zamek_w_Mor%C4%85gu", "published": "2026-08-14" }, "geometry": { "type": "Point", "coordinates": [ 19.926388639, 53.910636401 ] } },
{ "type": "Feature", "id": 332, "properties": { "wkt_wgs84": "POINT (16.01654755859113 50.96803417223721)", "x_wgs84": 16.016547558591132, "y_wgs84": 50.968034172237211, "country": "Polska", "province": "dolnośląskie", "district": "jaworski", "municipality": "Bolków", "postcode": "59-420", "object_type": "K01.30.10", "object_type_name": "Zamki", "veracity_score": "fair", "accessibility": "limited", "state": "fair", "otar_id": "K01.30.10.KBSSF4", "name": "Zamek w Lipie", "description": "Zamek w Lipie to średniowieczna warownia wzniesiona prawdopodobnie na przełomie XIV i XV wieku we wsi Lipa koło Bolkowa. Do dziś zachowały się jego ruiny. Obiekt ma prywatnego właściciela i jest zabezpieczany.", "wikidata": "Q9386674", "wikidata_url": "https://www.wikidata.org/wiki/Q9386674", "wikipedia": "pl:Zamek w Lipie", "wikipedia_url": "https://pl.wikipedia.org/wiki/Zamek_w_Lipie", "published": "2026-08-14" }, "geometry": { "type": "Point", "coordinates": [ 16.016547558591132, 50.968034172237211 ] } },
{ "type": "Feature", "id": 333, "properties": { "wkt_wgs84": "POINT (21.535486126 50.501758342)", "x_wgs84": 21.535486126, "y_wgs84": 50.501758342000002, "country": "Polska", "province": "podkarpackie", "district": "tarnobrzeski", "municipality": "Baranów Sandomierski", "postcode": "39-450", "object_type": "K01.30.10", "object_type_name": "Zamki", "veracity_score": "good", "accessibility": "full", "state": "excellent", "otar_id": "K01.30.10.KECZY1", "name": "Zamek w Baranowie Sandomierskim", "description": "Zamek w Baranowie Sandomierskim wzniesiono w latach 1591–1606 jako późnorenesansową rezydencję typu palazzo in fortezza na miejscy dworu obronnego. Trzykondygnacyjna budowla na planie prostokąta ma narożne baszty, arkadowe krużganki, dziedziniec, attykę i dekoracje sgraffitowe. Około 1620 r. otoczono ją fortyfikacjami bastionowymi. Obecnie zamek jest odrestaurowany, dobrze zachowany i częściowo udostępniony zwiedzającym.", "wikidata": "Q614041", "wikidata_url": "https://www.wikidata.org/wiki/Q614041", "wikipedia": "pl:Zamek w Baranowie Sandomierskim", "wikipedia_url": "https://pl.wikipedia.org/wiki/Zamek_w_Baranowie_Sandomierskim", "published": "2026-08-14" }, "geometry": { "type": "Point", "coordinates": [ 21.535486126, 50.501758342 ] } },
{ "type": "Feature", "id": 334, "properties": { "wkt_wgs84": "POINT (20.037096424907812 53.43358943426432)", "x_wgs84": 20.037096424907812, "y_wgs84": 53.43358943426432, "country": "Polska", "province": "warmińsko-mazurskie", "district": "ostródzki", "municipality": "Dąbrówno", "postcode": "14-120", "object_type": "K01.30.10", "object_type_name": "Zamki", "veracity_score": "good", "accessibility": "partial", "state": "poor", "otar_id": "K01.30.10.KFL5JA", "name": "Zamek w Dąbrównie", "description": "Zamek w Dąbrównie wzniesiono na początku XIV w. jako gotycką warownię krzyżacką, powiązaną z systemem obronnym miasta. Początkowo powstało skrzydło północne, a w latach 1683–1696 dobudowano skrzydła wschodnie i południowe, przekształcając zamek w barokową rezydencję. W 1945 r. został spalony. Obecnie zachowały się przede wszystkim mury zewnętrzne i piwnice dawnego założenia.", "wikidata": "Q9386630", "wikidata_url": "https://www.wikidata.org/wiki/Q9386630", "wikipedia": "pl:Zamek w Dąbrównie", "wikipedia_url": "https://pl.wikipedia.org/wiki/Zamek_w_D%C4%85br%C3%B3wnie", "published": "2026-08-14" }, "geometry": { "type": "Point", "coordinates": [ 20.037096424907812, 53.43358943426432 ] } },
{ "type": "Feature", "id": 335, "properties": { "wkt_wgs84": "POINT (15.455611055 51.160875517)", "x_wgs84": 15.455611055, "y_wgs84": 51.160875517000001, "country": "Polska", "province": "dolnośląskie", "district": "bolesławiecki", "municipality": "Nowogrodziec", "postcode": "59-730", "object_type": "K01.30.10", "object_type_name": "Zamki", "veracity_score": "good", "accessibility": "partial", "state": "bad", "otar_id": "K01.30.10.KJ28XD", "name": "Zamek w Gościszowie", "description": "Zamek w Gościszowie wzniesiono w XIII–XIV w. jako gotycką siedzibę rycerską, później wielokrotnie przebudowywaną. W XVI w. uzyskał formy renesansowe, a w kolejnych stuleciach był rozbudowywany jako rezydencja mieszkalna. Założenie obejmowało wieloskrzydłową zabudowę z dziedzińcem, wieżą i elementami obronnymi. Po 1945 r. obiekt został zdewastowany i popadł w ruinę. Obecnie zachowały się rozległe fragmenty murów i części dawnej zabudowy zamkowej.", "wikidata": "Q9386640", "wikidata_url": "https://www.wikidata.org/wiki/Q9386640", "wikipedia": "pl:Zamek w Gościszowie", "wikipedia_url": "https://pl.wikipedia.org/wiki/Zamek_w_Go%C5%9Bciszowie", "published": "2026-08-14" }, "geometry": { "type": "Point", "coordinates": [ 15.455611055, 51.160875517 ] } },
{ "type": "Feature", "id": 336, "properties": { "wkt_wgs84": "POINT (19.219291508 50.039920185)", "x_wgs84": 19.219291508000001, "y_wgs84": 50.039920185, "country": "Polska", "province": "małopolskie", "district": "oświęcimski", "municipality": "Oświęcim", "postcode": "32-600", "object_type": "K01.30.10", "object_type_name": "Zamki", "veracity_score": "fair", "accessibility": "full", "state": "excellent", "otar_id": "K01.30.10.KK5FWE", "name": "Zamek w Oświęcimiu", "description": "Zamek w Oświęcimiu to średniowieczna warownia o gotyckim rodowodzie, której początki sięgają XIII wieku. Najcenniejszym elementem jest zachowana wieża oraz dwukondygnacyjne skrzydło zamkowe z początku XVI wieku. Na wzgórzu zachowały się również fragmenty murów obronnych i bastei. Zamek był wielokrotnie przebudowywany po pożarach i zniszczeniach wojennych, jednak zachował swój historyczny charakter. W XX wieku przeszedł gruntowną renowację, a obecnie mieści siedzibę Muzeum Zamek w Oświęcimiu.", "wikidata": "Q9386704", "wikidata_url": "https://www.wikidata.org/wiki/Q9386704", "wikipedia": "pl:Zamek w Oświęcimiu", "wikipedia_url": "https://pl.wikipedia.org/wiki/Zamek_w_O%C5%9Bwi%C4%99cimiu", "published": "2026-08-14" }, "geometry": { "type": "Point", "coordinates": [ 19.219291508, 50.039920185 ] } },
{ "type": "Feature", "id": 337, "properties": { "wkt_wgs84": "POINT (20.688906 49.628349)", "x_wgs84": 20.688906, "y_wgs84": 49.628349, "country": "Polska", "province": "małopolskie", "district": "Nowy Sącz", "municipality": "Nowy Sącz", "postcode": "33-300", "object_type": "K01.30.10", "object_type_name": "Zamki", "veracity_score": "fair", "accessibility": "full", "state": "poor", "otar_id": "K01.30.10.KMKV89", "name": "Zamek Królewski w Nowym Sączu", "description": "Zamek został wzniesiony przez Wacława II Czeskiego na miejscu wcześniejszej drewnianej strażnicy. Informację tę potwierdza dokument z 1331 roku. W 1611 roku obiekt ucierpiał w pożarze, a następnie w latach 1611-1615 został rozbudowany. Zamek uległ całkowitemu zniszczeniu w 1945 roku w wyniku potężnej eksplozji. Do dziś zachowały się jedynie jego szczątki na narożu skarpy. Istniejąca Baszta Kowalska i fragmenty murów przyziemia nie należały do zamku, lecz do miejskiego systemu obronnego.", "wikidata": "Q7067219", "wikidata_url": "https://www.wikidata.org/wiki/Q7067219", "wikipedia": "pl:Zamek Królewski w Nowym Sączu", "wikipedia_url": "https://pl.wikipedia.org/wiki/Zamek_Kr%C3%B3lewski_w_Nowym_S%C4%85czu", "published": "2026-08-14" }, "geometry": { "type": "Point", "coordinates": [ 20.688906, 49.628349 ] } },
{ "type": "Feature", "id": 338, "properties": { "wkt_wgs84": "POINT (20.826112741 49.926623604)", "x_wgs84": 20.826112741, "y_wgs84": 49.926623604, "country": "Polska", "province": "małopolskie", "district": "tarnowski", "municipality": "Wojnicz", "postcode": "32-830", "object_type": "K01.30.10", "object_type_name": "Zamki", "veracity_score": "poor", "accessibility": "full", "state": "poor", "otar_id": "K01.30.10.KRVXM4", "name": "Zamek Trzewlin", "description": "Zamek Trzewlin wzniesiono w XIV w. jako rycerską warownię w systemie obronnym doliny Dunajca. Założenie składało się z zamku górnego na planie kwadratu 40 × 40 m, otoczonego kamiennym murem, zamku dolnego oraz ufortyfikowanego podgrodzia, rozdzielonych suchą fosą. W XVII w. zamek popadł w ruinę i został rozebrany. Obecnie zachowały się jedynie niewielkie fragmenty murów oraz ślady fosy.", "wikidata": "Q9386564", "wikidata_url": "https://www.wikidata.org/wiki/Q9386564", "wikipedia": "pl:Zamek Trzewlin", "wikipedia_url": "https://pl.wikipedia.org/wiki/Zamek_Trzewlin", "published": "2026-08-14" }, "geometry": { "type": "Point", "coordinates": [ 20.826112741, 49.926623604 ] } },
{ "type": "Feature", "id": 339, "properties": { "wkt_wgs84": "POINT (19.661720253840908 51.43689325651283)", "x_wgs84": 19.661720253840908, "y_wgs84": 51.436893256512832, "country": "Polska", "province": "łódzkie", "district": "Piotrków Trybunalski", "municipality": "Piotrków Trybunalski", "postcode": "97-300", "object_type": "K01.30.10", "object_type_name": "Zamki", "veracity_score": "fair", "accessibility": "partial", "state": "excellent", "otar_id": "K01.30.10.KU9YL9", "name": "Zamek Bykowskich w Bykach", "description": "Zabytkowy zamek w Bykach obecnie znajdujący się w granicach miejscowości Piotrków Trybunalski, późnorenesansowa budowla na rzucie wydłużonego prostokąta po II wojnie światowej przeszedł na rzecz skarbu państwa. W latach 1959-1964 został odremontowany i przeznaczony na cele oświatowe. W dniu dzisiejszym znajduje się w nim Ośrodek Doradztwa Rolniczego.", "wikidata": "Q30092090", "wikidata_url": "https://www.wikidata.org/wiki/Q30092090", "wikipedia": "pl:Zamek Bykowskich w Bykach", "wikipedia_url": "https://pl.wikipedia.org/wiki/Zamek_Bykowskich_w_Bykach", "published": "2026-08-14" }, "geometry": { "type": "Point", "coordinates": [ 19.661720253840908, 51.436893256512832 ] } },
{ "type": "Feature", "id": 340, "properties": { "wkt_wgs84": "POINT (16.794504869 50.738155186)", "x_wgs84": 16.794504869000001, "y_wgs84": 50.738155186, "country": "Polska", "province": "dolnośląskie", "district": "dzierżoniowski", "municipality": "Niemcza", "postcode": "58-217", "object_type": "K01.30.10", "object_type_name": "Zamki", "veracity_score": "good", "accessibility": "partial", "state": "excellent", "otar_id": "K01.30.10.KWCX7A", "name": "Zamek w Goli Dzierżoniowskiej", "description": "Zamek w Goli Dzierżoniowskiej wzniesiono w XVI w. jako renesansową rezydencję o cechach obronnych. Założenie obejmowało murowany korpus mieszkalny, dziedziniec, wieżę oraz elementy fortyfikacyjne, a w kolejnych stuleciach było przebudowywane. Obiekt stopniowo tracił pierwotne funkcje i ulegał degradacji. Budynek został odremontowany i znajduje się tak hotel i SPA.", "wikidata": "Q1893174", "wikidata_url": "https://www.wikidata.org/wiki/Q1893174", "wikipedia": "pl:Zamek w Goli Dzierżoniowskiej", "wikipedia_url": "https://pl.wikipedia.org/wiki/Zamek_w_Goli_Dzier%C5%BConiowskiej", "published": "2026-08-14" }, "geometry": { "type": "Point", "coordinates": [ 16.794504869, 50.738155186 ] } },
{ "type": "Feature", "id": 341, "properties": { "wkt_wgs84": "POINT (18.125047083036275 50.22769788820628)", "x_wgs84": 18.125047083036275, "y_wgs84": 50.227697888206279, "country": "Polska", "province": "opolskie", "district": "kędzierzyńsko-kozielski", "municipality": "Polska Cerekiew", "postcode": "47-260", "object_type": "K01.30.10", "object_type_name": "Zamki", "veracity_score": "good", "accessibility": "partial", "state": "good", "otar_id": "K01.30.10.KWL9CM", "name": "Zamek w Polskiej Cerekwi", "description": "Zamek w Polskiej Cerekwi wzniesiono w XVI w. jako renesansową rezydencję o funkcjach mieszkalnych i obronnych. Założenie miało regularny układ z dziedzińcem, skrzydłami mieszkalnymi oraz elementami fortyfikacyjnymi, a w kolejnych stuleciach było przebudowywane. Po zniszczeniach w XX w. obiekt popadł w ruinę. Obecnie zachowały się fragmenty murów i relikty dawnej zabudowy zamkowej.", "wikidata": "Q30224184", "wikidata_url": "https://www.wikidata.org/wiki/Q30224184", "wikipedia": "pl:Zamek w Polskiej Cerekwi", "wikipedia_url": "https://pl.wikipedia.org/wiki/Zamek_w_Polskiej_Cerekwi", "published": "2026-08-30" }, "geometry": { "type": "Point", "coordinates": [ 18.125047083036275, 50.227697888206279 ] } },
{ "type": "Feature", "id": 342, "properties": { "wkt_wgs84": "POINT (22.548574 49.907982)", "x_wgs84": 22.548574, "y_wgs84": 49.907982, "country": "Polska", "province": "podkarpackie", "district": "jarosławski", "municipality": "Pruchnik", "postcode": "37-560", "object_type": "K01.30.10", "object_type_name": "Zamki", "veracity_score": "good", "accessibility": "partial", "state": "fair", "otar_id": "K01.30.10.L1YQF8", "name": "Zamek w Pruchniku", "description": "Ruiny zamku w Węgierce (woj. podkarpackie) to pozostałości XVI-wiecznej, czworobocznej rezydencji bastejowo-obronnej rodu Pieniążków. Obiekt spłonął pod koniec XVIII wieku i popadł w ruinę. Do dziś przetrwała głównie charakterystyczna, czterokondygnacyjna, cylindryczna baszta zwana przez miejscowych „Basztą”.", "wikidata": "Q126706005", "wikidata_url": "https://www.wikidata.org/wiki/Q126706005", "wikipedia": "pl:Zamek w Pruchniku", "wikipedia_url": "https://pl.wikipedia.org/wiki/Zamek_w_Pruchniku", "published": "2026-08-14" }, "geometry": { "type": "Point", "coordinates": [ 22.548574, 49.907982 ] } },
{ "type": "Feature", "id": 343, "properties": { "wkt_wgs84": "POINT (18.45963287 53.106121147)", "x_wgs84": 18.45963287, "y_wgs84": 53.106121147000003, "country": "Polska", "province": "kujawsko-pomorskie", "district": "toruński", "municipality": "Łubianka", "postcode": "87-152", "object_type": "K01.30.10", "object_type_name": "Zamki", "veracity_score": "good", "accessibility": "partial", "state": "excellent", "otar_id": "K01.30.10.L4B8J8", "name": "Zamek Bierzgłowski", "description": "Zamek Bierzgłowski wzniesiono w latach 1270–1305 jako gotycką siedzibę komturów krzyżackich. Składa się z dwuskrzydłowego zamku wysokiego z refektarzem i kapitularzem, przedzamcza, wieży bramnej, murów oraz fosy. Cennym elementem jest ceramiczny tympanon portalu z ok. 1300 r. W XIX–XX w. zamek restaurowano w duchu neogotyckim. Obecnie należy do Diecezji Toruńskiej i jest sukcesywnie odnawiany.", "wikidata": "Q48865940", "wikidata_url": "https://www.wikidata.org/wiki/Q48865940", "wikipedia": "pl:Zamek Bierzgłowski (zabytek)", "wikipedia_url": "https://pl.wikipedia.org/wiki/Zamek_Bierzg%C5%82owski_%28zabytek%29", "published": "2026-08-14" }, "geometry": { "type": "Point", "coordinates": [ 18.45963287, 53.106121147 ] } },
{ "type": "Feature", "id": 344, "properties": { "wkt_wgs84": "POINT (15.619231792 50.911674468)", "x_wgs84": 15.619231792000001, "y_wgs84": 50.911674468000001, "country": "Polska", "province": "dolnośląskie", "district": "karkonoski", "municipality": "Stara Kamienica", "postcode": "58-512", "object_type": "K01.30.10", "object_type_name": "Zamki", "veracity_score": "good", "accessibility": "full", "state": "poor", "otar_id": "K01.30.10.L6L1C6", "name": "Zamek w Rybnicy", "description": "Ruiny średniowiecznego zamku położone na zalesionym wzgórzu. Do czasów dzisiejszych zachowała się ściana jednego z budynków.", "wikidata": "Q9386732", "wikidata_url": "https://www.wikidata.org/wiki/Q9386732", "wikipedia": "pl:Zamek w Rybnicy", "wikipedia_url": "https://pl.wikipedia.org/wiki/Zamek_w_Rybnicy", "published": "2026-08-14" }, "geometry": { "type": "Point", "coordinates": [ 15.619231792, 50.911674468 ] } },
{ "type": "Feature", "id": 345, "properties": { "wkt_wgs84": "POINT (22.975876506 50.692091823)", "x_wgs84": 22.975876506, "y_wgs84": 50.692091822999998, "country": "Polska", "province": "lubelskie", "district": "zamojski", "municipality": "Szczebrzeszyn", "postcode": "22-460", "object_type": "K01.30.10", "object_type_name": "Zamki", "veracity_score": "fair", "accessibility": "full", "state": "poor", "otar_id": "K01.30.10.LCSXLD", "name": "Zamek w Szczebrzeszynie", "description": "Zamek w Szczebrzeszynie wzniesiono w XIV w., prawdopodobnie jako murowaną warownię królewską. Głównym elementem była trzykondygnacyjna, czworoboczna wieża o wymiarach ok. 7,6 × 10,4 m, później ozdobiona renesansowo, otoczona zabudową gospodarczą i palisadą. Zamek rozbudowywano w XVI w. Obecnie zachowały się relikty wieży i murów, a na wzgórzu zamkowym funkcjonuje platforma widokowa.", "wikidata": "Q30104179", "wikidata_url": "https://www.wikidata.org/wiki/Q30104179", "wikipedia": "pl:Zamek w Szczebrzeszynie", "wikipedia_url": "https://pl.wikipedia.org/wiki/Zamek_w_Szczebrzeszynie", "published": "2026-08-14" }, "geometry": { "type": "Point", "coordinates": [ 22.975876506, 50.692091823 ] } },
{ "type": "Feature", "id": 346, "properties": { "wkt_wgs84": "POINT (22.648806442 49.776510527)", "x_wgs84": 22.648806442000001, "y_wgs84": 49.776510527, "country": "Polska", "province": "podkarpackie", "district": "przemyski", "municipality": "Krasiczyn", "postcode": "37-741", "object_type": "K01.30.10", "object_type_name": "Zamki", "veracity_score": "good", "accessibility": "full", "state": "excellent", "otar_id": "K01.30.10.LJBN85", "name": "Zamek w Krasiczynie", "description": "Zamek w Krasiczynie wzniesiono na przełomie XVI i XVII w. jako renesansową rezydencję obronną rodu Krasickich. Założenie ma plan czworoboku z dziedzińcem, czterema narożnymi basztami o zróżnicowanej formie, arkadowymi krużgankami i bogatą dekoracją sgraffitową. W kolejnych stuleciach zamek przebudowywano, zachowując reprezentacyjny charakter. Obecnie jest odrestaurowany i pełni funkcje muzealne, hotelowe i konferencyjne.", "wikidata": "Q2969507", "wikidata_url": "https://www.wikidata.org/wiki/Q2969507", "wikipedia": "pl:Zamek w Krasiczynie", "wikipedia_url": "https://pl.wikipedia.org/wiki/Zamek_w_Krasiczynie", "published": "2026-08-14" }, "geometry": { "type": "Point", "coordinates": [ 22.648806442, 49.776510527 ] } },
{ "type": "Feature", "id": 347, "properties": { "wkt_wgs84": "POINT (19.688936382 52.541352598)", "x_wgs84": 19.688936382000001, "y_wgs84": 52.541352598000003, "country": "Polska", "province": "mazowieckie", "district": "Płock", "municipality": "Płock", "postcode": "09-400", "object_type": "K01.30.10", "object_type_name": "Zamki", "veracity_score": "good", "accessibility": "full", "state": "fair", "otar_id": "K01.30.10.LQSJLK", "name": "Zamek książąt mazowieckich w Płocku", "description": "Zamek książąt mazowieckich w Płocku wzniesiono w XIV w. jako murowaną siedzibę książęcą na Wzgórzu Tumskim. Założenie obejmowało mury obronne, zabudowę mieszkalną oraz dwie charakterystyczne wieże: Szlachecką i Zegarową. Po włączeniu Mazowsza do Korony zamek tracił znaczenie i był stopniowo przekształcany. Obecnie zachowane wieże i fragmenty zabudowy są częścią zespołu katedralno-zamkowego i mieszczą Muzeum Diecezjalne.", "wikidata": "Q9386589", "wikidata_url": "https://www.wikidata.org/wiki/Q9386589", "wikipedia": "pl:Zamek książąt mazowieckich w Płocku", "wikipedia_url": "https://pl.wikipedia.org/wiki/Zamek_ksi%C4%85%C5%BC%C4%85t_mazowieckich_w_P%C5%82ocku", "published": "2026-08-14" }, "geometry": { "type": "Point", "coordinates": [ 19.688936382, 52.541352598 ] } },
{ "type": "Feature", "id": 348, "properties": { "wkt_wgs84": "POINT (15.154565341 53.278109167)", "x_wgs84": 15.154565341, "y_wgs84": 53.278109166999997, "country": "Polska", "province": "zachodniopomorskie", "district": "stargardzki", "municipality": "Dolice", "postcode": "73-115", "object_type": "K01.30.10", "object_type_name": "Zamki", "veracity_score": "good", "accessibility": "full", "state": "poor", "otar_id": "K01.30.10.LXMSW7", "name": "Zamek w Krępcewie", "description": "Ruiny Zamku w Krępcewie  Rycerska Twierdza Rodu von Wedel Ruiny zamku w Krępcewie to pozostałości nizinnej, gotyckiej warowni rycerskiej z XIV wieku. Usytuowany na prawym brzegu rzeki Iny zamek stanowił gniazdo rodowe potężnej pomorskiej linii rodu von Wedel, pełniąc funkcję strategicznej strażnicy na pograniczu Księstwa Pomorskiego i Nowej Marchii. Historia i Architektura Budowa murowanego zamku rozpoczęła się około 1338 roku z inicjatywy Hasso von Wedla.", "wikidata": "Q33325666", "wikidata_url": "https://www.wikidata.org/wiki/Q33325666", "wikipedia": "n/a", "wikipedia_url": "n/a", "published": "2026-08-14" }, "geometry": { "type": "Point", "coordinates": [ 15.154565341, 53.278109167 ] } },
{ "type": "Feature", "id": 349, "properties": { "wkt_wgs84": "POINT (17.362529277 53.664499387)", "x_wgs84": 17.362529277, "y_wgs84": 53.664499387, "country": "Polska", "province": "pomorskie", "district": "człuchowski", "municipality": "Człuchów", "postcode": "77-300", "object_type": "K01.30.10", "object_type_name": "Zamki", "veracity_score": "good", "accessibility": "full", "state": "fair", "otar_id": "K01.30.10.M9NH6K", "name": "Zamek w Człuchowie", "description": "Zamek w Człuchowie był jednym z najpotężniejszych założeń obronnych Zakonu Krzyżackiego, pod względem wielkości ustępującym jedynie siedzibie Wielkiego Mistrza w Malborku. Budowę warowni rozpoczęto po 1312 roku na strategicznym przesmyku między jeziorami, a prace trwały do około 1365 roku. Obiekt pełnił funkcję siedziby komtura i konwentu, chroniąc kluczowy szlak prowadzący z krajów niemieckich do Prus.", "wikidata": "Q2240580", "wikidata_url": "https://www.wikidata.org/wiki/Q2240580", "wikipedia": "pl:Zamek w Człuchowie", "wikipedia_url": "https://pl.wikipedia.org/wiki/Zamek_w_Cz%C5%82uchowie", "published": "2026-08-14" }, "geometry": { "type": "Point", "coordinates": [ 17.362529277, 53.664499387 ] } },
{ "type": "Feature", "id": 350, "properties": { "wkt_wgs84": "POINT (19.561972962 52.262455021)", "x_wgs84": 19.561972962, "y_wgs84": 52.262455021000001, "country": "Polska", "province": "łódzkie", "district": "kutnowski", "municipality": "Oporów", "postcode": "99-322", "object_type": "K01.30.10", "object_type_name": "Zamki", "veracity_score": "good", "accessibility": "full", "state": "excellent", "otar_id": "K01.30.10.MCRYC4", "name": "Zamek w Oporowie", "description": "Zamek w Oporowie wzniesiono w latach 1434–1449 jako gotycką rezydencję obronną rodu Oporowskich. Ceglana warownia ma zwarty plan z wewnętrznym dziedzińcem, wieżą bramną, narożną wieżą oraz fosą. W późniejszych stuleciach wnętrza przekształcano w stylu renesansowym i barokowym. Obecnie zamek jest bardzo dobrze zachowany, otoczony parkiem i mieści muzeum.", "wikidata": "Q9386697", "wikidata_url": "https://www.wikidata.org/wiki/Q9386697", "wikipedia": "pl:Zamek w Oporowie", "wikipedia_url": "https://pl.wikipedia.org/wiki/Zamek_w_Oporowie", "published": "2026-08-14" }, "geometry": { "type": "Point", "coordinates": [ 19.561972962, 52.262455021 ] } },
{ "type": "Feature", "id": 351, "properties": { "wkt_wgs84": "POINT (19.454009710561294 52.42979037222805)", "x_wgs84": 19.454009710561294, "y_wgs84": 52.429790372228048, "country": "Polska", "province": "mazowieckie", "district": "gostyniński", "municipality": "Gostynin", "postcode": "09-500", "object_type": "K01.30.10", "object_type_name": "Zamki", "veracity_score": "good", "accessibility": "partial", "state": "excellent", "otar_id": "K01.30.10.MDHG4E", "name": "Zamek w Gostyninie", "description": "Pozostałości zamku książąt mazowieckich zbudowanego prawdopodobnie w końcu XIVw. Był siedzibą kasztelana. Podupadły w XVIw. Odbudowany na początku XVIIw. Zniszczony przez Szwedów w XVIIw - uległ ruinie. Przebudowany na kościół w XIXw. W jego zabudowie - wieża dawnego zamku oraz fragmenty fosy.Na jego miejscu znajduje się stylizowanyc hotel.", "wikidata": "Q9386637", "wikidata_url": "https://www.wikidata.org/wiki/Q9386637", "wikipedia": "pl:Zamek w Gostyninie", "wikipedia_url": "https://pl.wikipedia.org/wiki/Zamek_w_Gostyninie", "published": "2026-08-30" }, "geometry": { "type": "Point", "coordinates": [ 19.454009710561294, 52.429790372228048 ] } },
{ "type": "Feature", "id": 352, "properties": { "wkt_wgs84": "POINT (17.545084849 51.124072979)", "x_wgs84": 17.545084848999998, "y_wgs84": 51.124072978999997, "country": "Polska", "province": "dolnośląskie", "district": "oleśnicki", "municipality": "Bierutów", "postcode": "56-420", "object_type": "K01.30.10", "object_type_name": "Zamki", "veracity_score": "good", "accessibility": "limited", "state": "fair", "otar_id": "K01.30.10.ME5BUC", "name": "Zamek w Bierutowie", "description": "Zamek w Bierutowie to XIV-wieczna dawna siedziba książęca, która po licznych przebudowach w stylu gotyckim, renesansowym i barokowym oraz okresach zaniedbań, pełni obecnie funkcję budynku mieszkalnego, zachowując historyczną wieżę zamkową i barokową bramę wjazdową.", "wikidata": "Q19851255", "wikidata_url": "https://www.wikidata.org/wiki/Q19851255", "wikipedia": "pl:Zamek w Bierutowie", "wikipedia_url": "https://pl.wikipedia.org/wiki/Zamek_w_Bierutowie", "published": "2026-08-14" }, "geometry": { "type": "Point", "coordinates": [ 17.545084849, 51.124072979 ] } },
{ "type": "Feature", "id": 353, "properties": { "wkt_wgs84": "POINT (21.310736772 50.713769414)", "x_wgs84": 21.310736771999998, "y_wgs84": 50.713769413999998, "country": "Polska", "province": "świętokrzyskie", "district": "opatowski", "municipality": "Iwaniska", "postcode": "27-570", "object_type": "K01.30.10", "object_type_name": "Zamki", "veracity_score": "good", "accessibility": "full", "state": "good", "otar_id": "K01.30.10.MEXT7M", "name": "Zamek Krzyżtopór", "description": "Krzyżtopór w Ujeździe wzniesiono w latach 1627–1644 z fundacji Krzysztofa Ossolińskiego jako monumentalną rezydencję typu palazzo in fortezza. Założenie łączyło pałac z bastionowym systemem obronnym, dziedzińcami, wieżami i rozbudowanym zapleczem gospodarczym. Bogata symbolika architektury podkreślała prestiż właściciela. Po zniszczeniach XVII–XVIII w. obiekt popadł w ruinę. Obecnie jest zabezpieczony i udostępniony turystycznie.", "wikidata": "Q1571728", "wikidata_url": "https://www.wikidata.org/wiki/Q1571728", "wikipedia": "pl:Krzyżtopór", "wikipedia_url": "https://pl.wikipedia.org/wiki/Krzy%C5%BCtop%C3%B3r", "published": "2026-08-14" }, "geometry": { "type": "Point", "coordinates": [ 21.310736772, 50.713769414 ] } },
{ "type": "Feature", "id": 354, "properties": { "wkt_wgs84": "POINT (21.094780169 52.704114113)", "x_wgs84": 21.094780169, "y_wgs84": 52.704114113000003, "country": "Polska", "province": "mazowieckie", "district": "pułtuski", "municipality": "Pułtusk", "postcode": "06-100", "object_type": "K01.30.10", "object_type_name": "Zamki", "veracity_score": "good", "accessibility": "partial", "state": "excellent", "otar_id": "K01.30.10.MF7V6E", "name": "Zamek w Pułtusku", "description": "Zamek w Pułtusku wzniesiono w XIV–XV w. jako siedzibę biskupów płockich. W XVI w. został rozbudowany w renesansową rezydencję z dziedzińcem, skrzydłami mieszkalnymi i wieżą, a w kolejnych stuleciach wielokrotnie przebudowywany. Zespół zachował czytelny układ dawnej rezydencji obronnej. Obecnie zamek jest odrestaurowany i funkcjonuje jako Dom Polonii, pełniąc funkcje hotelowe, konferencyjne i kulturalne.", "wikidata": "Q2244362", "wikidata_url": "https://www.wikidata.org/wiki/Q2244362", "wikipedia": "pl:Zamek w Pułtusku", "wikipedia_url": "https://pl.wikipedia.org/wiki/Zamek_w_Pu%C5%82tusku", "published": "2026-08-14" }, "geometry": { "type": "Point", "coordinates": [ 21.094780169, 52.704114113 ] } },
{ "type": "Feature", "id": 355, "properties": { "wkt_wgs84": "POINT (20.437449125 50.693131184)", "x_wgs84": 20.437449125000001, "y_wgs84": 50.693131184000002, "country": "Polska", "province": "świętokrzyskie", "district": "jędrzejowski", "municipality": "Sobków", "postcode": "28-305", "object_type": "K01.30.10", "object_type_name": "Zamki", "veracity_score": "good", "accessibility": "full", "state": "fair", "otar_id": "K01.30.10.MMZ4ZZ", "name": "Zamek w Mokrsku Górnym", "description": "Wznoszące się na monumentalnym, wapiennym ostańcu Tężec ruiny zamku Bąkowiec, potocznie nazywane zamkiem Morsko, to jedno z najbardziej malowniczych i fotogenicznych Orlich Gniazd na Wyżynie Krakowsko-Częstochowskiej. Ta unikalna, średniowieczna warownia została wzniesiona na przełomie XIV i XV wieku, najprawdopodobniej z inicjatywy księcia Władysława Opolczyka lub króla Kazimierza Wielkiego.", "wikidata": "Q33488508", "wikidata_url": "https://www.wikidata.org/wiki/Q33488508", "wikipedia": "pl:Zamek w Mokrsku Górnym", "wikipedia_url": "https://pl.wikipedia.org/wiki/Zamek_w_Mokrsku_G%C3%B3rnym", "published": "2026-08-14" }, "geometry": { "type": "Point", "coordinates": [ 20.437449125, 50.693131184 ] } },
{ "type": "Feature", "id": 356, "properties": { "wkt_wgs84": "POINT (16.814654617 50.762285113)", "x_wgs84": 16.814654617, "y_wgs84": 50.762285112999997, "country": "Polska", "province": "dolnośląskie", "district": "dzierżoniowski", "municipality": "Łagiewniki", "postcode": "58-210", "object_type": "K01.30.10", "object_type_name": "Zamki", "veracity_score": "fair", "accessibility": "full", "state": "poor", "otar_id": "K01.30.10.MNMNY3", "name": "Zamek w Przystroniu", "description": "Zamek w Przystroniu wzniesiono w XVI w. jako renesansową rezydencję. Około 1800 r. został rozbudowany i przekształcony w klasycystyczny pałac. Obecnie obiekt zachował się jako zabytkowa rezydencja o cechach renesansowych i klasycystycznych.", "wikidata": "n/a", "wikidata_url": "n/a", "wikipedia": "n/a", "wikipedia_url": "n/a", "published": "2026-08-14" }, "geometry": { "type": "Point", "coordinates": [ 16.814654617, 50.762285113 ] } },
{ "type": "Feature", "id": 357, "properties": { "wkt_wgs84": "POINT (19.825739641 54.381839679)", "x_wgs84": 19.825739640999998, "y_wgs84": 54.381839679000002, "country": "Polska", "province": "warmińsko-mazurskie", "district": "braniewski", "municipality": "Braniewo", "postcode": "14-500", "object_type": "K01.30.10", "object_type_name": "Zamki", "veracity_score": "good", "accessibility": "full", "state": "fair", "otar_id": "K01.30.10.MPURJW", "name": "Zamek w Braniewie", "description": "Zamek w Braniewie wzniesiono w XIII w. jako siedzibę biskupów warmińskich i element systemu obronnego miasta. Gotyckie założenie obejmowało zabudowę mieszkalną, mury obronne i wieżę bramną, później wielokrotnie przekształcane. W kolejnych stuleciach zamek utracił znaczenie i został w znacznej części rozebrany. Obecnie zachowała się przede wszystkim wieża bramna oraz relikty dawnego założenia zamkowego.", "wikidata": "Q23134201", "wikidata_url": "https://www.wikidata.org/wiki/Q23134201", "wikipedia": "pl:Zamek w Braniewie", "wikipedia_url": "https://pl.wikipedia.org/wiki/Zamek_w_Braniewie", "published": "2026-08-14" }, "geometry": { "type": "Point", "coordinates": [ 19.825739641, 54.381839679 ] } },
{ "type": "Feature", "id": 358, "properties": { "wkt_wgs84": "POINT (18.610423280110428 53.00924164853976)", "x_wgs84": 18.610423280110428, "y_wgs84": 53.009241648539764, "country": "Polska", "province": "kujawsko-pomorskie", "district": "Toruń", "municipality": "Toruń", "postcode": "87-100", "object_type": "K01.30.10", "object_type_name": "Zamki", "veracity_score": "good", "accessibility": "full", "state": "fair", "otar_id": "K01.30.10.MSNBVS", "name": "Zamek krzyżacki w Toruniu", "description": "Zamek krzyżacki w Toruniu wzniesiono w XIII w. jako jeden z najstarszych murowanych zamków zakonu krzyżackiego w Prusach. Miał nietypowy, podkowiasty plan, z domem konwentualnym, dziedzińcem, wieżami, murami i rozległym przedzamczem. W 1454 r. został zdobyty i zburzony przez mieszczan toruńskich. Obecnie zachowały się ruiny zamku głównego, fragmenty murów oraz dobrze zachowane gdanisko.", "wikidata": "Q9386586", "wikidata_url": "https://www.wikidata.org/wiki/Q9386586", "wikipedia": "pl:Zamek krzyżacki w Toruniu", "wikipedia_url": "https://pl.wikipedia.org/wiki/Zamek_krzy%C5%BCacki_w_Toruniu", "published": "2026-08-14" }, "geometry": { "type": "Point", "coordinates": [ 18.610423280110428, 53.009241648539764 ] } },
{ "type": "Feature", "id": 359, "properties": { "wkt_wgs84": "POINT (15.874591409 54.030759024)", "x_wgs84": 15.874591409000001, "y_wgs84": 54.030759023999998, "country": "Polska", "province": "zachodniopomorskie", "district": "białogardzki", "municipality": "Karlino", "postcode": "78-230", "object_type": "K01.30.10", "object_type_name": "Zamki", "veracity_score": "good", "accessibility": "limited", "state": "poor", "otar_id": "K01.30.10.MW9PLD", "name": "Zamek biskupów kamieńskich w Karlinie", "description": "Zamek Biskupów Kamieńskich w Karlinie (woj. zachodniopomorskie) to gotycka warownia wzniesiona pod koniec XIV wieku u widelca rzek Parsęty i Radwi. Służyła jako główna, ufortyfikowana rezydencja ordynariuszy diecezji. Obiekt został zniszczony w czasie wojny siedmioletniej (XVIII w.) i ostatecznie rozebrany po pożarze. Do dziś zachowały się jedynie malownicze ruiny parterowych ścian skrzydła mieszkalnego, zbudowane na solidnym fundamencie z kamieni polnych oraz cegły.", "wikidata": "Q9386508", "wikidata_url": "https://www.wikidata.org/wiki/Q9386508", "wikipedia": "pl:Zamek Biskupów Kamieńskich w Karlinie", "wikipedia_url": "https://pl.wikipedia.org/wiki/Zamek_Biskup%C3%B3w_Kamie%C5%84skich_w_Karlinie", "published": "2026-08-14" }, "geometry": { "type": "Point", "coordinates": [ 15.874591409, 54.030759024 ] } },
{ "type": "Feature", "id": 360, "properties": { "wkt_wgs84": "POINT (22.28818598949778 53.5658559963534)", "x_wgs84": 22.28818598949778, "y_wgs84": 53.565855996353399, "country": "Polska", "province": "podlaskie", "district": "grajewski", "municipality": "Szczuczyn", "postcode": "19-230", "object_type": "K01.30.10", "object_type_name": "Zamki", "veracity_score": "poor", "accessibility": "full", "state": "poor", "otar_id": "K01.30.10.MWSSXG", "name": "Zamek Szczuków w Szczuczynie", "description": "Pozostałości dawnej rezydencji Szczuków w Szczuczynie to XVI/XVII-wieczny zabytek, z którego do czasów współczesnych przetrwały jedynie fragmenty murów.", "wikidata": "n/a", "wikidata_url": "n/a", "wikipedia": "n/a", "wikipedia_url": "n/a", "published": "2026-08-14" }, "geometry": { "type": "Point", "coordinates": [ 22.28818598949778, 53.565855996353399 ] } },
{ "type": "Feature", "id": 361, "properties": { "wkt_wgs84": "POINT (20.997267 49.98909)", "x_wgs84": 20.997267, "y_wgs84": 49.98909, "country": "Polska", "province": "małopolskie", "district": "Tarnów", "municipality": "Tarnów", "postcode": "33-112", "object_type": "K01.30.10", "object_type_name": "Zamki", "veracity_score": "good", "accessibility": "full", "state": "fair", "otar_id": "K01.30.10.N1UR5M", "name": "Zamek w Tarnowie", "description": "Ruiny średniowiecznego zamku zlokalizowane na Górze Świętego Marcina w Tarnowie. Częściowo zachowały się fragmenty murów i umocnień.", "wikidata": "Q9386752", "wikidata_url": "https://www.wikidata.org/wiki/Q9386752", "wikipedia": "pl:Zamek w Tarnowie", "wikipedia_url": "https://pl.wikipedia.org/wiki/Zamek_w_Tarnowie", "published": "2026-08-14" }, "geometry": { "type": "Point", "coordinates": [ 20.997267, 49.98909 ] } },
{ "type": "Feature", "id": 362, "properties": { "wkt_wgs84": "POINT (21.548965803201078 50.74083946325452)", "x_wgs84": 21.548965803201078, "y_wgs84": 50.740839463254517, "country": "Polska", "province": "świętokrzyskie", "district": "opatowski", "municipality": "Lipnik", "postcode": "27-641", "object_type": "K01.30.10", "object_type_name": "Zamki", "veracity_score": "good", "accessibility": "partial", "state": "poor", "otar_id": "K01.30.10.N239DA", "name": "Zamek w Międzygórzu", "description": "Ruiny rycerskiego zamku nad rzeką Opatówką. Pierwszy zamek wzniósł tu ród Zaklików w XIV wieku, ale obecne pozostałości pochodzą z zamku wybudowanego później na miejscu starego. Zamek został zniszczony najprawdopodobniej w czasie wojen Szwedzkich w XVII wieku. Zachowały się fragmenty murów przyziemia.", "wikidata": "Q9386679", "wikidata_url": "https://www.wikidata.org/wiki/Q9386679", "wikipedia": "pl:Zamek w Międzygórzu", "wikipedia_url": "https://pl.wikipedia.org/wiki/Zamek_w_Mi%C4%99dzyg%C3%B3rzu", "published": "2026-08-14" }, "geometry": { "type": "Point", "coordinates": [ 21.548965803201078, 50.740839463254517 ] } },
{ "type": "Feature", "id": 363, "properties": { "wkt_wgs84": "POINT (15.00326477654592 53.55724884476355)", "x_wgs84": 15.003264776545921, "y_wgs84": 53.557248844763549, "country": "Polska", "province": "zachodniopomorskie", "district": "goleniowski", "municipality": "Maszewo", "postcode": "72-130", "object_type": "K01.30.10", "object_type_name": "Zamki", "veracity_score": "good", "accessibility": "full", "state": "poor", "otar_id": "K01.30.10.N4Q2BZ", "name": "Zamek w Maciejewie", "description": "Zamek w Maciejewie powstał prawdopodobnie na przełomie XIV i XV w. jako siedziba rodu von Flemming. Założenie miało formę czworobocznych wałów ziemnych o wymiarach ok. 25 × 33 m, otoczonych fosą. W narożniku znajdował się prostokątny murowany budynek o wymiarach ok. 15 × 18 m, prawdopodobnie kilkukondygnacyjna wieża mieszkalna. Do dziś zachowały się jedynie fragmenty kamiennych murów na nasypie.", "wikidata": "n/a", "wikidata_url": "n/a", "wikipedia": "n/a", "wikipedia_url": "n/a", "published": "2026-08-14" }, "geometry": { "type": "Point", "coordinates": [ 15.003264776545921, 53.557248844763549 ] } },
{ "type": "Feature", "id": 364, "properties": { "wkt_wgs84": "POINT (21.347931049 54.213643393)", "x_wgs84": 21.347931049, "y_wgs84": 54.213643392999998, "country": "Polska", "province": "warmińsko-mazurskie", "district": "kętrzyński", "municipality": "Barciany", "postcode": "11-410", "object_type": "K01.30.10", "object_type_name": "Zamki", "veracity_score": "fair", "accessibility": "partial", "state": "good", "otar_id": "K01.30.10.N51YXX", "name": "Zamek w Barcianach", "description": "Zamek w Barcianach wzniesiono w latach 1377–1390 jako gotycką warownię krzyżacką na planie prostokąta o wymiarach ok. 55 × 58 m. Założenie obejmowało skrzydło wschodnie z bramą, trzykondygnacyjne skrzydło północne, fosę, przedzamcze i narożną basztę. Po sekularyzacji pełnił funkcje administracyjne i gospodarcze. Obecnie zachowany jest w dobrym stanie, pozostaje jednak zamknięty i nieużytkowany.", "wikidata": "Q823059", "wikidata_url": "https://www.wikidata.org/wiki/Q823059", "wikipedia": "pl:Zamek w Barcianach", "wikipedia_url": "https://pl.wikipedia.org/wiki/Zamek_w_Barcianach", "published": "2026-08-14" }, "geometry": { "type": "Point", "coordinates": [ 21.347931049, 54.213643393 ] } },
{ "type": "Feature", "id": 365, "properties": { "wkt_wgs84": "POINT (18.659815397294164 54.353823146023366)", "x_wgs84": 18.659815397294164, "y_wgs84": 54.353823146023366, "country": "Polska", "province": "pomorskie", "district": "Gdańsk", "municipality": "Gdańsk", "postcode": "80-841", "object_type": "K01.30.10", "object_type_name": "Zamki", "veracity_score": "good", "accessibility": "full", "state": "poor", "otar_id": "K01.30.10.N6VEUJ", "name": "Zamek w Gdańsku", "description": "Warownia wzniesiona w latach 1335-1341 z inicjatywy wielkiego mistrza Dytryka z Altenburga na miejscu dawnego grodu książąt gdańskich, nad Motławą, między obecnymi ulicami Na Dylach, Dylinki, Rycerską, Karpią, Wapienniczą, Wartką i Sukienniczą; siedziba komtura, centrum Komendy Gdańskiej  najbogatszego i najbardziej wpływowego regionu państwa krzyżackiego. Po zamku pozostały jedynie fragmenty murów.", "wikidata": "Q96185160", "wikidata_url": "https://www.wikidata.org/wiki/Q96185160", "wikipedia": "pl:Zamek w Gdańsku", "wikipedia_url": "https://pl.wikipedia.org/wiki/Zamek_w_Gda%C5%84sku", "published": "2026-08-14" }, "geometry": { "type": "Point", "coordinates": [ 18.659815397294164, 54.353823146023366 ] } },
{ "type": "Feature", "id": 366, "properties": { "wkt_wgs84": "POINT (14.806458982 52.570673969)", "x_wgs84": 14.806458982000001, "y_wgs84": 52.570673968999998, "country": "Polska", "province": "lubuskie", "district": "sulęciński", "municipality": "Słońsk", "postcode": "66-436", "object_type": "K01.30.10", "object_type_name": "Zamki", "veracity_score": "good", "accessibility": "partial", "state": "good", "otar_id": "K01.30.10.NB12MQ", "name": "Zamek joannitów w Słońsku", "description": "Zamek joannitów w Słońsku wzniesiono w XVII w. jako reprezentacyjną rezydencję zakonu joannitów, nawiązującą formą do architektury renesansowej i barokowej. Założenie miało regularny układ z dziedzińcem, skrzydłami mieszkalnymi i wieżą. Po II wojnie światowej obiekt stopniowo niszczał, a po pożarze w 1975 r. popadł w ruinę. Obecnie zachowały się przede wszystkim mury zewnętrzne i fragmenty dawnej zabudowy zamkowej.", "wikidata": "Q2029186", "wikidata_url": "https://www.wikidata.org/wiki/Q2029186", "wikipedia": "pl:Zamek joannitów w Słońsku", "wikipedia_url": "https://pl.wikipedia.org/wiki/Zamek_joannit%C3%B3w_w_S%C5%82o%C5%84sku", "published": "2026-08-14" }, "geometry": { "type": "Point", "coordinates": [ 14.806458982, 52.570673969 ] } },
{ "type": "Feature", "id": 367, "properties": { "wkt_wgs84": "POINT (16.79538271744652 51.197816146606925)", "x_wgs84": 16.795382717446518, "y_wgs84": 51.197816146606925, "country": "Polska", "province": "dolnośląskie", "district": "średzki", "municipality": "Miękinia", "postcode": "55-330", "object_type": "K01.30.10", "object_type_name": "Zamki", "veracity_score": "fair", "accessibility": "full", "state": "excellent", "otar_id": "K01.30.10.NBZKBM", "name": "Zamek w Wojnowicach", "description": "Zamek rycerski wzniesiono w XVI wieku w stylu renesansowym z wykorzystaniem pozostałości starszego, XIV-wiecznego zamku. Był zamieszkany do 1945 roku, a do dziś zachowały się portale, wykusze, wysoka wieża oraz renesansowe detale architektoniczne. Obecnie mieści siedzibę Stowarzyszenia Historyków Sztuki.", "wikidata": "Q9386565", "wikidata_url": "https://www.wikidata.org/wiki/Q9386565", "wikipedia": "pl:Zamek w Wojnowicach", "wikipedia_url": "https://pl.wikipedia.org/wiki/Zamek_w_Wojnowicach", "published": "2026-08-14" }, "geometry": { "type": "Point", "coordinates": [ 16.795382717446518, 51.197816146606925 ] } },
{ "type": "Feature", "id": 368, "properties": { "wkt_wgs84": "POINT (18.458103744 53.404702823)", "x_wgs84": 18.458103744, "y_wgs84": 53.404702823000001, "country": "Polska", "province": "kujawsko-pomorskie", "district": "świecki", "municipality": "Świecie", "postcode": "86-100", "object_type": "K01.30.10", "object_type_name": "Zamki", "veracity_score": "good", "accessibility": "full", "state": "fair", "otar_id": "K01.30.10.NEQKBX", "name": "Zamek krzyżacki w Świeciu", "description": "Ruiny zamku krzyżackiego w Świeciu stoją u ujścia Wdy do Wisły. Warownię wzniesiono po 1335 r. jako ważny zamek obronny i siedzibę komturów. Kontrolowała szlak wodny, a po zniszczeniach i rozbiórkach z XVII-XIX w. zachowało się północne skrzydło oraz wieża. Obecnie w murach zamku działa muzeum, a w piwnicach znajdują się stanowiska nietoperzy. Teren jest też nadal badany i częściowo rewitalizowany, a odkryte relikty murów zostały zabezpieczone i ponownie zasypane", "wikidata": "Q9386587", "wikidata_url": "https://www.wikidata.org/wiki/Q9386587", "wikipedia": "pl:Zamek krzyżacki w Świeciu", "wikipedia_url": "https://pl.wikipedia.org/wiki/Zamek_krzy%C5%BCacki_w_%C5%9Awieciu", "published": "2026-08-14" }, "geometry": { "type": "Point", "coordinates": [ 18.458103744, 53.404702823 ] } },
{ "type": "Feature", "id": 369, "properties": { "wkt_wgs84": "POINT (15.670267 51.698353)", "x_wgs84": 15.670267, "y_wgs84": 51.698353, "country": "Polska", "province": "lubuskie", "district": "nowosolski", "municipality": "Nowe Miasteczko", "postcode": "67-124", "object_type": "K01.30.10", "object_type_name": "Zamki", "veracity_score": "good", "accessibility": "partial", "state": "fair", "otar_id": "K01.30.10.NEX353", "name": "Zamek w Borowie Polskim", "description": "Zamek w Borowie Polskim powstał w XIV w. jako gotycka warownia, prawdopodobnie z inicjatywy rodu von Rechenberg. Po zniszczeniu w 1459 r. został odbudowany i w latach 1548–1550 rozbudowany o renesansowe skrzydło. Czterokondygnacyjną bryłę uzupełniała cylindryczna wieża narożna. Od XVII w. obiekt stopniowo podupadał; w XIX w. część murów zaadaptowano na spichlerz. Obecnie zachowany jest w formie ruiny.", "wikidata": "Q30107625", "wikidata_url": "https://www.wikidata.org/wiki/Q30107625", "wikipedia": "n/a", "wikipedia_url": "n/a", "published": "2026-08-14" }, "geometry": { "type": "Point", "coordinates": [ 15.670267, 51.698353 ] } },
{ "type": "Feature", "id": 370, "properties": { "wkt_wgs84": "POINT (14.945791297 51.476246551)", "x_wgs84": 14.945791297, "y_wgs84": 51.476246551000003, "country": "Polska", "province": "lubuskie", "district": "żarski", "municipality": "Przewóz", "postcode": "68-132", "object_type": "K01.30.10", "object_type_name": "Zamki", "veracity_score": "fair", "accessibility": "partial", "state": "fair", "otar_id": "K01.30.10.NHZNLG", "name": "Wieża Głodowa w Przewozie", "description": "Ruiny zamku książęcego w Przewozie to pozostałość po XIII-wiecznej warowni granicznej, która strzegła strategicznej przeprawy przez Nysę Łużycką na szlaku handlowym z Żar do Saksonii. Choć sam zamek został zniszczony podczas wojny trzydziestoletniej i rozebrany w XVIII wieku, do dziś przetrwał jego najpotężniejszy element  monumentalna Wieża Głodowa.", "wikidata": "Q30143387", "wikidata_url": "https://www.wikidata.org/wiki/Q30143387", "wikipedia": "n/a", "wikipedia_url": "n/a", "published": "2026-08-14" }, "geometry": { "type": "Point", "coordinates": [ 14.945791297, 51.476246551 ] } },
{ "type": "Feature", "id": 371, "properties": { "wkt_wgs84": "POINT (19.203224229 49.831133838)", "x_wgs84": 19.203224229, "y_wgs84": 49.831133838, "country": "Polska", "province": "śląskie", "district": "bielski", "municipality": "Porąbka", "postcode": "43-356", "object_type": "K01.30.10", "object_type_name": "Zamki", "veracity_score": "fair", "accessibility": "full", "state": "poor", "otar_id": "K01.30.10.NT44KV", "name": "Zamek Wołek", "description": "Zamek Wołek wzniesiono prawdopodobnie w XIV w. jako górską warownię książęcą, strzegącą szlaku przez dolinę Soły. Założenie obejmowało zamek górny z zabudową mieszkalną, mury obronne, wieżę oraz przedzamcze, dostosowane do stromego ukształtowania terenu. W XV w. zamek utracił znaczenie i został zniszczony. Obecnie zachowały się jedynie fragmenty murów i relikty fundamentów dawnej warowni.", "wikidata": "Q9386567", "wikidata_url": "https://www.wikidata.org/wiki/Q9386567", "wikipedia": "pl:Zamek Wołek", "wikipedia_url": "https://pl.wikipedia.org/wiki/Zamek_Wo%C5%82ek", "published": "2026-08-14" }, "geometry": { "type": "Point", "coordinates": [ 19.203224229, 49.831133838 ] } },
{ "type": "Feature", "id": 372, "properties": { "wkt_wgs84": "POINT (21.950580492 51.323872478)", "x_wgs84": 21.950580492, "y_wgs84": 51.323872477999998, "country": "Polska", "province": "lubelskie", "district": "puławski", "municipality": "Kazimierz Dolny", "postcode": "24-120", "object_type": "K01.30.10", "object_type_name": "Zamki", "veracity_score": "good", "accessibility": "full", "state": "fair", "otar_id": "K01.30.10.P387H1", "name": "Zamek w Kazimierzu Dolnym", "description": "Zamek w Kazimierzu Dolnym wzniesiono w XIV w. jako królewską warownię z kamienia wapiennego. Założenie obejmowało zamek górny z wieżą mieszkalno-obronną, dziedziniec, mury obronne i bramę, a funkcjonalnie powiązane było także z wcześniejszą cylindryczną basztą położoną wyżej na wzgórzu. W XVI w. zamek przebudowano w stylu renesansowym. Po zniszczeniach XVII w. popadł w ruinę. Obecnie jest zabezpieczony i udostępniony turystycznie.", "wikidata": "Q9386654", "wikidata_url": "https://www.wikidata.org/wiki/Q9386654", "wikipedia": "pl:Zamek w Kazimierzu Dolnym", "wikipedia_url": "https://pl.wikipedia.org/wiki/Zamek_w_Kazimierzu_Dolnym", "published": "2026-08-14" }, "geometry": { "type": "Point", "coordinates": [ 21.950580492, 51.323872478 ] } },
{ "type": "Feature", "id": 373, "properties": { "wkt_wgs84": "POINT (22.234234998 50.068505902)", "x_wgs84": 22.234234998000002, "y_wgs84": 50.068505901999998, "country": "Polska", "province": "podkarpackie", "district": "łańcucki", "municipality": "Łańcut", "postcode": "37-100", "object_type": "K01.30.10", "object_type_name": "Zamki", "veracity_score": "good", "accessibility": "full", "state": "excellent", "otar_id": "K01.30.10.P6JEUF", "name": "Zamek w Łańcucie", "description": "Zamek w Łańcucie w obecnej formie powstał w latach 1629–1642 jako barokowa rezydencja typu palazzo in fortezza. Ma czworoboczny układ z wewnętrznym dziedzińcem, czterema narożnymi wieżami i zachowanymi elementami dawnych fortyfikacji. W XVIII–XIX w. przekształcono go w reprezentacyjny pałac otoczony rozległym parkiem. Obecnie jest bardzo dobrze zachowany, mieści muzeum i jest udostępniony zwiedzającym.", "wikidata": "Q773316", "wikidata_url": "https://www.wikidata.org/wiki/Q773316", "wikipedia": "pl:Zamek w Łańcucie", "wikipedia_url": "https://pl.wikipedia.org/wiki/Zamek_w_%C5%81a%C5%84cucie", "published": "2026-08-14" }, "geometry": { "type": "Point", "coordinates": [ 22.234234998, 50.068505902 ] } },
{ "type": "Feature", "id": 374, "properties": { "wkt_wgs84": "POINT (18.349622925 50.390874022)", "x_wgs84": 18.349622924999998, "y_wgs84": 50.390874021999998, "country": "Polska", "province": "opolskie", "district": "strzelecki", "municipality": "Ujazd", "postcode": "47-143", "object_type": "K01.30.10", "object_type_name": "Zamki", "veracity_score": "fair", "accessibility": "full", "state": "fair", "otar_id": "K01.30.10.P9BGGJ", "name": "Zamek biskupów wrocławskich w Ujeździe", "description": "Zamek biskupów wrocławskich w Ujeździe to średniowieczna warownia, której początki sięgają XIII wieku. W kolejnych stuleciach był rozbudowywany, a w XVI i XVIII wieku przebudowano go odpowiednio na renesansową rezydencję i barokowy pałac. Zniszczony w 1945 roku, dziś zachował się jako trwała ruina udostępniona do zwiedzania.", "wikidata": "Q9386571", "wikidata_url": "https://www.wikidata.org/wiki/Q9386571", "wikipedia": "pl:Zamek biskupów wrocławskich w Ujeździe", "wikipedia_url": "https://pl.wikipedia.org/wiki/Zamek_biskup%C3%B3w_wroc%C5%82awskich_w_Uje%C5%BAdzie", "published": "2026-08-14" }, "geometry": { "type": "Point", "coordinates": [ 18.349622925, 50.390874022 ] } },
{ "type": "Feature", "id": 375, "properties": { "wkt_wgs84": "POINT (16.685788333 50.649288386)", "x_wgs84": 16.685788333000001, "y_wgs84": 50.649288386000002, "country": "Polska", "province": "dolnośląskie", "district": "dzierżoniowski", "municipality": "Dzierżoniów", "postcode": "58-262", "object_type": "K01.30.10", "object_type_name": "Zamki", "veracity_score": "good", "accessibility": "limited", "state": "bad", "otar_id": "K01.30.10.PAD8D7", "name": "Zamek w Owieśnie", "description": "Zamek w Owieśnie wzniesiono w latach 1385–1417 jako późnośredniowieczną rezydencję obronną. W XVIII i XIX w. był przebudowywany i wzbogacany o dekoracyjne elementy, m.in. kamienny portal, ryzalit oraz heraldyczne kartusze. Należy do zespołu zamkowego obejmującego także park, oficynę i bramę wjazdową. Obecnie obiekt zachowany jest w formie zabytkowej ruiny, z czytelnymi reliktami historycznej architektury.", "wikidata": "Q19401693", "wikidata_url": "https://www.wikidata.org/wiki/Q19401693", "wikipedia": "pl:Zamek w Owieśnie", "wikipedia_url": "https://pl.wikipedia.org/wiki/Zamek_w_Owie%C5%9Bnie", "published": "2026-08-14" }, "geometry": { "type": "Point", "coordinates": [ 16.685788333, 50.649288386 ] } },
{ "type": "Feature", "id": 376, "properties": { "wkt_wgs84": "POINT (16.620262 50.194332)", "x_wgs84": 16.620262, "y_wgs84": 50.194332, "country": "Polska", "province": "dolnośląskie", "district": "kłodzki", "municipality": "Międzylesie", "postcode": "57-530", "object_type": "K01.30.10", "object_type_name": "Zamki", "veracity_score": "good", "accessibility": "full", "state": "poor", "otar_id": "K01.30.10.PBKGVV", "name": "Zamek Szczerba", "description": "Zamek Szczerba wzniesiono w XIV w. jako kamienną warownię rycerską na planie nieregularnym, dostosowanym do skalistego terenu. Założenie obejmowało mury obronne, dziedziniec, zabudowę mieszkalną i wieżę. W kolejnych stuleciach zamek tracił znaczenie i popadł w ruinę. Obecnie zachowały się fragmenty murów obwodowych, relikty zabudowy i części wieży, tworzące trwałą ruinę.", "wikidata": "Q677198", "wikidata_url": "https://www.wikidata.org/wiki/Q677198", "wikipedia": "pl:Zamek Szczerba", "wikipedia_url": "https://pl.wikipedia.org/wiki/Zamek_Szczerba", "published": "2026-08-14" }, "geometry": { "type": "Point", "coordinates": [ 16.620262, 50.194332 ] } },
{ "type": "Feature", "id": 377, "properties": { "wkt_wgs84": "POINT (15.101078 52.047487)", "x_wgs84": 15.101078, "y_wgs84": 52.047487, "country": "Polska", "province": "lubuskie", "district": "krośnieński", "municipality": "Krosno Odrzańskie", "postcode": "66-600", "object_type": "K01.30.10", "object_type_name": "Zamki", "veracity_score": "good", "accessibility": "full", "state": "fair", "otar_id": "K01.30.10.PC6TEU", "name": "Zamek w Krośnie Odrzańskim", "description": "Zamek Piastowski w Krośnie Odrzańskim należy do najstarszych i najważniejszych warowni zachodniej Polski. Jego początki sięgają pierwszej połowy XIII wieku, kiedy został wzniesiony z inicjatywy księcia Henryka Brodatego jako książęca rezydencja i twierdza strzegąca przeprawy przez Odrę. W kolejnych stuleciach zamek rozbudowano, nadając mu formę czteroskrzydłowego założenia z wieżą bramną oraz renesansowymi krużgankami.", "wikidata": "Q9386663", "wikidata_url": "https://www.wikidata.org/wiki/Q9386663", "wikipedia": "pl:Zamek w Krośnie Odrzańskim", "wikipedia_url": "https://pl.wikipedia.org/wiki/Zamek_w_Kro%C5%9Bnie_Odrza%C5%84skim", "published": "2026-08-14" }, "geometry": { "type": "Point", "coordinates": [ 15.101078, 52.047487 ] } },
{ "type": "Feature", "id": 378, "properties": { "wkt_wgs84": "POINT (17.504540859 50.401724102)", "x_wgs84": 17.504540859, "y_wgs84": 50.401724102000003, "country": "Polska", "province": "opolskie", "district": "prudnicki", "municipality": "Prudnik", "postcode": "48-325", "object_type": "K01.30.10", "object_type_name": "Zamki", "veracity_score": "good", "accessibility": "full", "state": "poor", "otar_id": "K01.30.10.PFWVTB", "name": "Zamek Gryżów", "description": "Zamek Gryżów, wzniesiony prawdopodobnie pod koniec XIII w., był gotycką warownią położoną nad Ścinawą Niemodlińską, przy ważnych średniowiecznych szlakach handlowych. Pełnił funkcję obronną i kontrolną, należąc do istotniejszych umocnień ziemi prudnickiej. Pierwsza wzmianka o zamku pochodzi z 1358 r. Obiekt został zniszczony w XV w. zachowały się jedynie fragmenty fundamentów", "wikidata": "Q97186823", "wikidata_url": "https://www.wikidata.org/wiki/Q97186823", "wikipedia": "pl:Zamek Gryżów", "wikipedia_url": "https://pl.wikipedia.org/wiki/Zamek_Gry%C5%BC%C3%B3w", "published": "2026-08-14" }, "geometry": { "type": "Point", "coordinates": [ 17.504540859, 50.401724102 ] } },
{ "type": "Feature", "id": 379, "properties": { "wkt_wgs84": "POINT (16.91635258 51.48251196)", "x_wgs84": 16.91635258, "y_wgs84": 51.48251196, "country": "Polska", "province": "dolnośląskie", "district": "trzebnicki", "municipality": "Żmigród", "postcode": "55-140", "object_type": "K01.30.10", "object_type_name": "Zamki", "veracity_score": "fair", "accessibility": "full", "state": "fair", "otar_id": "K01.30.10.PG8R4Y", "name": "Zamek w Żmigrodzie", "description": "Zamek w Żmigrodzie wywodzi się ze średniowiecznej warowni wzmiankowanej w 1296 r. W XVI w. wzniesiono zachowaną czworoboczną, czterokondygnacyjną wieżę mieszkalno-obronną. W XVII–XVIII w. zamek przekształcono w barokowy pałac, później rozbudowany o skrzydło klasycystyczne. Pałac zniszczono w 1945 r. i nie odbudowano. Zachowały się ruiny oraz odrestaurowana wieża z neogotyckim krenelażem.", "wikidata": "Q9386775", "wikidata_url": "https://www.wikidata.org/wiki/Q9386775", "wikipedia": "pl:Zamek w Żmigrodzie", "wikipedia_url": "https://pl.wikipedia.org/wiki/Zamek_w_%C5%BBmigrodzie", "published": "2026-08-14" }, "geometry": { "type": "Point", "coordinates": [ 16.91635258, 51.48251196 ] } },
{ "type": "Feature", "id": 380, "properties": { "wkt_wgs84": "POINT (18.183104463 51.197882885)", "x_wgs84": 18.183104463, "y_wgs84": 51.197882885, "country": "Polska", "province": "łódzkie", "district": "wieruszowski", "municipality": "Bolesławiec", "postcode": "98-430", "object_type": "K01.30.10", "object_type_name": "Zamki", "veracity_score": "good", "accessibility": "full", "state": "fair", "otar_id": "K01.30.10.PGG8S5", "name": "Zamek w Bolesławcu", "description": "Malowniczo usytuowane nad rzeką Prosną relikty zamku w Bolesławcu to cenne i unikalne świadectwo XIV-wiecznej polskiej architektury obronnej. Ta dawna, potężna twierdza graniczna należy do nielicznych zamków nizinnych wzniesionych z inicjatywy króla Kazimierza Wielkiego. Budowę murowanego zamku rozpoczęto około 1370 roku na polecenie ostatniego Piasta na polskim tronie, w miejscu wcześniejszego grodu drewniano-ziemnego Bolesława Pobożnego.", "wikidata": "Q30096936", "wikidata_url": "https://www.wikidata.org/wiki/Q30096936", "wikipedia": "pl:Zamek w Bolesławcu", "wikipedia_url": "https://pl.wikipedia.org/wiki/Zamek_w_Boles%C5%82awcu", "published": "2026-08-14" }, "geometry": { "type": "Point", "coordinates": [ 18.183104463, 51.197882885 ] } },
{ "type": "Feature", "id": 381, "properties": { "wkt_wgs84": "POINT (21.202474 50.529304)", "x_wgs84": 21.202474, "y_wgs84": 50.529304, "country": "Polska", "province": "świętokrzyskie", "district": "staszowski", "municipality": "Rytwiany", "postcode": "28-236", "object_type": "K01.30.10", "object_type_name": "Zamki", "veracity_score": "good", "accessibility": "full", "state": "poor", "otar_id": "K01.30.10.PP97UM", "name": "Zamek w Rytwianach", "description": "Zamek w Rytwianach wzmiankowano już w 1397 r. Najstarszy murowany budynek miał trzy kondygnacje i wymiary ok. 13 × 39 m. W XV w. założenie rozbudowano o prostokątny mur obronny i tzw. Dom Wielki. Zamek był wielokrotnie niszczony i odbudowywany, a w 1859 r. większość zabudowy rozebrano. Obecnie zachował się fragment narożnika dawnego budynku ze szkarpą, a teren ruin zagospodarowano jako park historyczno-edukacyjny.", "wikidata": "Q33512804", "wikidata_url": "https://www.wikidata.org/wiki/Q33512804", "wikipedia": "pl:Zamek w Rytwianach", "wikipedia_url": "https://pl.wikipedia.org/wiki/Zamek_w_Rytwianach", "published": "2026-08-14" }, "geometry": { "type": "Point", "coordinates": [ 21.202474, 50.529304 ] } },
{ "type": "Feature", "id": 382, "properties": { "wkt_wgs84": "POINT (15.1958 53.422482)", "x_wgs84": 15.1958, "y_wgs84": 53.422482, "country": "Polska", "province": "zachodniopomorskie", "district": "stargardzki", "municipality": "Stara Dąbrowa", "postcode": "73-112", "object_type": "K01.30.10", "object_type_name": "Zamki", "veracity_score": "good", "accessibility": "full", "state": "poor", "otar_id": "K01.30.10.PPYVVA", "name": "Zamek w Krzywnicy", "description": "Malowniczo ulokowane na stromym wzgórzu w zakolu rzeki Regi relikty zamku w Krzywnicy to jeden z najbardziej zagadkowych i niedostępnych obiektów obronnych na Pomorzu Zachodnim. Ta średniowieczna warownia stanowiła niegdyś ważny punkt strategiczny w systemie obronnym księstwa pomorskiego. Początki murowanego zamku sięgają przełomu XIV i XV wieku.", "wikidata": "Q131983263", "wikidata_url": "https://www.wikidata.org/wiki/Q131983263", "wikipedia": "pl:Zamek w Krzywnicy", "wikipedia_url": "https://pl.wikipedia.org/wiki/Zamek_w_Krzywnicy", "published": "2026-08-14" }, "geometry": { "type": "Point", "coordinates": [ 15.1958, 53.422482 ] } },
{ "type": "Feature", "id": 383, "properties": { "wkt_wgs84": "POINT (16.411735488 54.419959886)", "x_wgs84": 16.411735488000001, "y_wgs84": 54.419959886000001, "country": "Polska", "province": "zachodniopomorskie", "district": "sławieński", "municipality": "Darłowo", "postcode": "76-150", "object_type": "K01.30.10", "object_type_name": "Zamki", "veracity_score": "good", "accessibility": "full", "state": "good", "otar_id": "K01.30.10.PQL3WY", "name": "Zamek Książąt Pomorskich w Darłowie", "description": "Zamek Książąt Pomorskich w Darłowie to najlepiej zachowany pod względem historycznym średniowieczny zamek książęcy na Pomorzu Zachodnim. Wzniesiony w połowie XIV wieku z inicjatywy księcia Bogusława V na wyspie rzecznej nad Wieprzą, początkowo pełnił funkcję ufortyfikowanej, gotyckiej rezydencji otoczonej fosą i kanałami. Obecnie ten unikalny zabytek z potężną wieżą bramną stanowi jedną z najważniejszych atrakcji turystycznych regionu.", "wikidata": "Q2243270", "wikidata_url": "https://www.wikidata.org/wiki/Q2243270", "wikipedia": "pl:Zamek Książąt Pomorskich w Darłowie", "wikipedia_url": "https://pl.wikipedia.org/wiki/Zamek_Ksi%C4%85%C5%BC%C4%85t_Pomorskich_w_Dar%C5%82owie", "published": "2026-08-14" }, "geometry": { "type": "Point", "coordinates": [ 16.411735488, 54.419959886 ] } },
{ "type": "Feature", "id": 384, "properties": { "wkt_wgs84": "POINT (21.14751574 54.048427027)", "x_wgs84": 21.14751574, "y_wgs84": 54.048427027000002, "country": "Polska", "province": "warmińsko-mazurskie", "district": "kętrzyński", "municipality": "Reszel", "postcode": "11-440", "object_type": "K01.30.10", "object_type_name": "Zamki", "veracity_score": "good", "accessibility": "full", "state": "excellent", "otar_id": "K01.30.10.PSSRCS", "name": "Zamek w Reszlu", "description": "Pochodzący z drugiej połowy XIV wieku zamek biskupi to w pełni zachowana, charakterystyczna warownia, którą w XV i XVI stuleciu dodatkowo rozbudowano i ufortyfikowano. Aż do pierwszego rozbioru Polski budowla pełniła funkcję reprezentacyjnej rezydencji biskupów, po czym zaadaptowano ją na więzienie. Po zniszczeniach spowodowanych pożarem w 1807 roku, obiekt odbudowano na potrzeby miejscowej społeczności ewangelickiej, dbając o zachowanie jego pierwotnej formy architektonicznej.", "wikidata": "Q9386726", "wikidata_url": "https://www.wikidata.org/wiki/Q9386726", "wikipedia": "pl:Zamek w Reszlu", "wikipedia_url": "https://pl.wikipedia.org/wiki/Zamek_w_Reszlu", "published": "2026-08-14" }, "geometry": { "type": "Point", "coordinates": [ 21.14751574, 54.048427027 ] } },
{ "type": "Feature", "id": 385, "properties": { "wkt_wgs84": "POINT (16.292310991 50.842317019)", "x_wgs84": 16.292310991000001, "y_wgs84": 50.842317019, "country": "Polska", "province": "dolnośląskie", "district": "Wałbrzych", "municipality": "Wałbrzych", "postcode": "58-306", "object_type": "K01.30.10", "object_type_name": "Zamki", "veracity_score": "good", "accessibility": "full", "state": "excellent", "otar_id": "K01.30.10.PXJT7X", "name": "Zamek Książ", "description": "Zamek książęcy wzniesiony przez Bolka I pod koniec XIII wieku był jedną z najpotężniejszych piastowskich twierdz na Śląsku. Po licznych przebudowach w pierwszej połowie XVIII wieku przekształcono go w barokowy pałac. Po II wojnie światowej został przystosowany do nowych funkcji, a dziś mieści m.in. Muzeum Wnętrz, Muzeum Szkła i Porcelany oraz centrum kultury.", "wikidata": "Q738109", "wikidata_url": "https://www.wikidata.org/wiki/Q738109", "wikipedia": "pl:Zamek Książ", "wikipedia_url": "https://pl.wikipedia.org/wiki/Zamek_Ksi%C4%85%C5%BC", "published": "2026-08-14" }, "geometry": { "type": "Point", "coordinates": [ 16.292310991, 50.842317019 ] } },
{ "type": "Feature", "id": 386, "properties": { "wkt_wgs84": "POINT (19.044408938825313 49.82151325933888)", "x_wgs84": 19.044408938825313, "y_wgs84": 49.821513259338879, "country": "Polska", "province": "śląskie", "district": "Bielsko-Biała", "municipality": "Bielsko-Biała", "postcode": "43-300", "object_type": "K01.30.10", "object_type_name": "Zamki", "veracity_score": "good", "accessibility": "full", "state": "excellent", "otar_id": "K01.30.10.PZZM7U", "name": "Zamek książąt Sułkowskich w Bielsku-Białej", "description": "Zamek książąt Sułkowskich w Bielsku-Białej wzniesiono w XIV w. jako miejski zamek książąt cieszyńskich, włączony w system fortyfikacji Bielska. Od XVI w. stopniowo przekształcano go w rezydencję szlachecką, a przebudowa z lat 1855–1864 nadała mu eklektyczny charakter i zatarła wcześniejsze cechy stylowe. Obecnie zamek jest dobrze zachowany i mieści Muzeum Historyczne w Bielsku-Białej.", "wikidata": "Q1667897", "wikidata_url": "https://www.wikidata.org/wiki/Q1667897", "wikipedia": "pl:Muzeum Historyczne w Bielsku-Białej – Zamek książąt Sułkowskich", "wikipedia_url": "https://pl.wikipedia.org/wiki/Muzeum_Historyczne_w_Bielsku-Bia%C5%82ej_%E2%80%93_Zamek_ksi%C4%85%C5%BC%C4%85t_Su%C5%82kowskich", "published": "2026-08-14" }, "geometry": { "type": "Point", "coordinates": [ 19.044408938825313, 49.821513259338879 ] } },
{ "type": "Feature", "id": 387, "properties": { "wkt_wgs84": "POINT (19.146363174 50.603306403)", "x_wgs84": 19.146363174000001, "y_wgs84": 50.603306402999998, "country": "Polska", "province": "śląskie", "district": "myszkowski", "municipality": "Koziegłowy", "postcode": "42-350", "object_type": "K01.30.10", "object_type_name": "Zamki", "veracity_score": "fair", "accessibility": "full", "state": "poor", "otar_id": "K01.30.10.Q54KCP", "name": "Zamek w Koziegłowach", "description": "Zamek w Koziegłowach wzniesiono w XIV w. jako gotycką warownię rycerską. Założenie obejmowało murowany obwód obronny, dziedziniec, zabudowę mieszkalną i wieżę, a jego układ dostosowano do lokalnych warunków terenowych. W kolejnych stuleciach zamek tracił znaczenie i został stopniowo rozebrany. Obecnie zachowały się jedynie relikty murów i fundamentów dawnej warowni.", "wikidata": "Q9386661", "wikidata_url": "https://www.wikidata.org/wiki/Q9386661", "wikipedia": "pl:Zamek w Koziegłowach", "wikipedia_url": "https://pl.wikipedia.org/wiki/Zamek_w_Kozieg%C5%82owach", "published": "2026-08-14" }, "geometry": { "type": "Point", "coordinates": [ 19.146363174, 50.603306403 ] } },
{ "type": "Feature", "id": 388, "properties": { "wkt_wgs84": "POINT (18.820253469 52.857286462)", "x_wgs84": 18.820253469000001, "y_wgs84": 52.857286461999998, "country": "Polska", "province": "kujawsko-pomorskie", "district": "aleksandrowski", "municipality": "Raciążek", "postcode": "87-721", "object_type": "K01.30.10", "object_type_name": "Zamki", "veracity_score": "good", "accessibility": "full", "state": "poor", "otar_id": "K01.30.10.Q8FXM7", "name": "Zamek w Raciążku", "description": "Zamek w Raciążku wzniesiono w XIV w. jako gotycką rezydencję biskupów włocławskich. Założenie obejmowało murowany dom mieszkalny, dziedziniec, mury obronne oraz wieżę, a w późniejszych stuleciach było rozbudowywane i przekształcane. Z czasem zamek utracił znaczenie i popadł w ruinę. Obecnie zachowały się fragmenty murów, relikty zabudowy i czytelny zarys dawnego założenia.", "wikidata": "Q9386721", "wikidata_url": "https://www.wikidata.org/wiki/Q9386721", "wikipedia": "pl:Zamek w Raciążku", "wikipedia_url": "https://pl.wikipedia.org/wiki/Zamek_w_Raci%C4%85%C5%BCku", "published": "2026-08-14" }, "geometry": { "type": "Point", "coordinates": [ 18.820253469, 52.857286462 ] } },
{ "type": "Feature", "id": 389, "properties": { "wkt_wgs84": "POINT (19.24190490928712 50.46759273566185)", "x_wgs84": 19.241904909287118, "y_wgs84": 50.467592735661853, "country": "Polska", "province": "śląskie", "district": "będziński", "municipality": "Siewierz", "postcode": "42-470", "object_type": "K01.30.10", "object_type_name": "Zamki", "veracity_score": "good", "accessibility": "full", "state": "fair", "otar_id": "K01.30.10.QBN1YY", "name": "Zamek biskupi w Siewierzu", "description": "Zamek biskupi w Siewierzu powstał w XIV w. jako gotycka warownia, później rozbudowana w renesansową rezydencję biskupów krakowskich. Założenie obejmowało skrzydła mieszkalne, dziedziniec, wieżę bramną, barbakan, fosę i taras artyleryjski. W XVII w. otrzymało elementy barokowe. Po 1790 r. zamek opuszczono i popadł w ruinę. Obecnie zachowane mury i wieża są zabezpieczone i udostępnione turystycznie.", "wikidata": "Q9386570", "wikidata_url": "https://www.wikidata.org/wiki/Q9386570", "wikipedia": "pl:Zamek w Siewierzu", "wikipedia_url": "https://pl.wikipedia.org/wiki/Zamek_w_Siewierzu", "published": "2026-08-14" }, "geometry": { "type": "Point", "coordinates": [ 19.241904909287118, 50.467592735661853 ] } },
{ "type": "Feature", "id": 390, "properties": { "wkt_wgs84": "POINT (15.912623672 50.860477889)", "x_wgs84": 15.912623672, "y_wgs84": 50.860477889000002, "country": "Polska", "province": "dolnośląskie", "district": "karkonoski", "municipality": "Janowice Wielkie", "postcode": "58-520", "object_type": "K01.30.10", "object_type_name": "Zamki", "veracity_score": "good", "accessibility": "full", "state": "fair", "otar_id": "K01.30.10.QJB3KS", "name": "Zamek Bolczów", "description": "Zamek Bolczów to unikalna w skali kraju, średniowieczna warownia wyżynna, której mury zostały wtopione w naturalne, granitowe formacje skalne. Obiekt wznosi się na skalistym występie (około 561 m n.p.m.) w północnej części Rudaw Janowickich, stanowiąc podręcznikowy przykład harmonijnego połączenia architektury obronnej z naturalną rzeźbą terenu. Warownię wzniósł około 1375 roku dworzanin księcia Bolka II, Clericus Bolze, w celu zabezpieczenia okolicznych dóbr oraz kontroli szlaków handlowych.", "wikidata": "Q9386509", "wikidata_url": "https://www.wikidata.org/wiki/Q9386509", "wikipedia": "pl:Zamek Bolczów", "wikipedia_url": "https://pl.wikipedia.org/wiki/Zamek_Bolcz%C3%B3w", "published": "2026-08-14" }, "geometry": { "type": "Point", "coordinates": [ 15.912623672, 50.860477889 ] } },
{ "type": "Feature", "id": 391, "properties": { "wkt_wgs84": "POINT (15.269431982330872 53.80177902532441)", "x_wgs84": 15.269431982330872, "y_wgs84": 53.801779025324407, "country": "Polska", "province": "zachodniopomorskie", "district": "gryficki", "municipality": "Płoty", "postcode": "72-310", "object_type": "K01.30.10", "object_type_name": "Zamki", "veracity_score": "good", "accessibility": "limited", "state": "good", "otar_id": "K01.30.10.QM1X2M", "name": "Nowy Zamek w Płotach", "description": "Nowy Zamek w Płotach wzniesiono na początku XX w. jako reprezentacyjną rezydencję o historyzującej formie, nawiązującej do architektury zamkowej. Budowla ma rozczłonkowaną bryłę z wieżami, ryzalitami i dekoracyjnymi szczytami, a całość otacza park krajobrazowy. Obiekt pełnił funkcje mieszkalne i reprezentacyjne, bez istotnego znaczenia militarnego. Obecnie jest zachowany i użytkowany jako obiekt zabytkowy.", "wikidata": "Q33251291", "wikidata_url": "https://www.wikidata.org/wiki/Q33251291", "wikipedia": "pl:Nowy Zamek w Płotach", "wikipedia_url": "https://pl.wikipedia.org/wiki/Nowy_Zamek_w_P%C5%82otach", "published": "2026-08-30" }, "geometry": { "type": "Point", "coordinates": [ 15.269431982330872, 53.801779025324407 ] } },
{ "type": "Feature", "id": 392, "properties": { "wkt_wgs84": "POINT (18.398519886 52.138156578)", "x_wgs84": 18.398519886, "y_wgs84": 52.138156578, "country": "Polska", "province": "wielkopolskie", "district": "turecki", "municipality": "Władysławów", "postcode": "62-710", "object_type": "K01.30.10", "object_type_name": "Zamki", "veracity_score": "fair", "accessibility": "limited", "state": "fair", "otar_id": "K01.30.10.QM98PS", "name": "Zamek w Wyszynie", "description": "Pozostałości zamku w Wyszynie to malownicze relikty jednej z najciekawszych i najbardziej okazałych rezydencji obronnych XVI-wiecznej Wielkopolski. Wzniesiona około 1556 roku przez magnacki ród Grodzieckich herbu Dryja, budowla łączyła późnogotycką tradycję warowną z włoskim renesansem. W czasach świetności zamek był potężnym założeniem na planie prostokąta, posadowionym na sztucznej wyspie i otoczonym bagnami oraz szeroką, nawodnioną fosą.", "wikidata": "Q109282750", "wikidata_url": "https://www.wikidata.org/wiki/Q109282750", "wikipedia": "n/a", "wikipedia_url": "n/a", "published": "2026-08-14" }, "geometry": { "type": "Point", "coordinates": [ 18.398519886, 52.138156578 ] } },
{ "type": "Feature", "id": 393, "properties": { "wkt_wgs84": "POINT (14.900849926 50.957751328)", "x_wgs84": 14.900849926, "y_wgs84": 50.957751328000001, "country": "Polska", "province": "dolnośląskie", "district": "zgorzelecki", "municipality": "Bogatynia", "postcode": "59-916", "object_type": "K01.30.10", "object_type_name": "Zamki", "veracity_score": "good", "accessibility": "full", "state": "poor", "otar_id": "K01.30.10.QMGDNB", "name": "Zamek Ronow", "description": "Zamek Ronow istniał co najmniej od 1262 r. i kontrolował ważny szlak handlowy między Pragą a Zgorzelcem. Założenie obejmowało podzamcze oraz właściwy zamek otoczony fosą i wałem, podzielony murem na część północną i południową. W części północnej znajdowały się co najmniej dwa budynki, w tym jeden podpiwniczony. W 1399 r. zamek zdobyto i zniszczono. Obecnie zachowany jest wyłącznie w formie ruin.", "wikidata": "Q1013719", "wikidata_url": "https://www.wikidata.org/wiki/Q1013719", "wikipedia": "pl:Zamek Ronow", "wikipedia_url": "https://pl.wikipedia.org/wiki/Zamek_Ronow", "published": "2026-08-14" }, "geometry": { "type": "Point", "coordinates": [ 14.900849926, 50.957751328 ] } },
{ "type": "Feature", "id": 394, "properties": { "wkt_wgs84": "POINT (17.043632612 50.682345097)", "x_wgs84": 17.043632612, "y_wgs84": 50.682345097000002, "country": "Polska", "province": "dolnośląskie", "district": "ząbkowicki", "municipality": "Ziębice", "postcode": "57-210", "object_type": "K01.30.10", "object_type_name": "Zamki", "veracity_score": "good", "accessibility": "limited", "state": "good", "otar_id": "K01.30.10.QN87FE", "name": "Zamek Witostowice", "description": "Zamek Witostowice wzniesiony w XVIII wieku w Dolinie Oławy. Kształt otwartej na zachód litery U. Obecnie w rękach prywatnych.", "wikidata": "Q17750090", "wikidata_url": "https://www.wikidata.org/wiki/Q17750090", "wikipedia": "pl:Zamek w Witostowicach", "wikipedia_url": "https://pl.wikipedia.org/wiki/Zamek_w_Witostowicach", "published": "2026-08-14" }, "geometry": { "type": "Point", "coordinates": [ 17.043632612, 50.682345097 ] } },
{ "type": "Feature", "id": 395, "properties": { "wkt_wgs84": "POINT (16.451937 52.624786)", "x_wgs84": 16.451937, "y_wgs84": 52.624786, "country": "Polska", "province": "wielkopolskie", "district": "szamotulski", "municipality": "Ostroróg", "postcode": "64-560", "object_type": "K01.30.10", "object_type_name": "Zamki", "veracity_score": "poor", "accessibility": "limited", "state": "poor", "otar_id": "K01.30.10.QQ7G5X", "name": "Zamek w Ostrorogu", "description": "Zamek w Ostrorogu wzniesiono w XIV w. jako siedzibę rodu Ostrorogów. Murowana warownia miała charakter rezydencjonalno-obronny i była związana z rozwojem miasta oraz lokalnym ośrodkiem władzy. W kolejnych stuleciach zamek tracił znaczenie i stopniowo popadał w ruinę. Obecnie nie zachował się jako pełna budowla, na terenie dawnego założenia widoczne są jedynie relikty i ślady historycznej zabudowy.", "wikidata": "Q9386701", "wikidata_url": "https://www.wikidata.org/wiki/Q9386701", "wikipedia": "pl:Zamek w Ostrorogu", "wikipedia_url": "https://pl.wikipedia.org/wiki/Zamek_w_Ostrorogu", "published": "2026-08-14" }, "geometry": { "type": "Point", "coordinates": [ 16.451937, 52.624786 ] } },
{ "type": "Feature", "id": 396, "properties": { "wkt_wgs84": "POINT (17.110039 50.702358)", "x_wgs84": 17.110039, "y_wgs84": 50.702358, "country": "Polska", "province": "dolnośląskie", "district": "strzeliński", "municipality": "Przeworno", "postcode": "57-130", "object_type": "K01.30.10", "object_type_name": "Zamki", "veracity_score": "good", "accessibility": "full", "state": "poor", "otar_id": "K01.30.10.QRFPNA", "name": "Zamek Gromnik", "description": "Ruiny Zamku na Gromniku. Wznoszące się na najwyższym szczycie Wzgórz Strzelińskich (Gromnik  393 m n.p.m.) relikty zamku to jedno z najbardziej intrygujących miejsc na Śląsku. Murowana warownia powstała tu w latach trzydziestych XV wieku z inicjatywy rycerskiego rodu von Czirn. W XVI wieku książęta brzescy wznieśli tu jeszcze renesansowy zameczek myśliwski, który jednak po wojnie trzydziestoletniej popadł w całkowitą ruinę.", "wikidata": "n/a", "wikidata_url": "n/a", "wikipedia": "n/a", "wikipedia_url": "n/a", "published": "2026-08-14" }, "geometry": { "type": "Point", "coordinates": [ 17.110039, 50.702358 ] } },
{ "type": "Feature", "id": 397, "properties": { "wkt_wgs84": "POINT (21.839614153 49.937100942)", "x_wgs84": 21.839614153, "y_wgs84": 49.937100942000001, "country": "Polska", "province": "podkarpackie", "district": "strzyżowski", "municipality": "Czudec", "postcode": "38-120", "object_type": "K01.30.10", "object_type_name": "Zamki", "veracity_score": "good", "accessibility": "full", "state": "poor", "otar_id": "K01.30.10.QU37ZH", "name": "Zamek w Czudcu", "description": "Zamek w Czudcu wzniesiono w XIV w. jako gotycką warownię rycerską strzegącą pogranicza i szlaku w dolinie Wisłoka. W XVI w. przebudowano go w stylu renesansowym. Założenie obejmowało mury obronne, wieże, basztę bramną, piwnice i obszerny majdan otoczony wałem. Zamek zniszczono w 1657 r., a jego ruiny rozebrano pod koniec XVII w. Obecnie zachowane są relikty murów, wież, piwnic i baszty bramnej, odsłaniane w trakcie badań archeologicznych.", "wikidata": "Q9386621", "wikidata_url": "https://www.wikidata.org/wiki/Q9386621", "wikipedia": "pl:Zamek w Czudcu", "wikipedia_url": "https://pl.wikipedia.org/wiki/Zamek_w_Czudcu", "published": "2026-08-14" }, "geometry": { "type": "Point", "coordinates": [ 21.839614153, 49.937100942 ] } },
{ "type": "Feature", "id": 398, "properties": { "wkt_wgs84": "POINT (17.932612341 51.426740264)", "x_wgs84": 17.932612341, "y_wgs84": 51.426740264000003, "country": "Polska", "province": "wielkopolskie", "district": "ostrzeszowski", "municipality": "Ostrzeszów", "postcode": "63-500", "object_type": "K01.30.10", "object_type_name": "Zamki", "veracity_score": "good", "accessibility": "full", "state": "fair", "otar_id": "K01.30.10.QZMML8", "name": "Zamek w Ostrzeszowie", "description": "Zamek nad Strzegową, wzniesiony przez Kazimierza Wielkiego w XIV wieku, był elementem systemu umocnień zachodniej granicy państwa. Po przyłączeniu do Korony w 1402 roku został zniszczony przez Szwedów w 1656 roku, a następnie odbudowany. Do końca XVIII wieku pełnił funkcję siedziby sądów ziemskich i grodzkich. Później popadł w ruinę i został rozebrany w 1843 roku. Z dawnego założenia zachowała się jedynie wysoka wieża.", "wikidata": "Q33085867", "wikidata_url": "https://www.wikidata.org/wiki/Q33085867", "wikipedia": "n/a", "wikipedia_url": "n/a", "published": "2026-08-14" }, "geometry": { "type": "Point", "coordinates": [ 17.932612341, 51.426740264 ] } },
{ "type": "Feature", "id": 399, "properties": { "wkt_wgs84": "POINT (20.686756 49.489059)", "x_wgs84": 20.686756, "y_wgs84": 49.489059, "country": "Polska", "province": "małopolskie", "district": "nowosądecki", "municipality": "Rytro", "postcode": "33-343", "object_type": "K01.30.10", "object_type_name": "Zamki", "veracity_score": "good", "accessibility": "limited", "state": "fair", "otar_id": "K01.30.10.RHGY3Y", "name": "Zamek w Rytrze", "description": "Ruiny średniowiecznego zamku w pobliżu wsi Rytro, najprawdopodobniej zbudowany na przełomie XIII i XIV wieku w 2025 obiekt poddano remontowi", "wikidata": "Q9386734", "wikidata_url": "https://www.wikidata.org/wiki/Q9386734", "wikipedia": "pl:Zamek w Rytrze", "wikipedia_url": "https://pl.wikipedia.org/wiki/Zamek_w_Rytrze", "published": "2026-08-14" }, "geometry": { "type": "Point", "coordinates": [ 20.686756, 49.489059 ] } },
{ "type": "Feature", "id": 400, "properties": { "wkt_wgs84": "POINT (21.241239002875723 51.162166744902116)", "x_wgs84": 21.241239002875723, "y_wgs84": 51.162166744902116, "country": "Polska", "province": "mazowieckie", "district": "radomski", "municipality": "Iłża", "postcode": "27-100", "object_type": "K01.30.10", "object_type_name": "Zamki", "veracity_score": "good", "accessibility": "full", "state": "fair", "otar_id": "K01.30.10.RP8WK7", "name": "Zamek w Iłży", "description": "Zamek w Iłży wzniesiono w XIV w. jako gotycką warownię biskupów krakowskich. Założenie obejmowało zamek górny z cylindryczną wieżą, zabudową mieszkalną i murami obronnymi oraz rozbudowane podzamcze. W XVI–XVII w. zamek przebudowywano w duchu renesansu. Zniszczony podczas wojen XVII–XVIII w., stopniowo popadł w ruinę. Obecnie zachowały się mury, relikty zabudowy i odrestaurowana wieża udostępniona turystycznie.", "wikidata": "Q633237", "wikidata_url": "https://www.wikidata.org/wiki/Q633237", "wikipedia": "pl:Zamek w Iłży", "wikipedia_url": "https://pl.wikipedia.org/wiki/Zamek_w_I%C5%82%C5%BCy", "published": "2026-08-14" }, "geometry": { "type": "Point", "coordinates": [ 21.241239002875723, 51.162166744902116 ] } },
{ "type": "Feature", "id": 401, "properties": { "wkt_wgs84": "POINT (20.677359923 49.833194226)", "x_wgs84": 20.677359923000001, "y_wgs84": 49.833194226000003, "country": "Polska", "province": "małopolskie", "district": "brzeski", "municipality": "Czchów", "postcode": "32-860", "object_type": "K01.30.10", "object_type_name": "Zamki", "veracity_score": "good", "accessibility": "partial", "state": "fair", "otar_id": "K01.30.10.RPHG4V", "name": "Zamek w Czchowie", "description": "Ruiny zamku królewskiego w Czchowie (woj. małopolskie) to pozostałości gotyckiej warowni z przełomu XIII i XIV wieku, która strzegła traktu handlowego wzdłuż Dunajca. Najważniejszym i najlepiej zachowanym elementem obiektu jest potężna, cylindryczna wieża obronna (stołb) o wysokości około 20 metrów, służąca dziś jako punkt widokowy.", "wikidata": "Q6388727", "wikidata_url": "https://www.wikidata.org/wiki/Q6388727", "wikipedia": "pl:Zamek w Czchowie", "wikipedia_url": "https://pl.wikipedia.org/wiki/Zamek_w_Czchowie", "published": "2026-08-14" }, "geometry": { "type": "Point", "coordinates": [ 20.677359923, 49.833194226 ] } },
{ "type": "Feature", "id": 402, "properties": { "wkt_wgs84": "POINT (20.950834253 49.720589914)", "x_wgs84": 20.950834253, "y_wgs84": 49.720589914000001, "country": "Polska", "province": "małopolskie", "district": "gorlicki", "municipality": "Bobowa", "postcode": "38-350", "object_type": "K01.30.10", "object_type_name": "Zamki", "veracity_score": "fair", "accessibility": "full", "state": "poor", "otar_id": "K01.30.10.RRBTC3", "name": "Zamek w Berdechowie", "description": "Zamek w Berdechowie, znany także jako zamek w Bobowej, to pozostałości dawnej warowni rodu Gryfitów-Bobowskich, położone na stożkowatym wzgórzu nad rzeką Białą Dunajcową. Na jego szczycie zachowały się jedynie przykryte ziemią relikty murów i ślady wałów, potwierdzone badaniami archeologicznymi z 1957 roku. W XIX wieku na fundamentach zamku wzniesiono dwór, z którego do dziś przetrwały sklepione piwnice. Obiekt leży na lewym brzegu rzeki, tuż przy granicy z Bobową.", "wikidata": "n/a", "wikidata_url": "n/a", "wikipedia": "n/a", "wikipedia_url": "n/a", "published": "2026-08-14" }, "geometry": { "type": "Point", "coordinates": [ 20.950834253, 49.720589914 ] } },
{ "type": "Feature", "id": 403, "properties": { "wkt_wgs84": "POINT (15.16908067 51.771477531)", "x_wgs84": 15.16908067, "y_wgs84": 51.771477531000002, "country": "Polska", "province": "lubuskie", "district": "zielonogórski", "municipality": "Nowogród Bobrzański", "postcode": "66-010", "object_type": "K01.30.10", "object_type_name": "Zamki", "veracity_score": "fair", "accessibility": "limited", "state": "bad", "otar_id": "K01.30.10.RSDT53", "name": "Zamek w Białowicach", "description": "Zamek w Białowicach wzniósł w 1435 r. Wentzel von Biberstein. W XVI w. przebudowano go w stylu renesansowym i rozbudowano jako rezydencję o funkcjach obronnych. Około 1758 r. przekształcono go w spichlerz, zacierając pierwotne cechy stylowe. Budynek na planie litery L jest dwukondygnacyjny i częściowo podpiwniczony. Obecnie pozostaje w stanie zaawansowanej ruiny, z zawalonym dachem i fragmentami ścian.", "wikidata": "n/a", "wikidata_url": "n/a", "wikipedia": "n/a", "wikipedia_url": "n/a", "published": "2026-08-14" }, "geometry": { "type": "Point", "coordinates": [ 15.16908067, 51.771477531 ] } },
{ "type": "Feature", "id": 404, "properties": { "wkt_wgs84": "POINT (21.747352501056465 50.675886545569284)", "x_wgs84": 21.747352501056465, "y_wgs84": 50.675886545569284, "country": "Polska", "province": "świętokrzyskie", "district": "sandomierski", "municipality": "Sandomierz", "postcode": "27-600", "object_type": "K01.30.10", "object_type_name": "Zamki", "veracity_score": "good", "accessibility": "full", "state": "excellent", "otar_id": "K01.30.10.RSEBTU", "name": "Zamek w Sandomierzu", "description": "Zamek zbudowany na skarpie przez Kazimierza III Wielkiego. Częściowo wysadzony w trakcie potopu szwedzkiego. Do czasów dzisiejszych zachowało się jedynie zachodnie skrzydło zamku - odrestaurowane. Obecnie siedziba muzeum", "wikidata": "Q7416441", "wikidata_url": "https://www.wikidata.org/wiki/Q7416441", "wikipedia": "pl:Zamek w Sandomierzu", "wikipedia_url": "https://pl.wikipedia.org/wiki/Zamek_w_Sandomierzu", "published": "2026-08-14" }, "geometry": { "type": "Point", "coordinates": [ 21.747352501056465, 50.675886545569284 ] } },
{ "type": "Feature", "id": 405, "properties": { "wkt_wgs84": "POINT (23.200630604 52.197975132)", "x_wgs84": 23.200630604000001, "y_wgs84": 52.197975132000003, "country": "Polska", "province": "lubelskie", "district": "bialski", "municipality": "Janów Podlaski", "postcode": "21-505", "object_type": "K01.30.10", "object_type_name": "Zamki", "veracity_score": "fair", "accessibility": "partial", "state": "excellent", "otar_id": "K01.30.10.RVV26E", "name": "Zamek w Janowie Podlaskim", "description": "Zamek biskupi w Janowie Podlaskim to barokowa rezydencja wzniesiona w latach 1770-1780 z inicjatywy biskupa Pawła Turskiego na miejscu wcześniejszego zamku biskupów łuckich. Budowla ma regularną, symetryczną bryłę z wyraźnie zaakcentowanym ryzalitem i reprezentacyjnym układem wnętrz. Rezydencję otacza park w stylu angielskim z alejami, stawami oraz pozostałościami fosy. Pałac jest przykładem późnobarokowej architektury rezydencjonalnej.", "wikidata": "Q30097256", "wikidata_url": "https://www.wikidata.org/wiki/Q30097256", "wikipedia": "n/a", "wikipedia_url": "n/a", "published": "2026-08-14" }, "geometry": { "type": "Point", "coordinates": [ 23.200630604, 52.197975132 ] } },
{ "type": "Feature", "id": 406, "properties": { "wkt_wgs84": "POINT (17.690631061 52.166628885)", "x_wgs84": 17.690631061000001, "y_wgs84": 52.166628885000002, "country": "Polska", "province": "wielkopolskie", "district": "wrzesiński", "municipality": "Pyzdry", "postcode": "62-310", "object_type": "K01.30.10", "object_type_name": "Zamki", "veracity_score": "good", "accessibility": "partial", "state": "poor", "otar_id": "K01.30.10.RWVWPH", "name": "Zamek w Pyzdrach", "description": "Zamek w Pyzdrach wzniesiono w XIV w. jako królewską warownię związaną z systemem obronnym miasta. Założenie obejmowało murowany dom mieszkalny, dziedziniec, mury obronne i wieżę, a całość była powiązana z fortyfikacjami miejskimi. W późniejszych stuleciach zamek tracił znaczenie, był przebudowywany i częściowo rozbierany. Obecnie nie zachował się jako samodzielna budowla; jego relikty są słabo czytelne w strukturze zabudowy.", "wikidata": "Q9386717", "wikidata_url": "https://www.wikidata.org/wiki/Q9386717", "wikipedia": "pl:Zamek w Pyzdrach", "wikipedia_url": "https://pl.wikipedia.org/wiki/Zamek_w_Pyzdrach", "published": "2026-08-14" }, "geometry": { "type": "Point", "coordinates": [ 17.690631061, 52.166628885 ] } },
{ "type": "Feature", "id": 407, "properties": { "wkt_wgs84": "POINT (19.828449 50.161525)", "x_wgs84": 19.828449, "y_wgs84": 50.161525, "country": "Polska", "province": "małopolskie", "district": "krakowski", "municipality": "Wielka Wieś", "postcode": "32-089", "object_type": "K01.30.10", "object_type_name": "Zamki", "veracity_score": "good", "accessibility": "full", "state": "poor", "otar_id": "K01.30.10.S1YTK9", "name": "Zamek w Białym Kościele", "description": "Zamek w Białym Kościele był niewielką średniowieczną warownią, prawdopodobnie rycerską, usytuowaną na skalistym wzgórzu. Założenie miało charakter obronny i wykorzystywało naturalne ukształtowanie terenu. Jego dokładny układ architektoniczny jest słabo rozpoznany. Obecnie zachowały się jedynie relikty murów i ślady dawnego założenia, a obiekt ma postać słabo czytelnej ruiny.", "wikidata": "n/a", "wikidata_url": "n/a", "wikipedia": "n/a", "wikipedia_url": "n/a", "published": "2026-08-14" }, "geometry": { "type": "Point", "coordinates": [ 19.828449, 50.161525 ] } },
{ "type": "Feature", "id": 408, "properties": { "wkt_wgs84": "POINT (23.479452249 51.132532275)", "x_wgs84": 23.479452249000001, "y_wgs84": 51.132532275000003, "country": "Polska", "province": "lubelskie", "district": "Chełm", "municipality": "Chełm", "postcode": "22-100", "object_type": "K01.30.10", "object_type_name": "Zamki", "veracity_score": "poor", "accessibility": "full", "state": "poor", "otar_id": "K01.30.10.S6M2RH", "name": "Zamek w Chełmie", "description": "Pozostałości ruin zamku z XVw. Wzniesionego w miejscu grodu księcia ruskiego Daniela. Zamek zniszczony w XVIIw. Zachowały się ślady kamiennej wieży z XIIIw.", "wikidata": "n/a", "wikidata_url": "n/a", "wikipedia": "n/a", "wikipedia_url": "n/a", "published": "2026-08-14" }, "geometry": { "type": "Point", "coordinates": [ 23.479452249, 51.132532275 ] } },
{ "type": "Feature", "id": 409, "properties": { "wkt_wgs84": "POINT (20.743425791 53.976415994)", "x_wgs84": 20.743425791, "y_wgs84": 53.976415994, "country": "Polska", "province": "warmińsko-mazurskie", "district": "olsztyński", "municipality": "Jeziorany", "postcode": "11-320", "object_type": "K01.30.10", "object_type_name": "Zamki", "veracity_score": "good", "accessibility": "partial", "state": "poor", "otar_id": "K01.30.10.S7WCH1", "name": "Zamek w Jezioranach", "description": "Zamek w Jezioranach wzniesiono w XIV w. jako gotycką siedzibę biskupów warmińskich. Murowane założenie obejmowało zabudowę mieszkalną skupioną wokół dziedzińca, mury obronne oraz wieże i było powiązane z systemem fortyfikacji miasta. W kolejnych stuleciach zamek przebudowywano, a po pożarach i rozbiórkach utracił pierwotną formę. Obecnie zachowały się jedynie relikty dawnego założenia zamkowego.", "wikidata": "Q9386649", "wikidata_url": "https://www.wikidata.org/wiki/Q9386649", "wikipedia": "pl:Zamek w Jezioranach", "wikipedia_url": "https://pl.wikipedia.org/wiki/Zamek_w_Jezioranach", "published": "2026-08-14" }, "geometry": { "type": "Point", "coordinates": [ 20.743425791, 53.976415994 ] } },
{ "type": "Feature", "id": 410, "properties": { "wkt_wgs84": "POINT (21.545436571 50.903302332)", "x_wgs84": 21.545436571, "y_wgs84": 50.903302332000003, "country": "Polska", "province": "świętokrzyskie", "district": "ostrowiecki", "municipality": "Ćmielów", "postcode": "27-440", "object_type": "K01.30.10", "object_type_name": "Zamki", "veracity_score": "good", "accessibility": "limited", "state": "poor", "otar_id": "K01.30.10.SB5Z59", "name": "Zamek w Podgrodziu", "description": "Ruiny zamku rycerskiego położone na wzgórzu nad rzeką Kamienną. Zbudowany w XIV wieku, zniszczony w wieku XVII. Do dziś zachowały się fragmenty murów.", "wikidata": "Q33507897", "wikidata_url": "https://www.wikidata.org/wiki/Q33507897", "wikipedia": "pl:Zamek w Podgrodziu", "wikipedia_url": "https://pl.wikipedia.org/wiki/Zamek_w_Podgrodziu", "published": "2026-08-14" }, "geometry": { "type": "Point", "coordinates": [ 21.545436571, 50.903302332 ] } },
{ "type": "Feature", "id": 411, "properties": { "wkt_wgs84": "POINT (19.884598 51.165504)", "x_wgs84": 19.884598, "y_wgs84": 51.165504, "country": "Polska", "province": "łódzkie", "district": "piotrkowski", "municipality": "Ręczno", "postcode": "97-510", "object_type": "K01.30.10", "object_type_name": "Zamki", "veracity_score": "good", "accessibility": "full", "state": "fair", "otar_id": "K01.30.10.SBVHGA", "name": "Zamek w Majkowicach", "description": "Zamek w Majkowicach wzniesiono prawdopodobnie w XVI w. jako niewielką rezydencję obronną. Murowane założenie miało charakter mieszkalno-obronny i było związane z lokalną siedzibą szlachecką. W kolejnych stuleciach obiekt stopniowo tracił znaczenie i uległ zniszczeniu. Obecnie zachował się w postaci ruiny, z czytelnymi fragmentami murów dawnej budowli.", "wikidata": "Q9386675", "wikidata_url": "https://www.wikidata.org/wiki/Q9386675", "wikipedia": "pl:Zamek w Majkowicach", "wikipedia_url": "https://pl.wikipedia.org/wiki/Zamek_w_Majkowicach", "published": "2026-08-14" }, "geometry": { "type": "Point", "coordinates": [ 19.884598, 51.165504 ] } },
{ "type": "Feature", "id": 412, "properties": { "wkt_wgs84": "POINT (18.221237664 50.095807805)", "x_wgs84": 18.221237664, "y_wgs84": 50.095807805, "country": "Polska", "province": "śląskie", "district": "raciborski", "municipality": "Racibórz", "postcode": "47-400", "object_type": "K01.30.10", "object_type_name": "Zamki", "veracity_score": "good", "accessibility": "full", "state": "excellent", "otar_id": "K01.30.10.SKEQC7", "name": "Zamek w Raciborzu", "description": "Zamek w Raciborzu powstał w średniowieczu jako siedziba książąt raciborskich, rozbudowywana od XIII w. Założenie obejmowało zabudowę mieszkalną, dziedziniec, mury obronne i kaplicę zamkową. W późniejszych stuleciach zamek wielokrotnie przebudowywano, nadając mu cechy rezydencjonalne. Obecnie jest zachowany i odrestaurowany, a w jego wnętrzach funkcjonują instytucje kultury i przestrzenie udostępniane zwiedzającym.", "wikidata": "Q9386719", "wikidata_url": "https://www.wikidata.org/wiki/Q9386719", "wikipedia": "pl:Zamek w Raciborzu", "wikipedia_url": "https://pl.wikipedia.org/wiki/Zamek_w_Raciborzu", "published": "2026-08-14" }, "geometry": { "type": "Point", "coordinates": [ 18.221237664, 50.095807805 ] } },
{ "type": "Feature", "id": 413, "properties": { "wkt_wgs84": "POINT (16.738367707 50.501020902)", "x_wgs84": 16.738367706999998, "y_wgs84": 50.501020902, "country": "Polska", "province": "dolnośląskie", "district": "ząbkowicki", "municipality": "Bardo", "postcode": "57-256", "object_type": "K01.30.10", "object_type_name": "Zamki", "veracity_score": "fair", "accessibility": "full", "state": "poor", "otar_id": "K01.30.10.SKUTZL", "name": "Zamek w Bardzie", "description": "Zamek w Bardzie wzniesiono pod koniec XIII w. z kamienia łamanego. Składał się z owalnego zamku właściwego o wymiarach ok. 30 × 50 m oraz podzamcza. Otaczał go mur obronny o grubości ok. 2,2 m; założenie obejmowało także cylindryczną wieżę i zabudowę mieszkalną. Zamek zniszczono w XV w. Obecnie zachowały się fundamenty, fragmenty murów, sklepień i relikty wieży, częściowo zabezpieczone konserwatorsko.", "wikidata": "Q9386597", "wikidata_url": "https://www.wikidata.org/wiki/Q9386597", "wikipedia": "pl:Zamek w Bardzie", "wikipedia_url": "https://pl.wikipedia.org/wiki/Zamek_w_Bardzie", "published": "2026-08-14" }, "geometry": { "type": "Point", "coordinates": [ 16.738367707, 50.501020902 ] } },
{ "type": "Feature", "id": 414, "properties": { "wkt_wgs84": "POINT (19.445020136 50.076706857)", "x_wgs84": 19.445020136, "y_wgs84": 50.076706856999998, "country": "Polska", "province": "małopolskie", "district": "chrzanowski", "municipality": "Babice", "postcode": "32-551", "object_type": "K01.30.10", "object_type_name": "Zamki", "veracity_score": "good", "accessibility": "full", "state": "fair", "otar_id": "K01.30.10.SN1LTH", "name": "Zamek Lipowiec", "description": "Zamek Lipowiec to malownicze ruiny średniowiecznej twierdzy obronnej, wznoszące się na wapiennym wzgórzu w miejscowości Babice w województwie małopolskim. Położony na terenie rezerwatu przyrody zamek stanowi jeden z najciekawszych obiektów na szlaku dawnych warowni pogranicza śląsko-małopolskiego. Początki murowanej budowli sięgają drugiej połowy XIII wieku i wiążą się z działalnością biskupów krakowskich, w szczególności biskupa Jana Prandoty.", "wikidata": "Q11757772", "wikidata_url": "https://www.wikidata.org/wiki/Q11757772", "wikipedia": "pl:Zamek Lipowiec", "wikipedia_url": "https://pl.wikipedia.org/wiki/Zamek_Lipowiec", "published": "2026-08-14" }, "geometry": { "type": "Point", "coordinates": [ 19.445020136, 50.076706857 ] } },
{ "type": "Feature", "id": 415, "properties": { "wkt_wgs84": "POINT (16.294894311 50.83778637)", "x_wgs84": 16.294894311, "y_wgs84": 50.83778637, "country": "Polska", "province": "dolnośląskie", "district": "Wałbrzych", "municipality": "Wałbrzych", "postcode": "58-306", "object_type": "K01.30.10", "object_type_name": "Zamki", "veracity_score": "good", "accessibility": "full", "state": "fair", "otar_id": "K01.30.10.SP71RR", "name": "Zamek Stary Książ", "description": "Zamek Stary Książ to unikalny przykład osiemnastowiecznej rezydencji romantycznej wzniesionej w formie sztucznych ruin, która wtopiła się w autentyczne, średniowieczne relikty zamku piastowskiego. Obiekt jest malowniczo usytuowany na lewym, stromym brzegu skalistego przełomu rzeki Pełcznicy, w samym sercu Książańskiego Parku Krajobrazowego, naprzeciwko monumentalnego, właściwego zamku Książ.", "wikidata": "Q9386558", "wikidata_url": "https://www.wikidata.org/wiki/Q9386558", "wikipedia": "pl:Zamek Stary Książ", "wikipedia_url": "https://pl.wikipedia.org/wiki/Zamek_Stary_Ksi%C4%85%C5%BC", "published": "2026-08-14" }, "geometry": { "type": "Point", "coordinates": [ 16.294894311, 50.83778637 ] } },
{ "type": "Feature", "id": 416, "properties": { "wkt_wgs84": "POINT (16.446755174 51.543225808)", "x_wgs84": 16.446755174, "y_wgs84": 51.543225808000003, "country": "Polska", "province": "dolnośląskie", "district": "lubiński", "municipality": "Rudna", "postcode": "59-305", "object_type": "K01.30.10", "object_type_name": "Zamki", "veracity_score": "fair", "accessibility": "limited", "state": "good", "otar_id": "K01.30.10.ST7R81", "name": "Zamek w Chobieni", "description": "Zamek w Chobieni to renesansowa, dwukondygnacyjna budowla wzniesiona w 1583 roku na miejscu wcześniejszego gotyckiego założenia obronnego. Ma plan prostokąta z wewnętrznym dziedzińcem, prostokątną basztą bramną oraz trzema kolistymi basztami narożnymi. Zachowały się sklepienia kolebkowe z lunetami, renesansowe portale i kamienne obramienia okien, fragmenty dekoracji stiukowej oraz malowany strop z 1583 roku. Obiekt został uszkodzony w 1945 roku i pozostaje częściowo nieodbudowany.", "wikidata": "Q9386614", "wikidata_url": "https://www.wikidata.org/wiki/Q9386614", "wikipedia": "pl:Zamek w Chobieni", "wikipedia_url": "https://pl.wikipedia.org/wiki/Zamek_w_Chobieni", "published": "2026-08-14" }, "geometry": { "type": "Point", "coordinates": [ 16.446755174, 51.543225808 ] } },
{ "type": "Feature", "id": 417, "properties": { "wkt_wgs84": "POINT (20.715643539 49.964268518)", "x_wgs84": 20.715643538999998, "y_wgs84": 49.964268517999997, "country": "Polska", "province": "małopolskie", "district": "brzeski", "municipality": "Dębno", "postcode": "32-852", "object_type": "K01.30.10", "object_type_name": "Zamki", "veracity_score": "good", "accessibility": "partial", "state": "excellent", "otar_id": "K01.30.10.SUE6BW", "name": "Zamek w Dębnie", "description": "Zamek w Dębnie to perła późnogotyckiej architektury rezydencjonalno-obronnej w Polsce. Wzniesiony w latach 1470-1480 z inicjatywy kasztelana krakowskiego Jakuba Dębińskiego herbu Odrowąż, stanowi unikalny, najlepiej zachowany w Małopolsce przykład murowanej siedziby możnowładczej. Budowla została uformowana z cegły i kamienia na planie nieregularnego czworoboku. Składa się z czterech piętrowych skrzydeł, które otaczają kameralny, wewnętrzny dziedziniec z drewnianymi krużgankami.", "wikidata": "Q5321022", "wikidata_url": "https://www.wikidata.org/wiki/Q5321022", "wikipedia": "pl:Zamek w Dębnie", "wikipedia_url": "https://pl.wikipedia.org/wiki/Zamek_w_D%C4%99bnie", "published": "2026-08-14" }, "geometry": { "type": "Point", "coordinates": [ 20.715643539, 49.964268518 ] } },
{ "type": "Feature", "id": 418, "properties": { "wkt_wgs84": "POINT (16.147486008 50.738632195)", "x_wgs84": 16.147486008000001, "y_wgs84": 50.738632195000001, "country": "Polska", "province": "dolnośląskie", "district": "wałbrzyski", "municipality": "Czarny Bór", "postcode": "58-379", "object_type": "K01.30.10", "object_type_name": "Zamki", "veracity_score": "good", "accessibility": "full", "state": "poor", "otar_id": "K01.30.10.SX6VSE", "name": "Zamek Wojaczów", "description": "Zamek Wojaczów, znany także jako Zamek Konradów. Wybudowany i zniszczony w średniowieczu, obecnie całkowita ruina. Zachował się kopiec i ruiny wieży mieszkalnej.", "wikidata": "Q1014647", "wikidata_url": "https://www.wikidata.org/wiki/Q1014647", "wikipedia": "pl:Zamek Wojaczów", "wikipedia_url": "https://pl.wikipedia.org/wiki/Zamek_Wojacz%C3%B3w", "published": "2026-08-14" }, "geometry": { "type": "Point", "coordinates": [ 16.147486008, 50.738632195 ] } },
{ "type": "Feature", "id": 419, "properties": { "wkt_wgs84": "POINT (15.871558 51.036537)", "x_wgs84": 15.871558, "y_wgs84": 51.036537, "country": "Polska", "province": "dolnośląskie", "district": "złotoryjski", "municipality": "Świerzawa", "postcode": "59-540", "object_type": "K01.30.10", "object_type_name": "Zamki", "veracity_score": "poor", "accessibility": "full", "state": "poor", "otar_id": "K01.30.10.T11S8E", "name": "Zamek Wielisławka", "description": "Zamek w Wielisławiu Złotoryjskim powstał prawdopodobnie w średniowieczu jako niewielka warownia rycerska na skalistym wzgórzu. Założenie wykorzystywało naturalne walory obronne terenu i obejmowało murowane elementy obwodu obronnego oraz zabudowę mieszkalną. Zamek został zniszczony i nie był później odbudowany. Obecnie zachowały się jedynie słabo czytelne relikty murów i fundamentów dawnej warowni.", "wikidata": "n/a", "wikidata_url": "n/a", "wikipedia": "n/a", "wikipedia_url": "n/a", "published": "2026-08-14" }, "geometry": { "type": "Point", "coordinates": [ 15.871558, 51.036537 ] } },
{ "type": "Feature", "id": 420, "properties": { "wkt_wgs84": "POINT (15.194713011 53.338978361)", "x_wgs84": 15.194713011, "y_wgs84": 53.338978361000002, "country": "Polska", "province": "zachodniopomorskie", "district": "stargardzki", "municipality": "Stargard", "postcode": "73-131", "object_type": "K01.30.10", "object_type_name": "Zamki", "veracity_score": "good", "accessibility": "partial", "state": "good", "otar_id": "K01.30.10.T2ZSP7", "name": "Zamek w Pęzinie", "description": "Zamek w Pęzinie wzniesiono na przełomie XIV i XV w. jako gotycką warownię joannitów. Założenie miało nieregularny czworobok murów, skrzydło mieszkalne oraz potężny stołp. Około 1600 r. przekształcono je w renesansową rezydencję, a w XIX w. rozbudowano o skrzydło neogotyckie. Obecnie zamek jest dobrze zachowany, pozostaje własnością prywatną i służy m.in. organizacji wydarzeń.", "wikidata": "Q15641193", "wikidata_url": "https://www.wikidata.org/wiki/Q15641193", "wikipedia": "pl:Zamek w Pęzinie", "wikipedia_url": "https://pl.wikipedia.org/wiki/Zamek_w_P%C4%99zinie", "published": "2026-08-14" }, "geometry": { "type": "Point", "coordinates": [ 15.194713011, 53.338978361 ] } },
{ "type": "Feature", "id": 421, "properties": { "wkt_wgs84": "POINT (17.941956 50.511032)", "x_wgs84": 17.941956, "y_wgs84": 50.511032, "country": "Polska", "province": "opolskie", "district": "krapkowicki", "municipality": "Krapkowice", "postcode": "47-300", "object_type": "K01.30.10", "object_type_name": "Zamki", "veracity_score": "good", "accessibility": "full", "state": "excellent", "otar_id": "K01.30.10.T3GVEW", "name": "Zamek w Rogowie Opolskim", "description": "Wzniesiono w XVI w. jako rezydencję rodu Rogoyskich. Najstarszą część tworzą dwa skrzydła mieszkalne z narożną basztą. W XVIII w. obiekt przekształcono w rezydencję szlachecką, a w XIX w. rozbudowano o klasycystyczne skrzydło zachodnie i otoczono parkiem krajobrazowym. Zespół obejmuje także most, tarasy z murami oporowymi, kaplicę grobową i pawilon ogrodowy.", "wikidata": "Q9386728", "wikidata_url": "https://www.wikidata.org/wiki/Q9386728", "wikipedia": "pl:Zamek w Rogowie Opolskim", "wikipedia_url": "https://pl.wikipedia.org/wiki/Zamek_w_Rogowie_Opolskim", "published": "2026-08-14" }, "geometry": { "type": "Point", "coordinates": [ 17.941956, 50.511032 ] } },
{ "type": "Feature", "id": 422, "properties": { "wkt_wgs84": "POINT (18.935631188 53.388263629)", "x_wgs84": 18.935631188, "y_wgs84": 53.388263629000001, "country": "Polska", "province": "kujawsko-pomorskie", "district": "grudziądzki", "municipality": "Radzyń Chełmiński", "postcode": "87-220", "object_type": "K01.30.10", "object_type_name": "Zamki", "veracity_score": "good", "accessibility": "full", "state": "fair", "otar_id": "K01.30.10.T4V55B", "name": "Zamek w Radzyniu Chełmińskim", "description": "Zamek w Radzyniu Chełmińskim wzniesiono w XIII–XIV w. jako gotycką warownię krzyżacką i siedzibę komtura. Założenie obejmowało regularny zamek wysoki z wewnętrznym dziedzińcem, czterema skrzydłami, narożnymi wieżami oraz rozległym przedzamczem. Po zniszczeniach i rozbiórkach w XVIII–XIX w. popadł w ruinę. Obecnie zachowały się monumentalne mury, wieże i fragmenty skrzydeł, a ruiny są zabezpieczone i udostępnione turystycznie.", "wikidata": "Q1013618", "wikidata_url": "https://www.wikidata.org/wiki/Q1013618", "wikipedia": "pl:Zamek w Radzyniu Chełmińskim", "wikipedia_url": "https://pl.wikipedia.org/wiki/Zamek_w_Radzyniu_Che%C5%82mi%C5%84skim", "published": "2026-08-14" }, "geometry": { "type": "Point", "coordinates": [ 18.935631188, 53.388263629 ] } },
{ "type": "Feature", "id": 423, "properties": { "wkt_wgs84": "POINT (15.883701606 51.018647631)", "x_wgs84": 15.883701606000001, "y_wgs84": 51.018647631, "country": "Polska", "province": "dolnośląskie", "district": "złotoryjski", "municipality": "Świerzawa", "postcode": "59-540", "object_type": "K01.30.10", "object_type_name": "Zamki", "veracity_score": "good", "accessibility": "partial", "state": "excellent", "otar_id": "K01.30.10.T4WM92", "name": "Zamek w Sędziszowej", "description": "Zabytkowy zespół dworski w Sędziszowej to cennym przykład ewolucji śląskich siedzib rycerskich  od surowej, średniowiecznej wieży obronnej do nowożytnej rezydencji pałacowej. Początki założenia sięgają pierwszej połowy XIV wieku, kiedy to w dolinie rzeki Kaczawy wzniesiono murowaną, gotycką wieżę mieszkalną. Wielka transformacja obiektu nastąpiła na przełomie XV i XVI wieku pod rządami wpływowego rodu von Nimptsch.", "wikidata": "Q20034272", "wikidata_url": "https://www.wikidata.org/wiki/Q20034272", "wikipedia": "pl:Zamek w Sędziszowej", "wikipedia_url": "https://pl.wikipedia.org/wiki/Zamek_w_S%C4%99dziszowej", "published": "2026-08-14" }, "geometry": { "type": "Point", "coordinates": [ 15.883701606, 51.018647631 ] } },
{ "type": "Feature", "id": 424, "properties": { "wkt_wgs84": "POINT (18.947432 50.435596)", "x_wgs84": 18.947432, "y_wgs84": 50.435596, "country": "Polska", "province": "śląskie", "district": "tarnogórski", "municipality": "Świerklaniec", "postcode": "42-622", "object_type": "K01.30.10", "object_type_name": "Zamki", "veracity_score": "good", "accessibility": "full", "state": "poor", "otar_id": "K01.30.10.T5YJD3", "name": "Zamek w Świerklańcu", "description": "Zamek w Świerklańcu powstał w XIX w. jako neogotycka rezydencja rodu Henckel von Donnersmarck, wzniesiona w formie romantycznego zamku z wieżami, krenelażem i bogatym detalem historyzującym. Otaczał go rozległy park krajobrazowy i reprezentacyjne założenie rezydencjonalne. Po 1945 r. obiekt został zdewastowany, a następnie rozebrany. Obecnie po zamku zachowały się jedynie nieliczne relikty i elementy dawnego zespołu parkowego.", "wikidata": "Q48840570", "wikidata_url": "https://www.wikidata.org/wiki/Q48840570", "wikipedia": "pl:Zamek w Świerklańcu", "wikipedia_url": "https://pl.wikipedia.org/wiki/Zamek_w_%C5%9Awierkla%C5%84cu", "published": "2026-08-14" }, "geometry": { "type": "Point", "coordinates": [ 18.947432, 50.435596 ] } },
{ "type": "Feature", "id": 425, "properties": { "wkt_wgs84": "POINT (16.923309748 50.33097316)", "x_wgs84": 16.923309748000001, "y_wgs84": 50.33097316, "country": "Polska", "province": "dolnośląskie", "district": "kłodzki", "municipality": "Lądek-Zdrój", "postcode": "57-540", "object_type": "K01.30.10", "object_type_name": "Zamki", "veracity_score": "good", "accessibility": "full", "state": "poor", "otar_id": "K01.30.10.TA4A88", "name": "Zamek Karpień", "description": "Zamek Karpień był średniowieczną warownią położoną na szczycie Karpiaka w Górach Złotych. W XIV–XV w. stanowił siedzibę feudalnego państwa karpieńskiego i strzegł ważnych traktów oraz przełęczy. Założenie obejmowało gród wewnętrzny z wieżą i dziedzińcem, mur obronny oraz podgrodzie. Zamek został zniszczony w XV w., a ostatecznie rozebrany w 1513 r. Do dziś zachowały się głównie fundamenty i relikty murów.", "wikidata": "Q628867", "wikidata_url": "https://www.wikidata.org/wiki/Q628867", "wikipedia": "pl:Zamek Karpień", "wikipedia_url": "https://pl.wikipedia.org/wiki/Zamek_Karpie%C5%84", "published": "2026-08-14" }, "geometry": { "type": "Point", "coordinates": [ 16.923309748, 50.33097316 ] } },
{ "type": "Feature", "id": 426, "properties": { "wkt_wgs84": "POINT (17.969475981 50.486244781)", "x_wgs84": 17.969475981, "y_wgs84": 50.486244781000003, "country": "Polska", "province": "opolskie", "district": "krapkowicki", "municipality": "Krapkowice", "postcode": "47-303", "object_type": "K01.30.10", "object_type_name": "Zamki", "veracity_score": "good", "accessibility": "partial", "state": "poor", "otar_id": "K01.30.10.TDRS3Y", "name": "Zamek w Otmęcie", "description": "Malowniczo położone na lewym brzegu Odry relikty zamku w Otmęcie to ciekawy, choć skromnie zachowany pomnik średniowiecznej architektury obronnej na Górnym Śląsku. Ta dawna warownia rycerska przez stulecia strzegła strategicznego przejścia przez rzekę oraz kontrolowała ruch na ważnym szlaku handlowym. Początki murowanego założenia obronnego sięgają przełomu XIII i XIV wieku.", "wikidata": "Q30226087", "wikidata_url": "https://www.wikidata.org/wiki/Q30226087", "wikipedia": "n/a", "wikipedia_url": "n/a", "published": "2026-08-14" }, "geometry": { "type": "Point", "coordinates": [ 17.969475981, 50.486244781 ] } },
{ "type": "Feature", "id": 427, "properties": { "wkt_wgs84": "POINT (23.348167154 51.16779975)", "x_wgs84": 23.348167154, "y_wgs84": 51.16779975, "country": "Polska", "province": "lubelskie", "district": "chełmski", "municipality": "Chełm", "postcode": "22-151", "object_type": "K01.30.10", "object_type_name": "Zamki", "veracity_score": "good", "accessibility": "partial", "state": "good", "otar_id": "K01.30.10.TQHHHF", "name": "Wieża w Stołpiu", "description": "Wieża w Stołpiu powstała najwcześniej pod koniec XII w. jako kamienno-ceglana budowla o wymiarach zewnętrznych ok. 5,7 × 6,6 m, z cylindrycznym wnętrzem przechodzącym wyżej w ośmiobok. W sąsiedztwie znajdowała się kamienna platforma i zabudowa drewniana. Funkcja obiektu pozostaje dyskusyjna – wskazuje się zarówno charakter obronny, jak i sakralny. Obecnie zachowana jest jako zabezpieczona ruina z drewnianym dachem.", "wikidata": "Q9373859", "wikidata_url": "https://www.wikidata.org/wiki/Q9373859", "wikipedia": "pl:Wieża w Stołpiu", "wikipedia_url": "https://pl.wikipedia.org/wiki/Wie%C5%BCa_w_Sto%C5%82piu", "published": "2026-08-14" }, "geometry": { "type": "Point", "coordinates": [ 23.348167154, 51.16779975 ] } },
{ "type": "Feature", "id": 428, "properties": { "wkt_wgs84": "POINT (15.759421623 51.176748205)", "x_wgs84": 15.759421623, "y_wgs84": 51.176748205000003, "country": "Polska", "province": "dolnośląskie", "district": "złotoryjski", "municipality": "Zagrodno", "postcode": "59-516", "object_type": "K01.30.10", "object_type_name": "Zamki", "veracity_score": "good", "accessibility": "full", "state": "excellent", "otar_id": "K01.30.10.TRGXDV", "name": "Zamek Grodziec", "description": "Zamek Grodziec powstał na średniowiecznym grodzie, a jego murowana forma rozwijała się od XV w. jako warownia książęca. Założenie obejmowało zamek górny z pałacem, wieżą, kaplicą, dziedzińcem i murami obronnymi oraz rozległe przedzamcze. W XVI w. został rozbudowany w stylu renesansowym. Po zniszczeniach wojny trzydziestoletniej popadł w ruinę. Obecnie jest częściowo odbudowany, zabezpieczony i udostępniony turystycznie.", "wikidata": "Q491322", "wikidata_url": "https://www.wikidata.org/wiki/Q491322", "wikipedia": "pl:Zamek Grodziec", "wikipedia_url": "https://pl.wikipedia.org/wiki/Zamek_Grodziec", "published": "2026-08-14" }, "geometry": { "type": "Point", "coordinates": [ 15.759421623, 51.176748205 ] } },
{ "type": "Feature", "id": 429, "properties": { "wkt_wgs84": "POINT (18.678690301390816 50.66624636898043)", "x_wgs84": 18.678690301390816, "y_wgs84": 50.666246368980431, "country": "Polska", "province": "śląskie", "district": "lubliniecki", "municipality": "Lubliniec", "postcode": "42-700", "object_type": "K01.30.10", "object_type_name": "Zamki", "veracity_score": "fair", "accessibility": "partial", "state": "excellent", "otar_id": "K01.30.10.TRL5HX", "name": "Zamek w Lublińcu", "description": "Zamek w Lublińcu, wywodzący się ze średniowiecznej warowni, posiada barokowo-klasycystyczną bryłę z mansardowym dachem i charakterystycznymi ryzalitami. Po renowacji pełni funkcje hotelowe, zachowując wysoką wartość historyczną i architektoniczną.", "wikidata": "Q24945559", "wikidata_url": "https://www.wikidata.org/wiki/Q24945559", "wikipedia": "pl:Zamek w Lublińcu", "wikipedia_url": "https://pl.wikipedia.org/wiki/Zamek_w_Lubli%C5%84cu", "published": "2026-08-14" }, "geometry": { "type": "Point", "coordinates": [ 18.678690301390816, 50.666246368980431 ] } },
{ "type": "Feature", "id": 430, "properties": { "wkt_wgs84": "POINT (15.768912573673981 53.772430503376526)", "x_wgs84": 15.768912573673981, "y_wgs84": 53.772430503376526, "country": "Polska", "province": "zachodniopomorskie", "district": "świdwiński", "municipality": "Świdwin", "postcode": "78-300", "object_type": "K01.30.10", "object_type_name": "Zamki", "veracity_score": "good", "accessibility": "full", "state": "good", "otar_id": "K01.30.10.TRTQU5", "name": "Zamek w Świdwinie", "description": "Zamek w Świdwinie wzniesiono w XIII–XIV w. jako gotycką warownię o regularnym, czworobocznym układzie. Zespół obejmował skrzydła mieszkalne, dziedziniec, mury obronne, bramę i masywną wieżę. W kolejnych stuleciach był przebudowywany, m.in. w okresie joannickim. Po zniszczeniach wojennych został odbudowany. Obecnie jest dobrze zachowany i mieści Świdwiński Ośrodek Kultury.", "wikidata": "Q9386773", "wikidata_url": "https://www.wikidata.org/wiki/Q9386773", "wikipedia": "pl:Zamek w Świdwinie", "wikipedia_url": "https://pl.wikipedia.org/wiki/Zamek_w_%C5%9Awidwinie", "published": "2026-08-14" }, "geometry": { "type": "Point", "coordinates": [ 15.768912573673981, 53.772430503376526 ] } },
{ "type": "Feature", "id": 431, "properties": { "wkt_wgs84": "POINT (21.376693706 54.074237169)", "x_wgs84": 21.376693706000001, "y_wgs84": 54.074237169, "country": "Polska", "province": "warmińsko-mazurskie", "district": "kętrzyński", "municipality": "Kętrzyn", "postcode": "11-400", "object_type": "K01.30.10", "object_type_name": "Zamki", "veracity_score": "good", "accessibility": "full", "state": "excellent", "otar_id": "K01.30.10.TU671G", "name": "Zamek w Kętrzynie", "description": "Zamek w Kętrzynie wzniesiono w XIV w. przez zakon krzyżacki jako gotycką warownię i siedzibę administracyjną. Założenie obejmowało murowane skrzydła skupione wokół dziedzińca, mury obronne oraz zabudowę gospodarczą, powiązaną z fortyfikacjami miasta. W kolejnych stuleciach zamek wielokrotnie przebudowywano. Obecnie jest odrestaurowany i mieści m.in. Muzeum im. Wojciecha Kętrzyńskiego.", "wikidata": "Q9386669", "wikidata_url": "https://www.wikidata.org/wiki/Q9386669", "wikipedia": "pl:Zamek w Kętrzynie", "wikipedia_url": "https://pl.wikipedia.org/wiki/Zamek_w_K%C4%99trzynie", "published": "2026-08-14" }, "geometry": { "type": "Point", "coordinates": [ 21.376693706, 54.074237169 ] } },
{ "type": "Feature", "id": 432, "properties": { "wkt_wgs84": "POINT (15.59464424798118 51.74694800615815)", "x_wgs84": 15.594644247981179, "y_wgs84": 51.746948006158149, "country": "Polska", "province": "lubuskie", "district": "nowosolski", "municipality": "Kożuchów", "postcode": "67-120", "object_type": "K01.30.10", "object_type_name": "Zamki", "veracity_score": "good", "accessibility": "full", "state": "excellent", "otar_id": "K01.30.10.TX19P7", "name": "Zamek w Kożuchowie", "description": "Zamek w Kożuchowie wzniesiono w XIV w. jako gotycką warownię książęcą. Założenie obejmowało czworoboczny obwód murów, dziedziniec, zabudowę mieszkalną oraz wieżę, a w późniejszych stuleciach było wielokrotnie przebudowywane. W XVII w. zamek przekształcono w klasztor karmelitów, co zatarło część dawnych cech obronnych. Obecnie obiekt jest zachowany, odrestaurowany i pełni funkcje kulturalne oraz muzealne.", "wikidata": "Q18431651", "wikidata_url": "https://www.wikidata.org/wiki/Q18431651", "wikipedia": "pl:Zamek w Kożuchowie", "wikipedia_url": "https://pl.wikipedia.org/wiki/Zamek_w_Ko%C5%BCuchowie", "published": "2026-08-14" }, "geometry": { "type": "Point", "coordinates": [ 15.594644247981179, 51.746948006158149 ] } },
{ "type": "Feature", "id": 433, "properties": { "wkt_wgs84": "POINT (16.196080917 53.601103246)", "x_wgs84": 16.196080917, "y_wgs84": 53.601103246000001, "country": "Polska", "province": "zachodniopomorskie", "district": "drawski", "municipality": "Czaplinek", "postcode": "78-550", "object_type": "K01.30.10", "object_type_name": "Zamki", "veracity_score": "good", "accessibility": "full", "state": "fair", "otar_id": "K01.30.10.TYJ5CH", "name": "Zamek Drahim w Starym Drawsku", "description": "Zamek Drahim w Starym Drawsku wzniesiono w XIV w. jako gotycką warownię joannitów, usytuowaną na przesmyku między jeziorami Drawsko i Żerdno. Założenie miało plan zbliżony do czworoboku, z murami obronnymi, dziedzińcem i zabudową mieszkalną. W kolejnych stuleciach zamek pełnił funkcje administracyjne i militarne. Obecnie zachował się jako trwała ruina, zabezpieczona i udostępniona turystycznie.", "wikidata": "Q9386514", "wikidata_url": "https://www.wikidata.org/wiki/Q9386514", "wikipedia": "pl:Zamek Drahim w Starym Drawsku", "wikipedia_url": "https://pl.wikipedia.org/wiki/Zamek_Drahim_w_Starym_Drawsku", "published": "2026-08-14" }, "geometry": { "type": "Point", "coordinates": [ 16.196080917, 53.601103246 ] } },
{ "type": "Feature", "id": 434, "properties": { "wkt_wgs84": "POINT (20.127979387 54.115436236)", "x_wgs84": 20.127979387, "y_wgs84": 54.115436236000001, "country": "Polska", "province": "warmińsko-mazurskie", "district": "lidzbarski", "municipality": "Orneta", "postcode": "11-130", "object_type": "K01.30.10", "object_type_name": "Zamki", "veracity_score": "good", "accessibility": "partial", "state": "poor", "otar_id": "K01.30.10.U25NFT", "name": "Zamek Biskupów Warmińskich w Ornecie", "description": "Zamek biskupów warmińskich w Ornecie wzniesiono w XIV w. jako gotycką rezydencję biskupią. Założenie składało się z części północnej na planie zbliżonym do prostokąta o wymiarach ok. 29 × 38 m oraz części południowej. W obrębie zamku znajdowały się m.in. kaplica, dom mieszkalny i prawdopodobnie wieża. Zabudowania rozebrano w XIX w. Obecnie zachowały się głównie gotyckie piwnice ze sklepieniami kolebkowymi i krzyżowo-żebrowymi.", "wikidata": "Q18431644", "wikidata_url": "https://www.wikidata.org/wiki/Q18431644", "wikipedia": "pl:Zamek biskupów warmińskich w Ornecie", "wikipedia_url": "https://pl.wikipedia.org/wiki/Zamek_biskup%C3%B3w_warmi%C5%84skich_w_Ornecie", "published": "2026-08-14" }, "geometry": { "type": "Point", "coordinates": [ 20.127979387, 54.115436236 ] } },
{ "type": "Feature", "id": 435, "properties": { "wkt_wgs84": "POINT (21.030298027 52.21952164)", "x_wgs84": 21.030298027000001, "y_wgs84": 52.21952164, "country": "Polska", "province": "mazowieckie", "district": "Warszawa", "municipality": "Warszawa", "postcode": "00-467", "object_type": "K01.30.10", "object_type_name": "Zamki", "veracity_score": "good", "accessibility": "full", "state": "excellent", "otar_id": "K01.30.10.UAW4XV", "name": "Zamek Ujazdowski w Warszawie", "description": "Zamek Ujazdowski w Warszawie to dawna rezydencja królewska na Ujazdowie, położona w dzielnicy Śródmieście. Jej początki sięgają średniowiecznego grodu Jazdów, a obecny zamek rozbudowano w XVII wieku; po zniszczeniach wojennych odbudowano go i od 1985 roku mieści Centrum Sztuki Współczesnej. Obiekt leży przy Trakcie Królewskim, w sąsiedztwie Parku Ujazdowskiego i Łazienek, co podkreśla jego reprezentacyjny charakter.", "wikidata": "Q1756534", "wikidata_url": "https://www.wikidata.org/wiki/Q1756534", "wikipedia": "pl:Zamek Ujazdowski w Warszawie", "wikipedia_url": "https://pl.wikipedia.org/wiki/Zamek_Ujazdowski_w_Warszawie", "published": "2026-08-14" }, "geometry": { "type": "Point", "coordinates": [ 21.030298027, 52.21952164 ] } },
{ "type": "Feature", "id": 436, "properties": { "wkt_wgs84": "POINT (20.61929202 52.884381667)", "x_wgs84": 20.61929202, "y_wgs84": 52.884381667, "country": "Polska", "province": "mazowieckie", "district": "ciechanowski", "municipality": "Ciechanów", "postcode": "06-400", "object_type": "K01.30.10", "object_type_name": "Zamki", "veracity_score": "good", "accessibility": "full", "state": "fair", "otar_id": "K01.30.10.UDJAL5", "name": "Zamek książąt mazowieckich w Ciechanowie", "description": "Zamek w Ciechanowie wzniesiono na przełomie XIV i XV w. jako gotycką warownię książąt mazowieckich. Założenie ma plan prostokąta z rozległym dziedzińcem, wysokimi murami obronnymi oraz dwiema cylindrycznymi wieżami narożnymi. W XVI w. zamek rozbudowano i przystosowano do funkcji rezydencjonalnych. Po zniszczeniach XVII w. popadł w ruinę. Obecnie jest częściowo zrekonstruowany, zabezpieczony i udostępniony turystycznie.", "wikidata": "Q1011352", "wikidata_url": "https://www.wikidata.org/wiki/Q1011352", "wikipedia": "pl:Zamek w Ciechanowie", "wikipedia_url": "https://pl.wikipedia.org/wiki/Zamek_w_Ciechanowie", "published": "2026-08-14" }, "geometry": { "type": "Point", "coordinates": [ 20.61929202, 52.884381667 ] } },
{ "type": "Feature", "id": 437, "properties": { "wkt_wgs84": "POINT (16.670854391 51.787702495)", "x_wgs84": 16.670854391, "y_wgs84": 51.787702494999998, "country": "Polska", "province": "wielkopolskie", "district": "leszczyński", "municipality": "Rydzyna", "postcode": "64-130", "object_type": "K01.30.10", "object_type_name": "Zamki", "veracity_score": "fair", "accessibility": "full", "state": "excellent", "otar_id": "K01.30.10.UDSYFK", "name": "Zamek w Rydzynie", "description": "Zamek w Rydzynie powstał w latach 1403–1422 jako gotycka warownia otoczona szeroką fosą. W latach 1685–1695 przebudowano go na monumentalną barokową rezydencję o czterech skrzydłach, wewnętrznym dziedzińcu i narożnych basztach, później wzbogaconą o rokokowy wystrój. Obecnie zamek jest dobrze zachowany, użytkowany jako hotel i centrum konferencyjne oraz udostępniony zwiedzającym.", "wikidata": "Q7384934", "wikidata_url": "https://www.wikidata.org/wiki/Q7384934", "wikipedia": "pl:Zamek w Rydzynie", "wikipedia_url": "https://pl.wikipedia.org/wiki/Zamek_w_Rydzynie", "published": "2026-08-14" }, "geometry": { "type": "Point", "coordinates": [ 16.670854391, 51.787702495 ] } },
{ "type": "Feature", "id": 438, "properties": { "wkt_wgs84": "POINT (17.090749318 52.244113422)", "x_wgs84": 17.090749318, "y_wgs84": 52.244113421999998, "country": "Polska", "province": "wielkopolskie", "district": "poznański", "municipality": "Kórnik", "postcode": "62-035", "object_type": "K01.30.10", "object_type_name": "Zamki", "veracity_score": "good", "accessibility": "full", "state": "excellent", "otar_id": "K01.30.10.UEQV36", "name": "Zamek w Kórniku", "description": "Zamek w Kórniku wywodzi się ze średniowiecznej siedziby rodu Górków, wielokrotnie przebudowywanej w kolejnych stuleciach. Obecną formę uzyskał głównie w XIX w. za Tytusa Działyńskiego, kiedy nadano mu romantyczny, neogotycki charakter z wieżami, krenelażem i dekoracyjnymi elewacjami. Rezydencję otacza rozległy park-arboretum. Obecnie zamek jest dobrze zachowany, mieści muzeum oraz Bibliotekę Kórnicką PAN.", "wikidata": "Q524338", "wikidata_url": "https://www.wikidata.org/wiki/Q524338", "wikipedia": "pl:Zamek w Kórniku", "wikipedia_url": "https://pl.wikipedia.org/wiki/Zamek_w_K%C3%B3rniku", "published": "2026-08-14" }, "geometry": { "type": "Point", "coordinates": [ 17.090749318, 52.244113422 ] } },
{ "type": "Feature", "id": 439, "properties": { "wkt_wgs84": "POINT (18.721106 50.967739)", "x_wgs84": 18.721106, "y_wgs84": 50.967739, "country": "Polska", "province": "śląskie", "district": "kłobucki", "municipality": "Krzepice", "postcode": "42-160", "object_type": "K01.30.10", "object_type_name": "Zamki", "veracity_score": "good", "accessibility": "limited", "state": "poor", "otar_id": "K01.30.10.UGZWBT", "name": "Zamek w Krzepicach", "description": "Zamek w Krzepicach wzniesiono około 1350 r. z polecenia Kazimierza Wielkiego jako gotycką, ceglaną warownię. W XVI w. przebudowano go na renesansową rezydencję z trzema skrzydłami, wieżą bramną, krużgankami i narożnymi wieżyczkami, a w XVII w. otoczono fortyfikacjami bastionowymi. Od XVIII w. popadał w ruinę i został rozebrany w XIX w.", "wikidata": "Q17611285", "wikidata_url": "https://www.wikidata.org/wiki/Q17611285", "wikipedia": "pl:Zamek w Krzepicach", "wikipedia_url": "https://pl.wikipedia.org/wiki/Zamek_w_Krzepicach", "published": "2026-08-14" }, "geometry": { "type": "Point", "coordinates": [ 18.721106, 50.967739 ] } },
{ "type": "Feature", "id": 440, "properties": { "wkt_wgs84": "POINT (17.934090189310222 51.852652703070596)", "x_wgs84": 17.934090189310222, "y_wgs84": 51.852652703070596, "country": "Polska", "province": "wielkopolskie", "district": "pleszewski", "municipality": "Gołuchów", "postcode": "63-322", "object_type": "K01.30.10", "object_type_name": "Zamki", "veracity_score": "good", "accessibility": "full", "state": "excellent", "otar_id": "K01.30.10.UPN55G", "name": "Zamek w Gołuchowie", "description": "Zamek rycerski zbudowany około 1560 roku, gruntownie przebudowany w XIX wieku. Obecnie siedziba muzeum", "wikidata": "Q9386639", "wikidata_url": "https://www.wikidata.org/wiki/Q9386639", "wikipedia": "pl:Zamek w Gołuchowie", "wikipedia_url": "https://pl.wikipedia.org/wiki/Zamek_w_Go%C5%82uchowie", "published": "2026-08-14" }, "geometry": { "type": "Point", "coordinates": [ 17.934090189310222, 51.852652703070596 ] } },
{ "type": "Feature", "id": 441, "properties": { "wkt_wgs84": "POINT (16.346408608 50.401496829)", "x_wgs84": 16.346408608000001, "y_wgs84": 50.401496829000003, "country": "Polska", "province": "dolnośląskie", "district": "kłodzki", "municipality": "Lewin Kłodzki", "postcode": "57-343", "object_type": "K01.30.10", "object_type_name": "Zamki", "veracity_score": "good", "accessibility": "full", "state": "poor", "otar_id": "K01.30.10.UQSYQV", "name": "Zamek Homole", "description": "Zamek Homole był średniowieczną warownią położoną na wzgórzu nad doliną Bystrzycy Dusznickiej, strzegącą ważnego traktu z Pragi przez ziemię kłodzką w kierunku Wrocławia. W XV w. został zdobyty przez husytów i później służył m.in. jako siedziba lokalnych możnowładców i rycerzy-rozbójników. Po 1560 r. pozostawał opuszczony i stopniowo niszczał. Obecnie zachowały się jedynie niewielkie relikty murów i fundamentów.", "wikidata": "Q1614407", "wikidata_url": "https://www.wikidata.org/wiki/Q1614407", "wikipedia": "pl:Zamek Homole", "wikipedia_url": "https://pl.wikipedia.org/wiki/Zamek_Homole", "published": "2026-08-14" }, "geometry": { "type": "Point", "coordinates": [ 16.346408608, 50.401496829 ] } },
{ "type": "Feature", "id": 442, "properties": { "wkt_wgs84": "POINT (16.707989 50.887245)", "x_wgs84": 16.707989, "y_wgs84": 50.887245, "country": "Polska", "province": "dolnośląskie", "district": "wrocławski", "municipality": "Sobótka", "postcode": "55-050", "object_type": "K01.30.10", "object_type_name": "Zamki", "veracity_score": "good", "accessibility": "full", "state": "excellent", "otar_id": "K01.30.10.UVQSQ6", "name": "Zamek Górka", "description": "Przebudowany w XIX wieku, powstał z połączenia kościoła, plebanii i pałacu w jeden obiekt. De facto pałac, zwyczajowo nazywany zamkiem z racji formy i wyglądu.", "wikidata": "Q19401164", "wikidata_url": "https://www.wikidata.org/wiki/Q19401164", "wikipedia": "pl:Pałac w Sobótce-Górce", "wikipedia_url": "https://pl.wikipedia.org/wiki/Pa%C5%82ac_w_Sob%C3%B3tce-G%C3%B3rce", "published": "2026-08-14" }, "geometry": { "type": "Point", "coordinates": [ 16.707989, 50.887245 ] } },
{ "type": "Feature", "id": 443, "properties": { "wkt_wgs84": "POINT (19.439679994 49.995976484)", "x_wgs84": 19.439679994, "y_wgs84": 49.995976484000003, "country": "Polska", "province": "małopolskie", "district": "oświęcimski", "municipality": "Zator", "postcode": "32-640", "object_type": "K01.30.10", "object_type_name": "Zamki", "veracity_score": "good", "accessibility": "partial", "state": "excellent", "otar_id": "K01.30.10.UZRE1E", "name": "Zamek w Zatorze", "description": "Zamek w Zatorze wzniesiono w XV w. jako siedzibę książąt zatorskich o funkcjach obronnych. W kolejnych stuleciach był wielokrotnie przebudowywany, a w 1836 r. gruntownie przekształcono go według projektu Franciszka Marii Lanciego, nadając mu charakter neogotyckiej rezydencji. Obecnie zachowany jest w formie pałacowej, pozostaje zabytkiem chronionym i jest częściowo udostępniony zwiedzającym.", "wikidata": "Q9386765", "wikidata_url": "https://www.wikidata.org/wiki/Q9386765", "wikipedia": "pl:Zamek w Zatorze", "wikipedia_url": "https://pl.wikipedia.org/wiki/Zamek_w_Zatorze", "published": "2026-08-14" }, "geometry": { "type": "Point", "coordinates": [ 19.439679994, 49.995976484 ] } },
{ "type": "Feature", "id": 444, "properties": { "wkt_wgs84": "POINT (21.453305509 50.76926533)", "x_wgs84": 21.453305509, "y_wgs84": 50.76926533, "country": "Polska", "province": "świętokrzyskie", "district": "opatowski", "municipality": "Opatów", "postcode": "27-500", "object_type": "K01.30.10", "object_type_name": "Zamki", "veracity_score": "good", "accessibility": "limited", "state": "fair", "otar_id": "K01.30.10.V3ZPLU", "name": "Zamek w Tudorowie", "description": "Ruiny średniowiecznej wieży mieszkalno-obronnej z połowy XIV w. w Tudorowie (świętokrzyskie). Z dawnego założenia zamkowego ocalały mury sięgające 20 metrów. Obiekt to surowa, niezagospodarowana ruina ukryta pośród pól. Ze względu na dzikie otoczenie i trudne dojście, podziwianie budowli z bliska to wyzwanie przeznaczone głównie dla zdeterminowanych eksploratorów.", "wikidata": "Q33506655", "wikidata_url": "https://www.wikidata.org/wiki/Q33506655", "wikipedia": "pl:Zamek w Tudorowie", "wikipedia_url": "https://pl.wikipedia.org/wiki/Zamek_w_Tudorowie", "published": "2026-08-14" }, "geometry": { "type": "Point", "coordinates": [ 21.453305509, 50.76926533 ] } },
{ "type": "Feature", "id": 445, "properties": { "wkt_wgs84": "POINT (21.741353936 54.210452996)", "x_wgs84": 21.741353936, "y_wgs84": 54.210452996000001, "country": "Polska", "province": "warmińsko-mazurskie", "district": "węgorzewski", "municipality": "Węgorzewo", "postcode": "11-600", "object_type": "K01.30.10", "object_type_name": "Zamki", "veracity_score": "good", "accessibility": "partial", "state": "good", "otar_id": "K01.30.10.V7XMJ8", "name": "Zamek w Węgorzewie", "description": "Zamek w Węgorzewie wzniesiono w XIV w. jako gotycką warownię krzyżacką i siedzibę urzędników zakonnych. Założenie miało regularny układ z dziedzińcem, skrzydłami mieszkalnymi i gospodarczymi oraz elementami obronnymi. W kolejnych stuleciach zamek wielokrotnie przebudowywano, zatracając część średniowiecznych cech. Obecnie jest zachowany i użytkowany jako obiekt zabytkowy.", "wikidata": "Q2240052", "wikidata_url": "https://www.wikidata.org/wiki/Q2240052", "wikipedia": "pl:Zamek w Węgorzewie", "wikipedia_url": "https://pl.wikipedia.org/wiki/Zamek_w_W%C4%99gorzewie", "published": "2026-08-14" }, "geometry": { "type": "Point", "coordinates": [ 21.741353936, 54.210452996 ] } },
{ "type": "Feature", "id": 446, "properties": { "wkt_wgs84": "POINT (15.663040052022975 51.01759160074358)", "x_wgs84": 15.663040052022975, "y_wgs84": 51.017591600743579, "country": "Polska", "province": "dolnośląskie", "district": "lwówecki", "municipality": "Wleń", "postcode": "59-610", "object_type": "K01.30.10", "object_type_name": "Zamki", "veracity_score": "good", "accessibility": "full", "state": "fair", "otar_id": "K01.30.10.V91F59", "name": "Zamek Wleń", "description": "Zamek Wleń powstał pod koniec XII w. jako romańska warownia z murem obwodowym i sześciokątną wieżą. W XIII w. rozbudowano go o wieżę mieszkalną, kaplicę i cylindryczny stołp o średnicy ok. 12 m. Kolejne rozbudowy prowadzono w XIV i XVI w. Zamek został wysadzony w 1646 r. podczas wojny trzydziestoletniej. Obecnie zachowany jest jako zabezpieczona ruina z czytelnymi murami i wieżą.", "wikidata": "Q8716748", "wikidata_url": "https://www.wikidata.org/wiki/Q8716748", "wikipedia": "pl:Zamek Wleń", "wikipedia_url": "https://pl.wikipedia.org/wiki/Zamek_Wle%C5%84", "published": "2026-08-14" }, "geometry": { "type": "Point", "coordinates": [ 15.663040052022975, 51.017591600743579 ] } },
{ "type": "Feature", "id": 447, "properties": { "wkt_wgs84": "POINT (16.163158112 51.211265552)", "x_wgs84": 16.163158112000001, "y_wgs84": 51.211265552, "country": "Polska", "province": "dolnośląskie", "district": "Legnica", "municipality": "Legnica", "postcode": "59-220", "object_type": "K01.30.10", "object_type_name": "Zamki", "veracity_score": "good", "accessibility": "full", "state": "excellent", "otar_id": "K01.30.10.VA43G2", "name": "Zamek Piastowski w Legnicy", "description": "Zamek książąt piastowskich został zbudowany w połowie XIII wieku przez księcia Henryka Brodatego na miejscu wcześniejszego grodu. Wielokrotnie przebudowywany i fortyfikowany, był siedzibą Piastów Śląskich do 1675 roku. Po przejściu w ręce prywatne został gruntownie przebudowany po pożarze w 1835 roku i odbudowany po pożarze w 1945 roku. Z dawnego założenia zachowały się dwie wieże i jedno skrzydło oraz renesansowe portale.", "wikidata": "Q9386545", "wikidata_url": "https://www.wikidata.org/wiki/Q9386545", "wikipedia": "pl:Zamek Piastowski w Legnicy", "wikipedia_url": "https://pl.wikipedia.org/wiki/Zamek_Piastowski_w_Legnicy", "published": "2026-08-14" }, "geometry": { "type": "Point", "coordinates": [ 16.163158112, 51.211265552 ] } },
{ "type": "Feature", "id": 448, "properties": { "wkt_wgs84": "POINT (20.182062157 53.234368609)", "x_wgs84": 20.182062157000001, "y_wgs84": 53.234368609000001, "country": "Polska", "province": "warmińsko-mazurskie", "district": "działdowski", "municipality": "Działdowo", "postcode": "13-200", "object_type": "K01.30.10", "object_type_name": "Zamki", "veracity_score": "good", "accessibility": "full", "state": "fair", "otar_id": "K01.30.10.VHEQJ9", "name": "Zamek w Działdowie", "description": "Zamek w Działdowie to gotycka warownia skrzydłowa wzniesiona przez Zakon Krzyżacki w latach 1344-1391. Usytuowany na bagnistym pograniczu krzyżacko-mazowieckim, obiekt pełnił kluczową rolę militarną, zabezpieczając południowe rubieże państwa zakonnego, oraz administracyjną jako siedziba prokuratora. Obecnie zamek w Działdowie prezentuje się jako częściowo zrekonstruowana, trwała ruina.", "wikidata": "Q9386628", "wikidata_url": "https://www.wikidata.org/wiki/Q9386628", "wikipedia": "pl:Zamek w Działdowie", "wikipedia_url": "https://pl.wikipedia.org/wiki/Zamek_w_Dzia%C5%82dowie", "published": "2026-08-14" }, "geometry": { "type": "Point", "coordinates": [ 20.182062157, 53.234368609 ] } },
{ "type": "Feature", "id": 449, "properties": { "wkt_wgs84": "POINT (16.527828854 50.898961942)", "x_wgs84": 16.527828854, "y_wgs84": 50.898961942, "country": "Polska", "province": "dolnośląskie", "district": "świdnicki", "municipality": "Świdnica", "postcode": "58-100", "object_type": "K01.30.10", "object_type_name": "Zamki", "veracity_score": "fair", "accessibility": "partial", "state": "fair", "otar_id": "K01.30.10.VPDVSQ", "name": "Zamek w Pankowie", "description": "Ruiny zamku w Pankowie to jeden z najbardziej malowniczych, a zarazem tajemniczych zabytków regionu. Ta dawna rezydencja obronna, wzniesiona pierwotnie jako gotyckie założenie nawodne (tzw. zamek na wodzie), uległa zniszczeniu pod koniec II wojny światowej i od tamtej pory pozostaje w stanie zabezpieczonej ruiny. Przybywających na miejsce uderza przede wszystkim malownicze położenie obiektu.", "wikidata": "Q19632308", "wikidata_url": "https://www.wikidata.org/wiki/Q19632308", "wikipedia": "pl:Zamek w Pankowie", "wikipedia_url": "https://pl.wikipedia.org/wiki/Zamek_w_Pankowie", "published": "2026-08-14" }, "geometry": { "type": "Point", "coordinates": [ 16.527828854, 50.898961942 ] } },
{ "type": "Feature", "id": 450, "properties": { "wkt_wgs84": "POINT (18.730894256 53.646204074)", "x_wgs84": 18.730894256, "y_wgs84": 53.646204074000003, "country": "Polska", "province": "kujawsko-pomorskie", "district": "świecki", "municipality": "Nowe", "postcode": "86-170", "object_type": "K01.30.10", "object_type_name": "Zamki", "veracity_score": "fair", "accessibility": "partial", "state": "fair", "otar_id": "K01.30.10.VWJUFZ", "name": "Zamek w Nowem", "description": "Wznoszący się na wysokiej skarpie doliny Wisły zamek w Nowem to cenny zabytek architektury militarnej, wzniesiony przez Zakon Krzyżacki w połowie XIV wieku. Budowę murowanej warowni rozpoczęto około 1350 roku w miejscu wcześniejszego pomorskiego grodu kasztelańskiego, w celu zabezpieczenia strategicznego szlaku wodnego na Wiśle oraz kontroli pogranicza pomorsko-kujawskiego. Konstrukcja zamku została wkomponowana w północno-wschodni narożnik miejskich murów obronnych Nowego.", "wikidata": "Q9386690", "wikidata_url": "https://www.wikidata.org/wiki/Q9386690", "wikipedia": "pl:Zamek w Nowem nad Wisłą", "wikipedia_url": "https://pl.wikipedia.org/wiki/Zamek_w_Nowem_nad_Wis%C5%82%C4%85", "published": "2026-08-14" }, "geometry": { "type": "Point", "coordinates": [ 18.730894256, 53.646204074 ] } },
{ "type": "Feature", "id": 451, "properties": { "wkt_wgs84": "POINT (18.921565420645404 53.73620455957524)", "x_wgs84": 18.921565420645404, "y_wgs84": 53.736204559575242, "country": "Polska", "province": "pomorskie", "district": "kwidzyński", "municipality": "Kwidzyn", "postcode": "82-500", "object_type": "K01.30.10", "object_type_name": "Zamki", "veracity_score": "good", "accessibility": "full", "state": "excellent", "otar_id": "K01.30.10.VY1KSU", "name": "Zamek w Kwidzynie", "description": "Zamek w Kwidzynie wzniesiono w pierwszej połowie XIV w. jako gotycką siedzibę kapituły pomezańskiej. Czteroskrzydłowe założenie na planie zbliżonym do kwadratu miało narożne wieże, dwukondygnacyjne krużganki, przedzamcze i fosę. Charakterystycznym elementem jest wysunięte gdanisko połączone z zamkiem krytym gankiem. Obecnie zamek jest dobrze zachowany, tworzy z katedrą pomnik historii i mieści muzeum.", "wikidata": "Q9386667", "wikidata_url": "https://www.wikidata.org/wiki/Q9386667", "wikipedia": "pl:Zamek w Kwidzynie", "wikipedia_url": "https://pl.wikipedia.org/wiki/Zamek_w_Kwidzynie", "published": "2026-08-14" }, "geometry": { "type": "Point", "coordinates": [ 18.921565420645404, 53.736204559575242 ] } },
{ "type": "Feature", "id": 452, "properties": { "wkt_wgs84": "POINT (19.399382464 53.257937248)", "x_wgs84": 19.399382464, "y_wgs84": 53.257937247999998, "country": "Polska", "province": "kujawsko-pomorskie", "district": "brodnicki", "municipality": "Brodnica", "postcode": "87-300", "object_type": "K01.30.10", "object_type_name": "Zamki", "veracity_score": "good", "accessibility": "full", "state": "fair", "otar_id": "K01.30.10.VYC8G5", "name": "Zamek w Brodnicy", "description": "Ruiny Zamku Krzyżackiego w Brodnicy. Wznoszące się nad doliną rzeki Drwęcy ruiny zamku w Brodnicy to jedna z najważniejszych pozostałości po potędze militarnej zakonu krzyżackiego w regionie Ziemi Michałowskiej. Budowę tej potężnej, gotyckiej twierdzy rozpoczęto około 1305 roku. Przed kompletnym zniszczeniem uchronił go dekret królewski z 1842 roku, nakazujący zachowanie unikalnej wieży.", "wikidata": "Q9386610", "wikidata_url": "https://www.wikidata.org/wiki/Q9386610", "wikipedia": "pl:Zamek w Brodnicy", "wikipedia_url": "https://pl.wikipedia.org/wiki/Zamek_w_Brodnicy", "published": "2026-08-14" }, "geometry": { "type": "Point", "coordinates": [ 19.399382464, 53.257937248 ] } },
{ "type": "Feature", "id": 453, "properties": { "wkt_wgs84": "POINT (16.666362361 50.148050175)", "x_wgs84": 16.666362361000001, "y_wgs84": 50.148050175000002, "country": "Polska", "province": "dolnośląskie", "district": "kłodzki", "municipality": "Międzylesie", "postcode": "57-530", "object_type": "K01.30.10", "object_type_name": "Zamki", "veracity_score": "good", "accessibility": "full", "state": "excellent", "otar_id": "K01.30.10.VYZEUC", "name": "Zamek w Międzylesiu", "description": "Zamek w Międzylesiu powstał w średniowieczu jako siedziba rycerska, a w XVI w. został przebudowany w renesansową rezydencję. Założenie rozbudowywano w kolejnych stuleciach, tworząc wieloskrzydłowy zespół z dziedzińcem, wieżą i reprezentacyjnymi wnętrzami. W architekturze widoczne są elementy renesansowe i barokowe. Obecnie zamek jest zachowany, użytkowany i pełni funkcje hotelowe oraz turystyczne.", "wikidata": "Q9386681", "wikidata_url": "https://www.wikidata.org/wiki/Q9386681", "wikipedia": "pl:Zamek w Międzylesiu", "wikipedia_url": "https://pl.wikipedia.org/wiki/Zamek_w_Mi%C4%99dzylesiu", "published": "2026-08-14" }, "geometry": { "type": "Point", "coordinates": [ 16.666362361, 50.148050175 ] } },
{ "type": "Feature", "id": 454, "properties": { "wkt_wgs84": "POINT (17.73937817 53.005062038)", "x_wgs84": 17.73937817, "y_wgs84": 53.005062037999998, "country": "Polska", "province": "kujawsko-pomorskie", "district": "nakielski", "municipality": "Szubin", "postcode": "89-200", "object_type": "K01.30.10", "object_type_name": "Zamki", "veracity_score": "good", "accessibility": "full", "state": "fair", "otar_id": "K01.30.10.W5TMQA", "name": "Zamek w Szubinie", "description": "Zamek w Szubinie wzniesiono w drugiej połowie XIV w. jako gotycką warownię rycerską. Założenie miało plan zbliżony do kwadratu o boku ok. 42 m i obejmowało rozległą wieżę mieszkalną o boku ok. 17,5 m, mury obronne oraz budynek bramny. W XVII–XVIII w. przekształcono go w rezydencję manierystyczną, a następnie barokową. Obecnie zachowany jest w formie ruin z murami dochodzącymi do ok. 7 m wysokości, poddawanych rewitalizacji.", "wikidata": "Q9386748", "wikidata_url": "https://www.wikidata.org/wiki/Q9386748", "wikipedia": "pl:Zamek w Szubinie", "wikipedia_url": "https://pl.wikipedia.org/wiki/Zamek_w_Szubinie", "published": "2026-08-14" }, "geometry": { "type": "Point", "coordinates": [ 17.73937817, 53.005062038 ] } },
{ "type": "Feature", "id": 455, "properties": { "wkt_wgs84": "POINT (14.384066047003952 53.129630623722576)", "x_wgs84": 14.384066047003952, "y_wgs84": 53.129630623722576, "country": "Polska", "province": "zachodniopomorskie", "district": "gryfiński", "municipality": "Widuchowa", "postcode": "74-120", "object_type": "K01.30.10", "object_type_name": "Zamki", "veracity_score": "good", "accessibility": "limited", "state": "poor", "otar_id": "K01.30.10.W662EN", "name": "Zamek Widuchowa", "description": "Zamek w Widuchowej wzmiankowano wraz z komorą celną już w 1159 r. W 1700 r. Wulffowie, ówcześni właściciele miasta, wznieśli w tym miejscu nowy zamek obronny, który został zniszczony w 1730 r. Obecnie zachowały się jedynie relikty dawnego założenia, położone nad brzegiem Odry, około 200 m za kościołem.", "wikidata": "n/a", "wikidata_url": "n/a", "wikipedia": "n/a", "wikipedia_url": "n/a", "published": "2026-08-14" }, "geometry": { "type": "Point", "coordinates": [ 14.384066047003952, 53.129630623722576 ] } },
{ "type": "Feature", "id": 456, "properties": { "wkt_wgs84": "POINT (17.377447466 51.209147206)", "x_wgs84": 17.377447466, "y_wgs84": 51.209147205999997, "country": "Polska", "province": "dolnośląskie", "district": "oleśnicki", "municipality": "Oleśnica", "postcode": "56-400", "object_type": "K01.30.10", "object_type_name": "Zamki", "veracity_score": "good", "accessibility": "full", "state": "excellent", "otar_id": "K01.30.10.W6A8XY", "name": "Zamek Książąt Oleśnickich w Oleśnicy", "description": "Powstał w średniowieczu jako siedziba książąt oleśnickich, a w XVI w. został rozbudowany w reprezentacyjną rezydencję renesansową. Założenie obejmuje wieloskrzydłowy korpus z dziedzińcem, wieżami, krużgankami i bogatym detalem architektonicznym. W kolejnych stuleciach zamek był przebudowywany i modernizowany. Obecnie jest dobrze zachowany i pełni funkcje edukacyjne, kulturalne oraz turystyczne.", "wikidata": "Q9386595", "wikidata_url": "https://www.wikidata.org/wiki/Q9386595", "wikipedia": "pl:Zamek Książęcy w Oleśnicy", "wikipedia_url": "https://pl.wikipedia.org/wiki/Zamek_Ksi%C4%85%C5%BC%C4%99cy_w_Ole%C5%9Bnicy", "published": "2026-08-14" }, "geometry": { "type": "Point", "coordinates": [ 17.377447466, 51.209147206 ] } },
{ "type": "Feature", "id": 457, "properties": { "wkt_wgs84": "POINT (18.633735515 49.850423599)", "x_wgs84": 18.633735515000001, "y_wgs84": 49.850423599000003, "country": "Polska", "province": "śląskie", "district": "cieszyński", "municipality": "Zebrzydowice", "postcode": "43-410", "object_type": "K01.30.10", "object_type_name": "Zamki", "veracity_score": "good", "accessibility": "partial", "state": "excellent", "otar_id": "K01.30.10.W8UZZS", "name": "Zamek w Kończycach Małych", "description": "Zamek w Kończycach Małych to renesansowa budowla na Śląsku Cieszyńskim z końca XIV wieku. Ze względu na unikalny dziedziniec arkadowy nazywany jest „Cieszyńskim Wawelem”. Otacza go malowniczy park w stylu angielskim i stawy. Obecnie w jego wnętrzach działają hotel, restauracja oraz Izba Regionalna.", "wikidata": "Q9386662", "wikidata_url": "https://www.wikidata.org/wiki/Q9386662", "wikipedia": "pl:Zamek w Kończycach Małych", "wikipedia_url": "https://pl.wikipedia.org/wiki/Zamek_w_Ko%C5%84czycach_Ma%C5%82ych", "published": "2026-08-14" }, "geometry": { "type": "Point", "coordinates": [ 18.633735515, 49.850423599 ] } },
{ "type": "Feature", "id": 458, "properties": { "wkt_wgs84": "POINT (18.803298739 52.234108707)", "x_wgs84": 18.803298739, "y_wgs84": 52.234108706999997, "country": "Polska", "province": "wielkopolskie", "district": "kolski", "municipality": "Grzegorzew", "postcode": "62-640", "object_type": "K01.30.10", "object_type_name": "Zamki", "veracity_score": "good", "accessibility": "limited", "state": "fair", "otar_id": "K01.30.10.WCAQAV", "name": "Zamek w Borysławicach Zamkowych", "description": "Zamek w Borysławicach Zamkowych wzniesiono od ok. 1425 r. jako gotycką rezydencję biskupią. Tworzyły go dwa równoległe, trzykondygnacyjne budynki mieszkalne w obrębie murów o wymiarach ok. 21,4 × 25 m, z dziedzińcem, bramą i narożną wieżyczką. W XV–XVI w. rozbudowano przedbramie, wieżę i zewnętrzny obwód murów. Po zniszczeniu w 1656 r. popadł w ruinę. Obecnie zachowały się fragmenty wieży bramnej, przedbramia i murów zabudowy.", "wikidata": "Q9386606", "wikidata_url": "https://www.wikidata.org/wiki/Q9386606", "wikipedia": "pl:Zamek w Borysławicach Zamkowych", "wikipedia_url": "https://pl.wikipedia.org/wiki/Zamek_w_Borys%C5%82awicach_Zamkowych", "published": "2026-08-14" }, "geometry": { "type": "Point", "coordinates": [ 18.803298739, 52.234108707 ] } },
{ "type": "Feature", "id": 459, "properties": { "wkt_wgs84": "POINT (16.003617039 50.90431318)", "x_wgs84": 16.003617039000002, "y_wgs84": 50.90431318, "country": "Polska", "province": "dolnośląskie", "district": "jaworski", "municipality": "Bolków", "postcode": "59-420", "object_type": "K01.30.10", "object_type_name": "Zamki", "veracity_score": "fair", "accessibility": "limited", "state": "fair", "otar_id": "K01.30.10.WCDHWT", "name": "Zamek Niesytno", "description": "Zamek Niesytno w Płoninie powstał prawdopodobnie w drugiej połowie XIV lub na początku XV w. Jego charakterystycznym elementem jest wieloboczna wieża typu donżon z ostrzem, poniżej której wzniesiono dwu- i trzykondygnacyjny dom zamkowy. Od XVI w. obiekt pełnił głównie funkcje gospodarcze. Obecnie zamek jest częściowo zachowaną ruiną, od 2012 r. poddawaną pracom rekonstrukcyjnym i zabezpieczającym.", "wikidata": "Q7031886", "wikidata_url": "https://www.wikidata.org/wiki/Q7031886", "wikipedia": "pl:Zamek Niesytno", "wikipedia_url": "https://pl.wikipedia.org/wiki/Zamek_Niesytno", "published": "2026-08-14" }, "geometry": { "type": "Point", "coordinates": [ 16.003617039, 50.90431318 ] } },
{ "type": "Feature", "id": 460, "properties": { "wkt_wgs84": "POINT (18.953756072 53.520127549)", "x_wgs84": 18.953756072000001, "y_wgs84": 53.520127549000001, "country": "Polska", "province": "kujawsko-pomorskie", "district": "grudziądzki", "municipality": "Rogóźno", "postcode": "86-318", "object_type": "K01.30.10", "object_type_name": "Zamki", "veracity_score": "good", "accessibility": "limited", "state": "fair", "otar_id": "K01.30.10.WCZXHD", "name": "Zamek w Rogóźnie", "description": "Zamek w Rogóźnie wzniesiono w XIII w. jako gotycką warownię krzyżacką, rozbudowaną z drewniano-ziemnej strażnicy. Zespół składał się z zamku górnego, przedzamcza wewnętrznego i rozległego przedzamcza zewnętrznego, otoczonych murami, basztami i fosami; zachowała się także wieża bramna. Po zniszczeniach XVII w. i rozbiórce w XVIII w. pozostał częściowo w ruinie. Obecnie jest własnością prywatną.", "wikidata": "Q29975541", "wikidata_url": "https://www.wikidata.org/wiki/Q29975541", "wikipedia": "n/a", "wikipedia_url": "n/a", "published": "2026-08-14" }, "geometry": { "type": "Point", "coordinates": [ 18.953756072, 53.520127549 ] } },
{ "type": "Feature", "id": 461, "properties": { "wkt_wgs84": "POINT (16.09750171 50.921175627)", "x_wgs84": 16.09750171, "y_wgs84": 50.921175626999997, "country": "Polska", "province": "dolnośląskie", "district": "jaworski", "municipality": "Bolków", "postcode": "59-420", "object_type": "K01.30.10", "object_type_name": "Zamki", "veracity_score": "good", "accessibility": "full", "state": "fair", "otar_id": "K01.30.10.WFPHQJ", "name": "Zamek Bolków", "description": "Zamek w Bolkowie powstał w XIII w. jako książęca warownia obronna, rozbudowywana w kolejnych stuleciach. Charakterystycznym elementem jest wysoka wieża o planie zbliżonym do kropli, otoczona murami i zabudową mieszkalną. W XVI w. zamek zmodernizowano, wzmacniając jego system obronny. Po późniejszych zniszczeniach częściowo popadł w ruinę. Obecnie jest zabezpieczony, mieści muzeum i jest udostępniony zwiedzającym.", "wikidata": "Q891409", "wikidata_url": "https://www.wikidata.org/wiki/Q891409", "wikipedia": "pl:Zamek w Bolkowie", "wikipedia_url": "https://pl.wikipedia.org/wiki/Zamek_w_Bolkowie", "published": "2026-08-14" }, "geometry": { "type": "Point", "coordinates": [ 16.09750171, 50.921175627 ] } },
{ "type": "Feature", "id": 462, "properties": { "wkt_wgs84": "POINT (20.469222 49.917548)", "x_wgs84": 20.469222, "y_wgs84": 49.917548, "country": "Polska", "province": "małopolskie", "district": "bocheński", "municipality": "Nowy Wiśnicz", "postcode": "32-720", "object_type": "K01.30.10", "object_type_name": "Zamki", "veracity_score": "good", "accessibility": "full", "state": "excellent", "otar_id": "K01.30.10.WHFCBC", "name": "Zamek w Wiśniczu", "description": "Zamek w Wiśniczu wzniesiono w drugiej połowie XIV w., a w latach 1615–1621 gruntownie przebudowano w jedną z najokazalszych wczesnobarokowych rezydencji obronnych Rzeczypospolitej. Czteroskrzydłowy korpus z dziedzińcem i narożnymi basztami otaczają pięcioboczne fortyfikacje bastionowe. Zachowały się m.in. loggia, portale, kaplica i historyczne wnętrza. Obecnie zamek jest odrestaurowany i udostępniony zwiedzającym.", "wikidata": "Q6334063", "wikidata_url": "https://www.wikidata.org/wiki/Q6334063", "wikipedia": "pl:Zamek w Wiśniczu", "wikipedia_url": "https://pl.wikipedia.org/wiki/Zamek_w_Wi%C5%9Bniczu", "published": "2026-08-14" }, "geometry": { "type": "Point", "coordinates": [ 20.469222, 49.917548 ] } },
{ "type": "Feature", "id": 463, "properties": { "wkt_wgs84": "POINT (15.570949444 50.918691327)", "x_wgs84": 15.570949444, "y_wgs84": 50.918691326999998, "country": "Polska", "province": "dolnośląskie", "district": "karkonoski", "municipality": "Stara Kamienica", "postcode": "58-512", "object_type": "K01.30.10", "object_type_name": "Zamki", "veracity_score": "good", "accessibility": "full", "state": "fair", "otar_id": "K01.30.10.WND6XY", "name": "Zamek w Starej Kamienicy", "description": "Zamek w Starej Kamienicy wzniesiono z kamienia na planie zbliżonym do prostokąta 37 × 55 m. W XVI w. przebudowano go w stylu renesansowym; miał dwa skrzydła, basztę, dziedziniec z krużgankiem, fosę i kamienny most. Po pożarze w 1757 r. nie został odbudowany i popadł w ruinę. Obecnie zachowały się wieża, fundamenty, piwnice i most; część elementów zrekonstruowano, a ruiny są udostępnione do zwiedzania.", "wikidata": "Q19722270", "wikidata_url": "https://www.wikidata.org/wiki/Q19722270", "wikipedia": "pl:Zamek w Starej Kamienicy", "wikipedia_url": "https://pl.wikipedia.org/wiki/Zamek_w_Starej_Kamienicy", "published": "2026-08-14" }, "geometry": { "type": "Point", "coordinates": [ 15.570949444, 50.918691327 ] } },
{ "type": "Feature", "id": 464, "properties": { "wkt_wgs84": "POINT (23.524181 51.04026)", "x_wgs84": 23.524181, "y_wgs84": 51.04026, "country": "Polska", "province": "lubelskie", "district": "chełmski", "municipality": "Leśniowice", "postcode": "22-122", "object_type": "K01.30.10", "object_type_name": "Zamki", "veracity_score": "good", "accessibility": "limited", "state": "poor", "otar_id": "K01.30.10.WP4JZC", "name": "Zamek w Sielcu", "description": "Zamek w Sielcu wzniesiono w pierwszej połowie XVII w. jako późnorenesansową rezydencję o charakterze obronnym. Założenie miało plan czworoboku z wewnętrznym dziedzińcem, narożnymi wieżami oraz fosą. W kolejnych stuleciach obiekt był przebudowywany i stopniowo tracił funkcje militarne. Obecnie zamek zachował historyczną bryłę i część dawnych elementów architektonicznych, pozostając cennym zabytkiem rezydencjonalnym.", "wikidata": "Q19754420", "wikidata_url": "https://www.wikidata.org/wiki/Q19754420", "wikipedia": "pl:Zamek w Sielcu", "wikipedia_url": "https://pl.wikipedia.org/wiki/Zamek_w_Sielcu", "published": "2026-08-14" }, "geometry": { "type": "Point", "coordinates": [ 23.524181, 51.04026 ] } },
{ "type": "Feature", "id": 465, "properties": { "wkt_wgs84": "POINT (15.977798336 51.127009428)", "x_wgs84": 15.977798336, "y_wgs84": 51.127009428000001, "country": "Polska", "province": "dolnośląskie", "district": "złotoryjski", "municipality": "Złotoryja", "postcode": "59-500", "object_type": "K01.30.10", "object_type_name": "Zamki", "veracity_score": "fair", "accessibility": "full", "state": "poor", "otar_id": "K01.30.10.WPUT45", "name": "Zamek w Rokitnicy", "description": "Wznoszące się w pobliżu wsi Rokitnica ruiny zamku  znanego w literaturze również jako zamek w Rokitnicy (niem. Rokitnitz) lub zamek Rochusburg  to pozostałości po urokliwej, choć dziś mocno zapomnianej warowni z okresu średniowiecza. Obiekt został wzniesiony na przełomie XIII i XIV wieku, a jego fundację przypisuje się najczęściej książętom jaworsko-świdnickim lub legnickim, którzy wznosili sieć mniejszych strażnic dla ochrony lokalnych szlaków handlowych oraz granic swoich posiadłości.", "wikidata": "Q9386727", "wikidata_url": "https://www.wikidata.org/wiki/Q9386727", "wikipedia": "pl:Zamek w Rokitnicy", "wikipedia_url": "https://pl.wikipedia.org/wiki/Zamek_w_Rokitnicy", "published": "2026-08-14" }, "geometry": { "type": "Point", "coordinates": [ 15.977798336, 51.127009428 ] } },
{ "type": "Feature", "id": 466, "properties": { "wkt_wgs84": "POINT (19.829904 50.211668)", "x_wgs84": 19.829904, "y_wgs84": 50.211668, "country": "Polska", "province": "małopolskie", "district": "krakowski", "municipality": "Skała", "postcode": "32-047", "object_type": "K01.30.10", "object_type_name": "Zamki", "veracity_score": "good", "accessibility": "full", "state": "fair", "otar_id": "K01.30.10.WSM24X", "name": "Zamek w Ojcowie", "description": "Zamek w Ojcowie wzniesiono w XIV w. z inicjatywy Kazimierza Wielkiego jako królewską warownię strzegącą szlaku przez Dolinę Prądnika. Założenie obejmowało mury obronne, zabudowę mieszkalną, bramę oraz wysoką wieżę. W kolejnych stuleciach zamek przebudowywano, lecz od XVIII w. stopniowo popadał w ruinę. Obecnie zachowały się m.in. wieża bramna, fragmenty murów i relikty zabudowy; ruiny są udostępnione turystycznie.", "wikidata": "Q1013422", "wikidata_url": "https://www.wikidata.org/wiki/Q1013422", "wikipedia": "pl:Zamek w Ojcowie", "wikipedia_url": "https://pl.wikipedia.org/wiki/Zamek_w_Ojcowie", "published": "2026-08-14" }, "geometry": { "type": "Point", "coordinates": [ 19.829904, 50.211668 ] } },
{ "type": "Feature", "id": 467, "properties": { "wkt_wgs84": "POINT (18.147005 51.296001)", "x_wgs84": 18.147005, "y_wgs84": 51.296001, "country": "Polska", "province": "łódzkie", "district": "wieruszowski", "municipality": "Wieruszów", "postcode": "98-400", "object_type": "K01.30.10", "object_type_name": "Zamki", "veracity_score": "fair", "accessibility": "full", "state": "poor", "otar_id": "K01.30.10.WWU8MQ", "name": "Zamek w Wieruszowie", "description": "Zamek w Wieruszowie powstał prawdopodobnie w XIV wieku jako gotycka warownia rodu Wieruszów. W XVI wieku w jego miejscu wzniesiono renesansową rezydencję, a po kolejnych zniszczeniach zamek ostatecznie rozebrano w XX wieku. Dziś zachowały się jedynie relikty fundamentów i fosy.", "wikidata": "n/a", "wikidata_url": "n/a", "wikipedia": "n/a", "wikipedia_url": "n/a", "published": "2026-08-14" }, "geometry": { "type": "Point", "coordinates": [ 18.147005, 51.296001 ] } },
{ "type": "Feature", "id": 468, "properties": { "wkt_wgs84": "POINT (18.811917883 50.440469698)", "x_wgs84": 18.811917883, "y_wgs84": 50.440469698000001, "country": "Polska", "province": "śląskie", "district": "tarnogórski", "municipality": "Tarnowskie Góry", "postcode": "42-612", "object_type": "K01.30.10", "object_type_name": "Zamki", "veracity_score": "good", "accessibility": "full", "state": "excellent", "otar_id": "K01.30.10.WWYHGB", "name": "Zamek w Starych Tarnowicach", "description": "Zamek w Starych Tarnowicach to jeden z najpiękniejszych i najlepiej odrestaurowanych obiektów rezydencjonalno-obronnych w regionie. Choć potocznie nazywany zamkiem, architektonicznie reprezentuje typ klasycznego, renesansowego dworu obronnego. Początki murowanego założenia sięgają lat 1520-1525, kiedy to rycerz Piotr Wrochem wzniósł nową siedzibę rodową w miejscu wcześniejszego, średniowiecznego gródka stożkowatego.", "wikidata": "Q9386741", "wikidata_url": "https://www.wikidata.org/wiki/Q9386741", "wikipedia": "pl:Zamek w Starych Tarnowicach", "wikipedia_url": "https://pl.wikipedia.org/wiki/Zamek_w_Starych_Tarnowicach", "published": "2026-08-14" }, "geometry": { "type": "Point", "coordinates": [ 18.811917883, 50.440469698 ] } },
{ "type": "Feature", "id": 469, "properties": { "wkt_wgs84": "POINT (16.248752564 50.848254894)", "x_wgs84": 16.248752564, "y_wgs84": 50.848254894, "country": "Polska", "province": "dolnośląskie", "district": "wałbrzyski", "municipality": "Stare Bogaczowice", "postcode": "58-160", "object_type": "K01.30.10", "object_type_name": "Zamki", "veracity_score": "good", "accessibility": "full", "state": "fair", "otar_id": "K01.30.10.WZZSST", "name": "Zamek Cisy", "description": "Zamek Cisy wzniesiono w XIII–XIV w. jako górską warownię rycerską. Założenie obejmowało zamek górny z zabudową mieszkalną, mury obronne, wieżę oraz przedzamcze, a jego układ dostosowano do skalistego wzniesienia. W kolejnych stuleciach zamek tracił znaczenie i popadł w ruinę. Obecnie zachowały się fragmenty murów, wieży i zabudowy, tworzące zabezpieczoną ruinę dostępną turystycznie.", "wikidata": "Q1011358", "wikidata_url": "https://www.wikidata.org/wiki/Q1011358", "wikipedia": "pl:Zamek Cisy", "wikipedia_url": "https://pl.wikipedia.org/wiki/Zamek_Cisy", "published": "2026-08-14" }, "geometry": { "type": "Point", "coordinates": [ 16.248752564, 50.848254894 ] } },
{ "type": "Feature", "id": 470, "properties": { "wkt_wgs84": "POINT (19.601690364 49.746091467)", "x_wgs84": 19.601690364, "y_wgs84": 49.746091467, "country": "Polska", "province": "małopolskie", "district": "suski", "municipality": "Sucha Beskidzka", "postcode": "34-200", "object_type": "K01.30.10", "object_type_name": "Zamki", "veracity_score": "good", "accessibility": "full", "state": "excellent", "otar_id": "K01.30.10.X18DHM", "name": "Zamek w Suchej Beskidzkiej", "description": "Zamek w Suchej Beskidzkiej, ze względu na swoją wyjątkową architekturę powszechnie nazywany „Małym Wawelem”, to jeden z najpiękniejszych i najlepiej zachowanych renesansowych obiektów rezydencjonalnych w Polsce. Usytuowany u stóp góry Jasień, stanowi serce kulturalne i historyczne całego regionu. Początki budowli sięgają połowy XVI wieku, kiedy to Kasper Castiglione (krakowski złotnik włoskiego pochodzenia, który przyjął nazwisko Suski) wzniósł w tym miejscu niewielki, kamienny dwór obronny.", "wikidata": "Q9386745", "wikidata_url": "https://www.wikidata.org/wiki/Q9386745", "wikipedia": "pl:Zamek w Suchej Beskidzkiej", "wikipedia_url": "https://pl.wikipedia.org/wiki/Zamek_w_Suchej_Beskidzkiej", "published": "2026-08-14" }, "geometry": { "type": "Point", "coordinates": [ 19.601690364, 49.746091467 ] } },
{ "type": "Feature", "id": 471, "properties": { "wkt_wgs84": "POINT (17.451385973 51.82427593)", "x_wgs84": 17.451385973000001, "y_wgs84": 51.82427593, "country": "Polska", "province": "wielkopolskie", "district": "krotoszyński", "municipality": "Koźmin Wielkopolski", "postcode": "63-720", "object_type": "K01.30.10", "object_type_name": "Zamki", "veracity_score": "good", "accessibility": "full", "state": "excellent", "otar_id": "K01.30.10.XG3QB7", "name": "Zamek w Koźminie Wielkopolskim", "description": "Zamek w Koźminie Wielkopolskim to jedna z najlepiej zachowanych rezydencji możnowładczych w regionie, łącząca gotyckie początki z renesansową formą pałacową. Murowaną warownię obronną wzniesiono w pierwszej połowie XIV wieku z inicjatywy Maćka Borkowica, ówczesnego starosty wielkopolskiego. Pierwotne założenie miało charakter gotyckiego zamku nizinnego na planie czworoboku, otoczonego fosą i zasilanego wodami rzeki Orli, z charakterystyczną wieżą obronną w narożniku.", "wikidata": "Q33001613", "wikidata_url": "https://www.wikidata.org/wiki/Q33001613", "wikipedia": "pl:Zamek w Koźminie Wielkopolskim", "wikipedia_url": "https://pl.wikipedia.org/wiki/Zamek_w_Ko%C5%BAminie_Wielkopolskim", "published": "2026-08-14" }, "geometry": { "type": "Point", "coordinates": [ 17.451385973, 51.82427593 ] } },
{ "type": "Feature", "id": 472, "properties": { "wkt_wgs84": "POINT (19.203509864 52.05899621)", "x_wgs84": 19.203509864000001, "y_wgs84": 52.05899621, "country": "Polska", "province": "łódzkie", "district": "łęczycki", "municipality": "Łęczyca", "postcode": "99-100", "object_type": "K01.30.10", "object_type_name": "Zamki", "veracity_score": "good", "accessibility": "full", "state": "excellent", "otar_id": "K01.30.10.XR55GB", "name": "Zamek w Łęczycy", "description": "Wzniesiony w XIV w. z inicjatywy Kazimierza Wielkiego. Ceglana warownia na planie nieregularnego czworoboku miała ok. 2600 m² powierzchni, 10-metrowe mury, ośmioboczną Wieżę Szlachecką, wieżę bramną i zabudowę mieszkalną. W XVI w. została rozbudowana o tzw. Dom Nowy. Obecnie zamek jest częściowo zrekonstruowany, mieści Muzeum w Łęczycy i jest udostępniony zwiedzającym.", "wikidata": "Q4258675", "wikidata_url": "https://www.wikidata.org/wiki/Q4258675", "wikipedia": "pl:Zamek Królewski w Łęczycy", "wikipedia_url": "https://pl.wikipedia.org/wiki/Zamek_Kr%C3%B3lewski_w_%C5%81%C4%99czycy", "published": "2026-08-14" }, "geometry": { "type": "Point", "coordinates": [ 19.203509864, 52.05899621 ] } },
{ "type": "Feature", "id": 473, "properties": { "wkt_wgs84": "POINT (22.503449502 52.682307879)", "x_wgs84": 22.503449502, "y_wgs84": 52.682307879, "country": "Polska", "province": "podlaskie", "district": "wysokomazowiecki", "municipality": "Ciechanowiec", "postcode": "18-230", "object_type": "K01.30.10", "object_type_name": "Zamki", "veracity_score": "fair", "accessibility": "full", "state": "poor", "otar_id": "K01.30.10.XRLGHP", "name": "Zamek w Ciechanowcu", "description": "Zamek w Ciechanowcu wzniesiono w połowie XVI w. z inicjatywy Piotra Kiszki jako murowaną rezydencję obronną nad Nurcem. W latach 1617–1642 założenie wzmocniono rozbudowanymi murami obronnymi. Po zniszczeniach potopu częściowo odbudowano je jako rezydencję Ossolińskich. W 1915 r. zabudowania zostały zniszczone przez wojska rosyjskie. Obecnie zachowały się jedynie fundamenty, fragmenty murów i fosa.", "wikidata": "n/a", "wikidata_url": "n/a", "wikipedia": "pl:Zamek w Ciechanowcu", "wikipedia_url": "https://pl.wikipedia.org/wiki/Zamek_w_Ciechanowcu", "published": "2026-08-14" }, "geometry": { "type": "Point", "coordinates": [ 22.503449502, 52.682307879 ] } },
{ "type": "Feature", "id": 474, "properties": { "wkt_wgs84": "POINT (16.455058953 50.506139298)", "x_wgs84": 16.455058953000002, "y_wgs84": 50.506139298000001, "country": "Polska", "province": "dolnośląskie", "district": "kłodzki", "municipality": "Radków", "postcode": "57-411", "object_type": "K01.30.10", "object_type_name": "Zamki", "veracity_score": "good", "accessibility": "limited", "state": "bad", "otar_id": "K01.30.10.XTCGYT", "name": "Zamek w Ratnie Dolnym", "description": "Ruiny zamku w Ratnie Dolnym to malownicze, choć zaniedbane pozostałości renesansowej budowli z XVI wieku, wzniesionej na wcześniejszych założeniach obronnych. Charakterystyczna sylwetka z wieżą góruje nad okolicą, przypominając o dawnej świetności. Niestety, po pożarze w 1998 roku obiekt popadł w ruinę.", "wikidata": "Q2242703", "wikidata_url": "https://www.wikidata.org/wiki/Q2242703", "wikipedia": "pl:Zamek w Ratnie Dolnym", "wikipedia_url": "https://pl.wikipedia.org/wiki/Zamek_w_Ratnie_Dolnym", "published": "2026-08-14" }, "geometry": { "type": "Point", "coordinates": [ 16.455058953, 50.506139298 ] } },
{ "type": "Feature", "id": 475, "properties": { "wkt_wgs84": "POINT (18.489465791 53.718690446)", "x_wgs84": 18.489465791000001, "y_wgs84": 53.718690445999997, "country": "Polska", "province": "pomorskie", "district": "starogardzki", "municipality": "Osiek", "postcode": "83-221", "object_type": "K01.30.10", "object_type_name": "Zamki", "veracity_score": "good", "accessibility": "full", "state": "poor", "otar_id": "K01.30.10.XTTCKR", "name": "Zamek w Osieku", "description": "Ruiny krzyżackiego zamku z początku XV wieku nad jeziorem Kałębie. Wojna trzydziestoletnia była okresem kiedy przechodził z rąk do rąk. Po wojnie, po 1466 roku, stał się w rękach polskich siedzibą starostów. Przebudowany przez A. Walewskiego, podkomorzego sochaczewskiego na pałac w stylu renesansowym. W czasie potopu szwedzkiego zniszczony przez najeźdźcę. Pod zaborem pruskim w XVIII wieku rozebrany przez władze. Do dziś istnieją jeszcze tylko fragmenty murów oraz zarys fos.", "wikidata": "n/a", "wikidata_url": "n/a", "wikipedia": "n/a", "wikipedia_url": "n/a", "published": "2026-08-14" }, "geometry": { "type": "Point", "coordinates": [ 18.489465791, 53.718690446 ] } },
{ "type": "Feature", "id": 476, "properties": { "wkt_wgs84": "POINT (19.128842615 50.327131047)", "x_wgs84": 19.128842615, "y_wgs84": 50.327131047000002, "country": "Polska", "province": "śląskie", "district": "będziński", "municipality": "Będzin", "postcode": "42-500", "object_type": "K01.30.10", "object_type_name": "Zamki", "veracity_score": "good", "accessibility": "full", "state": "excellent", "otar_id": "K01.30.10.XYMCHS", "name": "Zamek Królewski w Będzinie", "description": "Zamek Królewski w Będzinie to jedna z najbardziej wyrazistych i najlepiej zachowanych średniowiecznych warowni w Polsce, będąca kluczowym elementem słynnego systemu obronnego Orlich Gniazd. Wzniesiony na wysokim, kamienistym wzgórzu nad rzeką Czarną Przemszą, przez stulecia strzegł zachodniej granicy Królestwa Polskiego od strony Śląska.", "wikidata": "Q2193788", "wikidata_url": "https://www.wikidata.org/wiki/Q2193788", "wikipedia": "pl:Zamek w Będzinie", "wikipedia_url": "https://pl.wikipedia.org/wiki/Zamek_w_B%C4%99dzinie", "published": "2026-08-14" }, "geometry": { "type": "Point", "coordinates": [ 19.128842615, 50.327131047 ] } },
{ "type": "Feature", "id": 477, "properties": { "wkt_wgs84": "POINT (20.890341802 49.353883397)", "x_wgs84": 20.890341801999998, "y_wgs84": 49.353883396999997, "country": "Polska", "province": "małopolskie", "district": "nowosądecki", "municipality": "Muszyna", "postcode": "33-370", "object_type": "K01.30.10", "object_type_name": "Zamki", "veracity_score": "good", "accessibility": "full", "state": "fair", "otar_id": "K01.30.10.Y33V7P", "name": "Zamek w Muszynie", "description": "Zamek w Muszynie powstał prawdopodobnie w XV w. jako warownia biskupów krakowskich, strzegąca granicy z Węgrami i szlaku handlowego wzdłuż Popradu. Założenie obejmowało czworoboczną wieżę, prostokątny dziedziniec ze studnią, budynek mieszkalny i podwójny mur obronny. W XVIII w. zamek opuszczono. W latach 2020–2023 ruiny częściowo zrekonstruowano; odbudowana wieża ma 14 m i jest udostępniona turystycznie.", "wikidata": "Q9386685", "wikidata_url": "https://www.wikidata.org/wiki/Q9386685", "wikipedia": "pl:Zamek w Muszynie", "wikipedia_url": "https://pl.wikipedia.org/wiki/Zamek_w_Muszynie", "published": "2026-08-14" }, "geometry": { "type": "Point", "coordinates": [ 20.890341802, 49.353883397 ] } },
{ "type": "Feature", "id": 478, "properties": { "wkt_wgs84": "POINT (19.145665712 50.285414232)", "x_wgs84": 19.145665712, "y_wgs84": 50.285414232000001, "country": "Polska", "province": "śląskie", "district": "Sosnowiec", "municipality": "Sosnowiec", "postcode": "41-200", "object_type": "K01.30.10", "object_type_name": "Zamki", "veracity_score": "good", "accessibility": "full", "state": "excellent", "otar_id": "K01.30.10.Y3CVUL", "name": "Zamek Sielecki w Sosnowcu", "description": "Malowniczo usytuowany w zakolu rzeki Czarnej Przemszy, pośród zabytkowego parku, Zamek Sielecki w Sosnowcu to najstarszy i cenny obiekt zabytkowy na terenie miasta. Ta dawna, renesansowa fortalicja na przestrzeni wieków przeszła spektakularną ewolucję  od surowej warowni obronnej po elegancką rezydencję pałacową. Początki budowli sięgają schyłku średniowiecza.", "wikidata": "Q7510836", "wikidata_url": "https://www.wikidata.org/wiki/Q7510836", "wikipedia": "pl:Zamek Sielecki", "wikipedia_url": "https://pl.wikipedia.org/wiki/Zamek_Sielecki", "published": "2026-08-14" }, "geometry": { "type": "Point", "coordinates": [ 19.145665712, 50.285414232 ] } },
{ "type": "Feature", "id": 479, "properties": { "wkt_wgs84": "POINT (14.971297449 53.820840595)", "x_wgs84": 14.971297449, "y_wgs84": 53.820840595, "country": "Polska", "province": "zachodniopomorskie", "district": "kamieński", "municipality": "Golczewo", "postcode": "72-410", "object_type": "K01.30.10", "object_type_name": "Zamki", "veracity_score": "good", "accessibility": "full", "state": "fair", "otar_id": "K01.30.10.YAYZAB", "name": "Wieża Zamkowa w Golczewie", "description": "Wieżę Zamkową w Golczewie wzniesiono w XIV w. jako element zamku biskupów kamieńskich. Jest to masywna, ceglana wieża obronna na planie czworoboku, w wyższej partii przechodząca w ośmiobok. Stanowi najlepiej zachowany fragment dawnego założenia zamkowego, które z czasem uległo rozbiórce. Obecnie wieża jest zabezpieczona, udostępniona turystycznie i pełni funkcję punktu widokowego.", "wikidata": "Q9373797", "wikidata_url": "https://www.wikidata.org/wiki/Q9373797", "wikipedia": "pl:Wieża Zamkowa w Golczewie", "wikipedia_url": "https://pl.wikipedia.org/wiki/Wie%C5%BCa_Zamkowa_w_Golczewie", "published": "2026-08-14" }, "geometry": { "type": "Point", "coordinates": [ 14.971297449, 53.820840595 ] } },
{ "type": "Feature", "id": 480, "properties": { "wkt_wgs84": "POINT (20.771730698155118 49.86942962039156)", "x_wgs84": 20.771730698155118, "y_wgs84": 49.869429620391557, "country": "Polska", "province": "małopolskie", "district": "tarnowski", "municipality": "Zakliczyn", "postcode": "32-840", "object_type": "K01.30.10", "object_type_name": "Zamki", "veracity_score": "good", "accessibility": "full", "state": "fair", "otar_id": "K01.30.10.YCQ4J7", "name": "Zamek w Melsztynie", "description": "Zamek w Melsztynie wzniesiono od 1347 r. jako gotycką warownię na wzgórzu nad Dunajcem. W XIV–XV w. rozbudowano go m.in. o potężny donżon, a około 1546 r. przekształcono w stylu renesansowym. Po zniszczeniu w 1770 r. pozostawał ruiną. Obecnie zachowane są relikty murów i zabudowy, a odbudowana wieża z przyporą osiąga 28 m wysokości; teren zabezpieczono i udostępniono turystycznie.", "wikidata": "Q6421946", "wikidata_url": "https://www.wikidata.org/wiki/Q6421946", "wikipedia": "pl:Zamek w Melsztynie", "wikipedia_url": "https://pl.wikipedia.org/wiki/Zamek_w_Melsztynie", "published": "2026-08-14" }, "geometry": { "type": "Point", "coordinates": [ 20.771730698155118, 49.869429620391557 ] } },
{ "type": "Feature", "id": 481, "properties": { "wkt_wgs84": "POINT (21.894074743 51.324401034)", "x_wgs84": 21.894074743000001, "y_wgs84": 51.324401033999997, "country": "Polska", "province": "lubelskie", "district": "puławski", "municipality": "Janowiec", "postcode": "24-123", "object_type": "K01.30.10", "object_type_name": "Zamki", "veracity_score": "fair", "accessibility": "full", "state": "fair", "otar_id": "K01.30.10.YCQ9RP", "name": "Zamek w Janowcu", "description": "Zamek w Janowcu wzniesiono w XVI w. jako renesansową rezydencję obronną rodu Firlejów. Założenie obejmowało wieloskrzydłową zabudowę skupioną wokół dziedzińca, mury obronne, baszty i bramę, a w kolejnych stuleciach było rozbudowywane w stylu manierystycznym i barokowym. Po stopniowym upadku w XIX–XX w. zamek zabezpieczono. Obecnie zachował się jako malownicza ruina i oddział Muzeum Nadwiślańskiego.", "wikidata": "Q9386646", "wikidata_url": "https://www.wikidata.org/wiki/Q9386646", "wikipedia": "pl:Zamek w Janowcu", "wikipedia_url": "https://pl.wikipedia.org/wiki/Zamek_w_Janowcu", "published": "2026-08-14" }, "geometry": { "type": "Point", "coordinates": [ 21.894074743, 51.324401034 ] } },
{ "type": "Feature", "id": 482, "properties": { "wkt_wgs84": "POINT (17.927061 50.093357)", "x_wgs84": 17.927061, "y_wgs84": 50.093357, "country": "Polska", "province": "opolskie", "district": "głubczycki", "municipality": "Kietrz", "postcode": "48-133", "object_type": "K01.30.10", "object_type_name": "Zamki", "veracity_score": "good", "accessibility": "partial", "state": "fair", "otar_id": "K01.30.10.YKUPMC", "name": "Zamek w Nowej Cerekwi", "description": "Zamek w Nowej Cerekwi to malownicza ruina rezydencji magnackiej, usytuowana na niewielkim wzniesieniu nad rzeką Troją. Choć miejscowość lokowano już w XIII wieku, obecny zamek murowany powstał prawdopodobnie w latach 80. XVI wieku jako renesansowa rezydencja obronna, otoczona fosą. Do dziś zachowały się głównie mury magistralne skrzydeł południowego i wschodniego oraz spękana, odspojona od korpusu wieża zachodnia.", "wikidata": "n/a", "wikidata_url": "n/a", "wikipedia": "n/a", "wikipedia_url": "n/a", "published": "2026-08-14" }, "geometry": { "type": "Point", "coordinates": [ 17.927061, 50.093357 ] } },
{ "type": "Feature", "id": 483, "properties": { "wkt_wgs84": "POINT (17.747235595 50.679621758)", "x_wgs84": 17.747235595, "y_wgs84": 50.679621758000003, "country": "Polska", "province": "opolskie", "district": "opolski", "municipality": "Dąbrowa", "postcode": "49-120", "object_type": "K01.30.10", "object_type_name": "Zamki", "veracity_score": "good", "accessibility": "partial", "state": "good", "otar_id": "K01.30.10.YL4QFY", "name": "Zamek w Dąbrowie", "description": "Zamek w Dąbrównie wzniesiono na początku XIV w. jako regularną gotycką warownię krzyżacką, włączoną w system obronny miasta. Początkowo powstało skrzydło północne, a w latach 1683–1696 dobudowano skrzydła wschodnie i południowe, przekształcając zamek w barokową rezydencję z parkiem. W 1945 r. został spalony. Obecnie zachowały się mury zewnętrzne i piwnice.", "wikidata": "Q30227794", "wikidata_url": "https://www.wikidata.org/wiki/Q30227794", "wikipedia": "pl:Pałac w Dąbrowie", "wikipedia_url": "https://pl.wikipedia.org/wiki/Pa%C5%82ac_w_D%C4%85browie", "published": "2026-08-14" }, "geometry": { "type": "Point", "coordinates": [ 17.747235595, 50.679621758 ] } },
{ "type": "Feature", "id": 484, "properties": { "wkt_wgs84": "POINT (15.572389227 52.44509095)", "x_wgs84": 15.572389227, "y_wgs84": 52.44509095, "country": "Polska", "province": "lubuskie", "district": "międzyrzecki", "municipality": "Międzyrzecz", "postcode": "66-300", "object_type": "K01.30.10", "object_type_name": "Zamki", "veracity_score": "good", "accessibility": "full", "state": "fair", "otar_id": "K01.30.10.YLFJN8", "name": "Zamek w Międzyrzeczu", "description": "Zamek w Międzyrzeczu wzniesiono ok. 1350–1380 r. z inicjatywy Kazimierza Wielkiego, na miejscu starszego grodu. Nieregularne założenie o powierzchni ok. 1200 m² otaczały masywne mury obronne, brama z mostem zwodzonym oraz cylindryczna wieża. W XVI w. zamek dodatkowo umocniono. Obecnie zachowany jest jako trwała ruina, częściowo zrekonstruowana, udostępniona zwiedzającym i objęta ochroną jako pomnik historii.", "wikidata": "Q9386682", "wikidata_url": "https://www.wikidata.org/wiki/Q9386682", "wikipedia": "pl:Zamek w Międzyrzeczu", "wikipedia_url": "https://pl.wikipedia.org/wiki/Zamek_w_Mi%C4%99dzyrzeczu", "published": "2026-08-14" }, "geometry": { "type": "Point", "coordinates": [ 15.572389227, 52.44509095 ] } },
{ "type": "Feature", "id": 485, "properties": { "wkt_wgs84": "POINT (21.000348181 50.591105146)", "x_wgs84": 21.000348181, "y_wgs84": 50.591105145999997, "country": "Polska", "province": "świętokrzyskie", "district": "staszowski", "municipality": "Szydłów", "postcode": "28-225", "object_type": "K01.30.10", "object_type_name": "Zamki", "veracity_score": "good", "accessibility": "full", "state": "fair", "otar_id": "K01.30.10.YN1X9T", "name": "Zamek w Szydłowie", "description": "Zamek w Szydłowie wzniesiono w XIV w. jako rozległą rezydencję królewską o powierzchni ponad 7000 m². Założenie obejmowało duży dziedziniec, kamienny pałac zwany Salą Rycerską, cylindryczne wieże, Skarbczyk i budynek bramny. Po licznych zniszczeniach zamek opuszczono pod koniec XVIII w. Obecnie zachowały się ruiny pałacu, Skarbczyk, fragmenty murów i brama. W części zespołu działa muzeum.", "wikidata": "Q9386751", "wikidata_url": "https://www.wikidata.org/wiki/Q9386751", "wikipedia": "pl:Zamek w Szydłowie", "wikipedia_url": "https://pl.wikipedia.org/wiki/Zamek_w_Szyd%C5%82owie", "published": "2026-08-14" }, "geometry": { "type": "Point", "coordinates": [ 21.000348181, 50.591105146 ] } },
{ "type": "Feature", "id": 486, "properties": { "wkt_wgs84": "POINT (16.83493158891833 50.71867400935922)", "x_wgs84": 16.83493158891833, "y_wgs84": 50.718674009359219, "country": "Polska", "province": "dolnośląskie", "district": "dzierżoniowski", "municipality": "Niemcza", "postcode": "58-230", "object_type": "K01.30.10", "object_type_name": "Zamki", "veracity_score": "good", "accessibility": "partial", "state": "fair", "otar_id": "K01.30.10.YP299D", "name": "Zamek w Niemczy", "description": "Zamek w Niemczy to obiekt o bogatej historii, usytuowany na stromym, skalistym wzgórzu oblewanym przez wody rzeki Ślęzy. Przez stulecia stanowił jeden z kluczowych punktów obronnych na Śląsku, strzegąc południowych granic regionu. Obecnie zamek w Niemczy to skromny, otynkowany kompleks jedno- i dwupiętrowych budynków z widocznymi elementami dawnego domu zamkowego (tzw. zamek wysoki) oraz wieżą bramną zwaną Bramą Górną.", "wikidata": "Q15108260", "wikidata_url": "https://www.wikidata.org/wiki/Q15108260", "wikipedia": "pl:Zamek w Niemczy", "wikipedia_url": "https://pl.wikipedia.org/wiki/Zamek_w_Niemczy", "published": "2026-08-14" }, "geometry": { "type": "Point", "coordinates": [ 16.83493158891833, 50.718674009359219 ] } },
{ "type": "Feature", "id": 487, "properties": { "wkt_wgs84": "POINT (19.929425621 52.110720404)", "x_wgs84": 19.929425621, "y_wgs84": 52.110720403999998, "country": "Polska", "province": "łódzkie", "district": "łowicki", "municipality": "Łowicz", "postcode": "99-400", "object_type": "K01.30.10", "object_type_name": "Zamki", "veracity_score": "good", "accessibility": "full", "state": "poor", "otar_id": "K01.30.10.YPP92H", "name": "Zamek w Łowiczu", "description": "Zamek wybudowany przez arcybiskupów gnieźnieńskich w XIV wieku, kilkukrotnie przebudowany. Rozebrany w XIX wieku, zachowały się relikty murów oraz fosa. ", "wikidata": "Q131455029", "wikidata_url": "https://www.wikidata.org/wiki/Q131455029", "wikipedia": "pl:Zamek w Łowiczu", "wikipedia_url": "https://pl.wikipedia.org/wiki/Zamek_w_%C5%81owiczu", "published": "2026-08-14" }, "geometry": { "type": "Point", "coordinates": [ 19.929425621, 52.110720404 ] } },
{ "type": "Feature", "id": 488, "properties": { "wkt_wgs84": "POINT (19.753699783 53.504690175)", "x_wgs84": 19.753699782999998, "y_wgs84": 53.504690175, "country": "Polska", "province": "warmińsko-mazurskie", "district": "iławski", "municipality": "Lubawa", "postcode": "14-260", "object_type": "K01.30.10", "object_type_name": "Zamki", "veracity_score": "good", "accessibility": "full", "state": "fair", "otar_id": "K01.30.10.YQWWSU", "name": "Zamek biskupów chełmińskich w Lubawie", "description": "Zamek biskupów chełmińskich w Lubawie wznoszono od początku XIV w. jako gotycką, czteroskrzydłową rezydencję obronną z narożnymi wieżami, murami obwodowymi, fosą i mostem zwodzonym. W XVII w. przebudowano go w okazałą rezydencję barokową. Po pożarze w 1813 r. został opuszczony i w 1826 r. rozebrany. Obecnie zachowały się piwnice, mury oporowe i portal bramny, Teren ruin jest zabezpieczony i zagospodarowany.", "wikidata": "Q18431638", "wikidata_url": "https://www.wikidata.org/wiki/Q18431638", "wikipedia": "pl:Zamek biskupów chełmińskich w Lubawie", "wikipedia_url": "https://pl.wikipedia.org/wiki/Zamek_biskup%C3%B3w_che%C5%82mi%C5%84skich_w_Lubawie", "published": "2026-08-14" }, "geometry": { "type": "Point", "coordinates": [ 19.753699783, 53.504690175 ] } },
{ "type": "Feature", "id": 489, "properties": { "wkt_wgs84": "POINT (17.026667 51.113087)", "x_wgs84": 17.026667, "y_wgs84": 51.113087, "country": "Polska", "province": "dolnośląskie", "district": "Wrocław", "municipality": "Wrocław", "postcode": "50-043", "object_type": "K01.30.10", "object_type_name": "Zamki", "veracity_score": "good", "accessibility": "full", "state": "excellent", "otar_id": "K01.30.10.YZBTE6", "name": "Arsenał Miejski we Wrocławiu", "description": "Arsenał wybudowany w XIII wieku na reliktach zamku książęcego który nigdy nie został skończony\nobecnie w Arsenale znajduje się Muzeum Miejskie Wrocławia, jest też miejscem organizowania wielu imprez kulturalnych", "wikidata": "Q9160346", "wikidata_url": "https://www.wikidata.org/wiki/Q9160346", "wikipedia": "pl:Arsenał Miejski we Wrocławiu", "wikipedia_url": "https://pl.wikipedia.org/wiki/Arsena%C5%82_Miejski_we_Wroc%C5%82awiu", "published": "2026-08-14" }, "geometry": { "type": "Point", "coordinates": [ 17.026667, 51.113087 ] } },
{ "type": "Feature", "id": 490, "properties": { "wkt_wgs84": "POINT (16.931177525 52.40909649)", "x_wgs84": 16.931177525, "y_wgs84": 52.40909649, "country": "Polska", "province": "wielkopolskie", "district": "Poznań", "municipality": "Poznań", "postcode": "61-768", "object_type": "K01.30.10", "object_type_name": "Zamki", "veracity_score": "good", "accessibility": "full", "state": "excellent", "otar_id": "K01.30.10.Z2TAPA", "name": "Zamek Królewski w Poznaniu", "description": "Zamek Królewski w Poznaniu został wzniesiony w drugiej połowie XIII wieku przez Przemysła I, a następnie rozbudowany przez Przemysła II. Był siedzibą książąt wielkopolskich i wielokrotnie przebudowywany. Zniszczyli go Szwedzi w 1655 roku, a po kolejnych zniszczeniach w czasie II wojny światowej został częściowo odbudowany. Obecnie mieści Muzeum Sztuk Użytkowych.", "wikidata": "Q52961", "wikidata_url": "https://www.wikidata.org/wiki/Q52961", "wikipedia": "pl:Zamek Królewski w Poznaniu", "wikipedia_url": "https://pl.wikipedia.org/wiki/Zamek_Kr%C3%B3lewski_w_Poznaniu", "published": "2026-08-14" }, "geometry": { "type": "Point", "coordinates": [ 16.931177525, 52.40909649 ] } },
{ "type": "Feature", "id": 491, "properties": { "wkt_wgs84": "POINT (21.47987514698194 50.1914791673735)", "x_wgs84": 21.479875146981939, "y_wgs84": 50.191479167373501, "country": "Polska", "province": "podkarpackie", "district": "mielecki", "municipality": "Przecław", "postcode": "39-320", "object_type": "K01.30.10", "object_type_name": "Zamki", "veracity_score": "good", "accessibility": "full", "state": "excellent", "otar_id": "K01.30.10.Z3AZ1Y", "name": "Zamek w Przecławiu", "description": "Zamek w Przecławiu wzniesiono w XVI w. jako renesansową rezydencję rodu Ligęzów. Budowla miała charakter reprezentacyjno-obronny, z regularną bryłą, narożnymi wieżami i dekoracyjnymi elewacjami. W kolejnych stuleciach była wielokrotnie przebudowywana, uzyskując cechy barokowe i neogotyckie. Obecnie zamek jest odrestaurowany, dobrze zachowany i użytkowany jako obiekt hotelowo-konferencyjny oraz turystyczny.", "wikidata": "Q9386710", "wikidata_url": "https://www.wikidata.org/wiki/Q9386710", "wikipedia": "pl:Zamek w Przecławiu", "wikipedia_url": "https://pl.wikipedia.org/wiki/Zamek_w_Przec%C5%82awiu", "published": "2026-08-14" }, "geometry": { "type": "Point", "coordinates": [ 21.479875146981939, 50.191479167373501 ] } },
{ "type": "Feature", "id": 492, "properties": { "wkt_wgs84": "POINT (17.268528529628778 51.53147542151282)", "x_wgs84": 17.268528529628778, "y_wgs84": 51.531475421512823, "country": "Polska", "province": "dolnośląskie", "district": "milicki", "municipality": "Milicz", "postcode": "56-300", "object_type": "K01.30.10", "object_type_name": "Zamki", "veracity_score": "good", "accessibility": "partial", "state": "bad", "otar_id": "K01.30.10.Z3HMRD", "name": "Zamek w Miliczu", "description": "Ruiny zamku z XIII wieku. Zamek miał w swojej historii wielu właścicieli i wielokrotnie był przebudowywany i rozbudowywany do czasów dzisiejszych zachowały się fragmenty murów i fosy otaczającej zamek", "wikidata": "Q19788858", "wikidata_url": "https://www.wikidata.org/wiki/Q19788858", "wikipedia": "pl:Zamek w Miliczu", "wikipedia_url": "https://pl.wikipedia.org/wiki/Zamek_w_Miliczu", "published": "2026-08-14" }, "geometry": { "type": "Point", "coordinates": [ 17.268528529628778, 51.531475421512823 ] } },
{ "type": "Feature", "id": 493, "properties": { "wkt_wgs84": "POINT (17.968617049960173 50.47452979743223)", "x_wgs84": 17.968617049960173, "y_wgs84": 50.474529797432233, "country": "Polska", "province": "opolskie", "district": "krapkowicki", "municipality": "Krapkowice", "postcode": "47-300", "object_type": "K01.30.10", "object_type_name": "Zamki", "veracity_score": "good", "accessibility": "partial", "state": "excellent", "otar_id": "K01.30.10.Z79SS2", "name": "Zamek w Krapkowicach", "description": "Zamek w Krapkowicach powstał w średniowieczu jako siedziba książęca, a w kolejnych stuleciach był wielokrotnie przebudowywany. W XVI i XVII w. przekształcono go w renesansową, a następnie barokową rezydencję z wieloskrzydłową zabudową skupioną wokół dziedzińca. Z czasem utracił pierwotne funkcje obronne. Obecnie zachowany zespół zamkowy jest użytkowany i stanowi ważny element historycznej zabudowy Krapkowic.", "wikidata": "Q30226037", "wikidata_url": "https://www.wikidata.org/wiki/Q30226037", "wikipedia": "n/a", "wikipedia_url": "n/a", "published": "2026-08-14" }, "geometry": { "type": "Point", "coordinates": [ 17.968617049960173, 50.474529797432233 ] } },
{ "type": "Feature", "id": 494, "properties": { "wkt_wgs84": "POINT (17.492055901 54.168678044)", "x_wgs84": 17.492055901000001, "y_wgs84": 54.168678044000004, "country": "Polska", "province": "pomorskie", "district": "bytowski", "municipality": "Bytów", "postcode": "77-100", "object_type": "K01.30.10", "object_type_name": "Zamki", "veracity_score": "good", "accessibility": "full", "state": "excellent", "otar_id": "K01.30.10.ZB1XFH", "name": "Zamek w Bytowie", "description": "Zamek w Bytowie wzniesiono pod koniec XIV i na początku XV w. jako gotycką warownię krzyżacką. Powstał na planie prostokąta ok. 49 × 70 m, z trzema cylindrycznymi i jedną czworoboczną wieżą, skrzydłami mieszkalnymi, kaplicą, refektarzem, bramą, fosą i mostem zwodzonym. W XVI w. rozbudowano jego fortyfikacje. Obecnie jest dobrze zachowany i użytkowany jako muzeum, hotel, restauracja i biblioteka.", "wikidata": "Q9386613", "wikidata_url": "https://www.wikidata.org/wiki/Q9386613", "wikipedia": "pl:Zamek w Bytowie", "wikipedia_url": "https://pl.wikipedia.org/wiki/Zamek_w_Bytowie", "published": "2026-08-14" }, "geometry": { "type": "Point", "coordinates": [ 17.492055901, 54.168678044 ] } },
{ "type": "Feature", "id": 495, "properties": { "wkt_wgs84": "POINT (22.752993085 49.697166539)", "x_wgs84": 22.752993085, "y_wgs84": 49.697166539000001, "country": "Polska", "province": "podkarpackie", "district": "przemyski", "municipality": "Fredropol", "postcode": "37-734", "object_type": "K01.30.10", "object_type_name": "Zamki", "veracity_score": "fair", "accessibility": "full", "state": "fair", "otar_id": "K01.30.10.ZFCK1Y", "name": "Zamek we Fredropolu", "description": "Zamek we Fredropolu to ruiny XVI-wiecznej rezydencji rodu Fredrów, wzniesionej przez Jana lub Andrzeja Fredrę na podmokłym terenie w Kormanicach. Zamek był później niszczony podczas potopu szwedzkiego, najazdu Tatarów i I wojny światowej. Do dziś zachował się fragment skrzydła zachodniego i resztki baszty.", "wikidata": "Q30552440", "wikidata_url": "https://www.wikidata.org/wiki/Q30552440", "wikipedia": "n/a", "wikipedia_url": "n/a", "published": "2026-08-14" }, "geometry": { "type": "Point", "coordinates": [ 22.752993085, 49.697166539 ] } },
{ "type": "Feature", "id": 496, "properties": { "wkt_wgs84": "POINT (16.789849163 52.267221848)", "x_wgs84": 16.789849163, "y_wgs84": 52.267221847999998, "country": "Polska", "province": "wielkopolskie", "district": "poznański", "municipality": "Stęszew", "postcode": "62-050", "object_type": "K01.30.10", "object_type_name": "Zamki", "veracity_score": "fair", "accessibility": "limited", "state": "fair", "otar_id": "K01.30.10.ZGMA5K", "name": "Zamek Klaudyny Potockiej w Trzabawie", "description": "Zameczek Klaudyny Potockiej na Wyspie Zamkowej powstał w latach 1824–1825 jako niewielka neogotycka rezydencja mieszkalna, wzniesiona przez Tytusa Działyńskiego dla siostry. Budowli celowo nadano formy nawiązujące do średniowiecznej warowni, mimo braku funkcji obronnych. Po opuszczeniu w 1830 r. popadała w ruinę, a w 1848 r. została ostrzelana przez wojska pruskie. Obecnie zachowały się malownicze ruiny, niedostępne dla zwiedzających z uwagi na ochronę przyrody.", "wikidata": "Q33091874", "wikidata_url": "https://www.wikidata.org/wiki/Q33091874", "wikipedia": "n/a", "wikipedia_url": "n/a", "published": "2026-08-14" }, "geometry": { "type": "Point", "coordinates": [ 16.789849163, 52.267221848 ] } },
{ "type": "Feature", "id": 497, "properties": { "wkt_wgs84": "POINT (17.622858517 50.642042944)", "x_wgs84": 17.622858517000001, "y_wgs84": 50.642042944000004, "country": "Polska", "province": "opolskie", "district": "opolski", "municipality": "Niemodlin", "postcode": "49-100", "object_type": "K01.30.10", "object_type_name": "Zamki", "veracity_score": "good", "accessibility": "full", "state": "good", "otar_id": "K01.30.10.ZH16BT", "name": "Zamek w Niemodlinie", "description": "Zamek w Niemodlinie, wzniesiony w 1313 r. na miejscu wcześniejszego kasztelu, był rezydencją książąt opolskich, niemodlińskich i strzeleckich. Obecna forma jest wynikiem licznych przebudów; dominuje styl późnorenesansowy z elementami barokowymi i reliktami gotyckimi. Charakterystyczne są krużganki, kaplica neogotycka, podziemia oraz zachowany system ogrzewania hypokaustum. Zamek otacza park krajobrazowy.", "wikidata": "Q9386689", "wikidata_url": "https://www.wikidata.org/wiki/Q9386689", "wikipedia": "pl:Zamek w Niemodlinie", "wikipedia_url": "https://pl.wikipedia.org/wiki/Zamek_w_Niemodlinie", "published": "2026-08-14" }, "geometry": { "type": "Point", "coordinates": [ 17.622858517, 50.642042944 ] } },
{ "type": "Feature", "id": 498, "properties": { "wkt_wgs84": "POINT (19.450158431 50.629204889)", "x_wgs84": 19.450158430999998, "y_wgs84": 50.629204889, "country": "Polska", "province": "śląskie", "district": "myszkowski", "municipality": "Niegowa", "postcode": "42-320", "object_type": "K01.30.10", "object_type_name": "Zamki", "veracity_score": "fair", "accessibility": "limited", "state": "poor", "otar_id": "K01.30.10.ZJMQ1T", "name": "Zamek Łutowiec", "description": "Zamek w Łutowcu była niewielkim, dwuczłonowym założeniem obronnym, złożonym z części usytuowanej na skale oraz dolnego dziedzińca otoczonego murem. U podnóża skały mogły znajdować się zabudowania pomocnicze chronione wałem i fosą. Obiekt powstał prawdopodobnie w XIV w., a na przełomie XV i XVI w. popadł w ruinę. Do dziś zachował się jedynie fragment muru o długości 4,5 m i grubości 0,6 m.", "wikidata": "Q30065833", "wikidata_url": "https://www.wikidata.org/wiki/Q30065833", "wikipedia": "pl:Strażnica Łutowiec", "wikipedia_url": "https://pl.wikipedia.org/wiki/Stra%C5%BCnica_%C5%81utowiec", "published": "2026-08-14" }, "geometry": { "type": "Point", "coordinates": [ 19.450158431, 50.629204889 ] } },
{ "type": "Feature", "id": 499, "properties": { "wkt_wgs84": "POINT (17.034449575 54.464184667)", "x_wgs84": 17.034449575, "y_wgs84": 54.464184666999998, "country": "Polska", "province": "pomorskie", "district": "Słupsk", "municipality": "Słupsk", "postcode": "76-200", "object_type": "K01.30.10", "object_type_name": "Zamki", "veracity_score": "good", "accessibility": "full", "state": "excellent", "otar_id": "K01.30.10.ZK9RTX", "name": "Zamek Książąt Pomorskich w Słupsku", "description": "Zamek Książąt Pomorskich w Słupsku wzniesiono w XVI w. jako renesansową rezydencję książąt pomorskich. Budowla ma zwartą bryłę z reprezentacyjnymi elewacjami, wysokimi szczytami i wieżą, a jej forma była później wielokrotnie przekształcana. Po okresie zaniedbań zamek odrestaurowano. Obecnie jest dobrze zachowany i mieści Muzeum Pomorza Środkowego.", "wikidata": "Q4185884", "wikidata_url": "https://www.wikidata.org/wiki/Q4185884", "wikipedia": "pl:Zamek Książąt Pomorskich w Słupsku", "wikipedia_url": "https://pl.wikipedia.org/wiki/Zamek_Ksi%C4%85%C5%BC%C4%85t_Pomorskich_w_S%C5%82upsku", "published": "2026-08-14" }, "geometry": { "type": "Point", "coordinates": [ 17.034449575, 54.464184667 ] } },
{ "type": "Feature", "id": 500, "properties": { "wkt_wgs84": "POINT (21.809148156 53.631055051)", "x_wgs84": 21.809148156, "y_wgs84": 53.631055050999997, "country": "Polska", "province": "warmińsko-mazurskie", "district": "piski", "municipality": "Pisz", "postcode": "12-200", "object_type": "K01.30.10", "object_type_name": "Zamki", "veracity_score": "good", "accessibility": "limited", "state": "poor", "otar_id": "K01.30.10.ZMUFJS", "name": "Zamek w Piszu", "description": "Zamek krzyżacki powstały w średniowieczu, zniszczony po II wojnie światowej, ruiny rozebrano. Zachowały się fragmenty murów", "wikidata": "Q9386706", "wikidata_url": "https://www.wikidata.org/wiki/Q9386706", "wikipedia": "pl:Zamek w Piszu", "wikipedia_url": "https://pl.wikipedia.org/wiki/Zamek_w_Piszu", "published": "2026-08-14" }, "geometry": { "type": "Point", "coordinates": [ 21.809148156, 53.631055051 ] } },
{ "type": "Feature", "id": 501, "properties": { "wkt_wgs84": "POINT (19.52078511621691 50.550506098662034)", "x_wgs84": 19.52078511621691, "y_wgs84": 50.550506098662034, "country": "Polska", "province": "śląskie", "district": "zawierciański", "municipality": "Zawiercie", "postcode": "42-400", "object_type": "K01.30.10", "object_type_name": "Zamki", "veracity_score": "good", "accessibility": "partial", "state": "fair", "otar_id": "K01.30.10.ZPKCEK", "name": "Zamek Bąkowiec", "description": "Zamek Bąkowiec w Morsku, wzmiankowany w 1389 r., w obecnej murowanej formie powstał prawdopodobnie na przełomie XV i XVI w. Wzniesiono go na wyniosłej skale, na planie nieregularnego wieloboku. Założenie obejmowało niewielki dziedziniec, kamienną bramę, pomieszczenia mieszkalne, półkoliste baszty, mur obronny i suchą fosę. Od XVII w. pozostawał ruiną. Obecnie zachowane są fragmenty murów i bramy.", "wikidata": "Q9386684", "wikidata_url": "https://www.wikidata.org/wiki/Q9386684", "wikipedia": "pl:Zamek Bąkowiec", "wikipedia_url": "https://pl.wikipedia.org/wiki/Zamek_B%C4%85kowiec", "published": "2026-08-14" }, "geometry": { "type": "Point", "coordinates": [ 19.52078511621691, 50.550506098662034 ] } },
{ "type": "Feature", "id": 502, "properties": { "wkt_wgs84": "POINT (17.749817 52.7976)", "x_wgs84": 17.749817, "y_wgs84": 52.7976, "country": "Polska", "province": "kujawsko-pomorskie", "district": "żniński", "municipality": "Żnin", "postcode": "88-400", "object_type": "K01.30.10", "object_type_name": "Zamki", "veracity_score": "good", "accessibility": "full", "state": "fair", "otar_id": "K01.30.10.ZPWRT3", "name": "Zamek w Wenecji", "description": "Zamek w Wenecji to gotycka warownia obronna, stanowiąca jeden z nielicznych przykładów prywatnego zamku rycerskiego z XIV wieku w tym regionie. Zamek stracił znaczenie militarne po wojnie trzynastoletniej, a w II połowie XV wieku został częściowo rozebrany, by dostarczyć materiału na budowę pałacu arcybiskupiego w pobliskim Janowcu Wielkopolskim. obecnie zamek w Wenecji zachował się w formie zabezpieczonej, trwałej ruiny.", "wikidata": "Q1015621", "wikidata_url": "https://www.wikidata.org/wiki/Q1015621", "wikipedia": "pl:Zamek w Wenecji", "wikipedia_url": "https://pl.wikipedia.org/wiki/Zamek_w_Wenecji", "published": "2026-08-14" }, "geometry": { "type": "Point", "coordinates": [ 17.749817, 52.7976 ] } },
{ "type": "Feature", "id": 503, "properties": { "wkt_wgs84": "POINT (15.644085501 50.834122429)", "x_wgs84": 15.644085501, "y_wgs84": 50.834122428999997, "country": "Polska", "province": "dolnośląskie", "district": "Jelenia Góra", "municipality": "Jelenia Góra", "postcode": "58-570", "object_type": "K01.30.10", "object_type_name": "Zamki", "veracity_score": "good", "accessibility": "full", "state": "fair", "otar_id": "K01.30.10.ZUZU4X", "name": "Zamek Chojnik", "description": "Zamek Chojnik to jedna z najbardziej znanych i malowniczych warowni górskich w Polsce. Usytuowany na szczycie góry Chojnik (627 m n.p.m.), której południowo-wschodnie zbocza opadają pionową, 150-metrową ścianą skalną do tzw. Piekielnej Doliny, zamek stanowi wybitny zabytek średniowiecznej architektury obronnej. Obiekt wzniesiono w połowie XIV wieku, około 1355 roku, z inicjatywy księcia świdnicko-jaworskiego Bolka II Małego, jako kluczowy element systemu obrony granic księstwa.", "wikidata": "Q511254", "wikidata_url": "https://www.wikidata.org/wiki/Q511254", "wikipedia": "pl:Zamek Chojnik", "wikipedia_url": "https://pl.wikipedia.org/wiki/Zamek_Chojnik", "published": "2026-08-14" }, "geometry": { "type": "Point", "coordinates": [ 15.644085501, 50.834122429 ] } },
{ "type": "Feature", "id": 504, "properties": { "wkt_wgs84": "POINT (15.868350089430583 50.86436907803754)", "x_wgs84": 15.868350089430583, "y_wgs84": 50.864369078037541, "country": "Polska", "province": "dolnośląskie", "district": "karkonoski", "municipality": "Mysłakowice", "postcode": "58-533", "object_type": "K01.30.10", "object_type_name": "Zamki", "veracity_score": "good", "accessibility": "full", "state": "poor", "otar_id": "K01.30.10.ZVFUJG", "name": "Zamek Sokolec", "description": "Zamek Sokolec powstał prawdopodobnie w XIV w. jako niewielka lokalna warownia na Krzyżnej Górze w Rudawach Janowickich. Pierwsza wzmianka o nim pochodzi z 1364 r. Obiekt został zniszczony w drugiej połowie XV w. i nie został odbudowany. Jego forma architektoniczna jest słabo rozpoznana. Obecnie zachowany jest jedynie w postaci reliktów murów i ruin na szczycie wzgórza.", "wikidata": "Q20034269", "wikidata_url": "https://www.wikidata.org/wiki/Q20034269", "wikipedia": "pl:Zamek Sokolec", "wikipedia_url": "https://pl.wikipedia.org/wiki/Zamek_Sokolec", "published": "2026-08-14" }, "geometry": { "type": "Point", "coordinates": [ 15.868350089430583, 50.864369078037541 ] } },
{ "type": "Feature", "id": 505, "properties": { "wkt_wgs84": "POINT (19.700739142 51.409199427)", "x_wgs84": 19.700739142, "y_wgs84": 51.409199426999997, "country": "Polska", "province": "łódzkie", "district": "Piotrków Trybunalski", "municipality": "Piotrków Trybunalski", "postcode": "97-300", "object_type": "K01.30.10", "object_type_name": "Zamki", "veracity_score": "good", "accessibility": "full", "state": "excellent", "otar_id": "K01.30.10.ZX27YA", "name": "Zamek Królewski w Piotrkowie Trybunalskim", "description": "Zamek został wzniesiony na początku XVI wieku, a następnie zniszczony przez Szwedów w XVII wieku. Odbudowano go około 1670 roku. W 1869 roku obiekt przebudowano na kaplicę prawosławną. Zamek był rekonstruowany po I i II wojnie światowej. Do dziś zachowały się sklepienia kolebkowe w piwnicach, portale oraz zdobienia gotycko-renesansowe. Obecnie w budynku mieści się Muzeum Okręgowe.", "wikidata": "Q7197073", "wikidata_url": "https://www.wikidata.org/wiki/Q7197073", "wikipedia": "pl:Zamek Królewski w Piotrkowie Trybunalskim", "wikipedia_url": "https://pl.wikipedia.org/wiki/Zamek_Kr%C3%B3lewski_w_Piotrkowie_Trybunalskim", "published": "2026-08-14" }, "geometry": { "type": "Point", "coordinates": [ 19.700739142, 51.409199427 ] } },
{ "type": "Feature", "id": 506, "properties": { "wkt_wgs84": "POINT (18.608395315 52.197513244)", "x_wgs84": 18.608395315, "y_wgs84": 52.197513244, "country": "Polska", "province": "wielkopolskie", "district": "kolski", "municipality": "Kościelec", "postcode": "62-600", "object_type": "K01.30.10", "object_type_name": "Zamki", "veracity_score": "good", "accessibility": "full", "state": "fair", "otar_id": "K01.30.10.ZY3NRN", "name": "Zamek w Kole", "description": "Zamek w Kole wzniesiono w XIV w. z inicjatywy Kazimierza Wielkiego jako gotycką warownię królewską nad Wartą. Założenie obejmowało obwód murów, dziedziniec, zabudowę mieszkalną oraz masywną wieżę obronną. W późniejszych stuleciach zamek tracił znaczenie i stopniowo popadał w ruinę. Obecnie zachowały się fragmenty murów obwodowych i wieży, tworzące trwałą ruinę udostępnioną turystycznie.", "wikidata": "Q9386653", "wikidata_url": "https://www.wikidata.org/wiki/Q9386653", "wikipedia": "pl:Zamek w Kole", "wikipedia_url": "https://pl.wikipedia.org/wiki/Zamek_w_Kole", "published": "2026-08-14" }, "geometry": { "type": "Point", "coordinates": [ 18.608395315, 52.197513244 ] } },
{ "type": "Feature", "id": 507, "properties": { "wkt_wgs84": "POINT (15.712410137516326 51.846120299433295)", "x_wgs84": 15.712410137516326, "y_wgs84": 51.846120299433295, "country": "Polska", "province": "lubuskie", "district": "nowosolski", "municipality": "Otyń", "postcode": "67-106", "object_type": "K01.30.10", "object_type_name": "Zamki", "veracity_score": "good", "accessibility": "limited", "state": "fair", "otar_id": "K01.30.10.ZYL9KN", "name": "Zamek w Otyniu", "description": "Zamek w Otyniu powstał w średniowieczu jako siedziba książęca, a w kolejnych stuleciach był wielokrotnie przebudowywany i przekształcany w rezydencję. W jego architekturze nawarstwiły się elementy gotyckie, renesansowe i barokowe. Założenie obejmowało zabudowę mieszkalną, dziedziniec oraz elementy obronne. Po zniszczeniach i zaniedbaniach obiekt częściowo popadł w ruinę. Obecnie zachowane są fragmenty dawnego zespołu zamkowego.", "wikidata": "Q9386702", "wikidata_url": "https://www.wikidata.org/wiki/Q9386702", "wikipedia": "pl:Zamek w Otyniu", "wikipedia_url": "https://pl.wikipedia.org/wiki/Zamek_w_Otyniu", "published": "2026-08-30" }, "geometry": { "type": "Point", "coordinates": [ 15.712410137516326, 51.846120299433295 ] } },
{ "type": "Feature", "id": 508, "properties": { "wkt_wgs84": "POINT (18.149967 51.139691)", "x_wgs84": 18.149967, "y_wgs84": 51.139691, "country": "Polska", "province": "opolskie", "district": "kluczborski", "municipality": "Byczyna", "postcode": "46-220", "object_type": "K01.30.20", "object_type_name": "Dwory obronne", "veracity_score": "fair", "accessibility": "full", "state": "poor", "otar_id": "K01.30.20.1CWSG1", "name": "Dwór obronny w Ciecierzynie", "description": "Relikty dworu obronnego z XVII w.  Do dziś z założenia przetrwały jedynie skryte w zaroślach fundamenty, stawy będące pozostałością dawnej fosy oraz zabytkowy park z aleją dojazdową.", "wikidata": "n/a", "wikidata_url": "n/a", "wikipedia": "n/a", "wikipedia_url": "n/a", "published": "2026-08-14" }, "geometry": { "type": "Point", "coordinates": [ 18.149967, 51.139691 ] } },
{ "type": "Feature", "id": 509, "properties": { "wkt_wgs84": "POINT (20.464080709750494 50.78302469054767)", "x_wgs84": 20.464080709750494, "y_wgs84": 50.78302469054767, "country": "Polska", "province": "świętokrzyskie", "district": "kielecki", "municipality": "Chęciny", "postcode": "26-060", "object_type": "K01.30.20", "object_type_name": "Dwory obronne", "veracity_score": "good", "accessibility": "partial", "state": "excellent", "otar_id": "K01.30.20.1T87BU", "name": "Dwór obronny Starostów Chęcińskich", "description": "Dwór Starostów Chęcińskich wzniesiono w XVII w. jako reprezentacyjną siedzibę starostów chęcińskich. Założenie miało charakter rezydencjonalny, z głównym budynkiem dworskim, zabudowaniami gospodarczymi i otoczeniem parkowym. W kolejnych stuleciach obiekt był przebudowywany i tracił pierwotne funkcje. Obecnie zespół jest zachowany i użytkowany jako obiekt zabytkowy związany z działalnością kulturalną i turystyczną.", "wikidata": "n/a", "wikidata_url": "n/a", "wikipedia": "n/a", "wikipedia_url": "n/a", "published": "2026-08-14" }, "geometry": { "type": "Point", "coordinates": [ 20.464080709750494, 50.78302469054767 ] } },
{ "type": "Feature", "id": 510, "properties": { "wkt_wgs84": "POINT (15.790222 51.727056)", "x_wgs84": 15.790222, "y_wgs84": 51.727056, "country": "Polska", "province": "lubuskie", "district": "nowosolski", "municipality": "Bytom Odrzański", "postcode": "67-115", "object_type": "K01.30.20", "object_type_name": "Dwory obronne", "veracity_score": "good", "accessibility": "limited", "state": "good", "otar_id": "K01.30.20.2P7U6H", "name": "Wieża rycerska w Byczu", "description": "Średniowieczna wieża rycerska (mieszkalno-obronna) z końca XV w., wzniesiona przez ród von Kupperwolff. Po licznych przebudowach obniżona, obecnie zaadaptowana na cele agroturystyczne.", "wikidata": "n/a", "wikidata_url": "n/a", "wikipedia": "n/a", "wikipedia_url": "n/a", "published": "2026-08-14" }, "geometry": { "type": "Point", "coordinates": [ 15.790222, 51.727056 ] } },
{ "type": "Feature", "id": 511, "properties": { "wkt_wgs84": "POINT (15.279654041 51.729231883)", "x_wgs84": 15.279654041000001, "y_wgs84": 51.729231882999997, "country": "Polska", "province": "lubuskie", "district": "żagański", "municipality": "Żagań", "postcode": "68-100", "object_type": "K01.30.20", "object_type_name": "Dwory obronne", "veracity_score": "good", "accessibility": "full", "state": "poor", "otar_id": "K01.30.20.2QMBJE", "name": "Dwór obronny w Gorzupii Dolnej", "description": "Dwór obronny został zbudowany na planie dwóch przylegających prostokątów i posiadał dwie kondygnacje. Prawdopodobnie przykryty dachami dwuspadowymi. W XVII w. dokonano przebudowy, jedna z części otrzymała barokowy wystrój i nowy trzyspadowy dach. W każdej z elewacji umieszczono otwór wejściowy. W elewacji bocznej zachował się fragment renesansowego portalu, prawdopodobnie usuniętego w XIX w.", "wikidata": "n/a", "wikidata_url": "n/a", "wikipedia": "n/a", "wikipedia_url": "n/a", "published": "2026-08-14" }, "geometry": { "type": "Point", "coordinates": [ 15.279654041, 51.729231883 ] } },
{ "type": "Feature", "id": 512, "properties": { "wkt_wgs84": "POINT (15.172712012 51.059757863)", "x_wgs84": 15.172712012, "y_wgs84": 51.059757863000002, "country": "Polska", "province": "dolnośląskie", "district": "lubański", "municipality": "Platerówka", "postcode": "59-816", "object_type": "K01.30.20", "object_type_name": "Dwory obronne", "veracity_score": "fair", "accessibility": "limited", "state": "good", "otar_id": "K01.30.20.2RDG8N", "name": "Dwór obronny w Platerówce", "description": "Dwór w Platerówce to zabytkowy, gotycki dwór wzniesiony w 1510 roku, później przebudowywany w XVI, XVII i XVIII wieku. Obiekt, dawniej pełniący funkcję spichlerza, obecnie służy jako magazyn. Na elewacji frontowej zachowały się kartusz z herbem Macieja von Salza oraz płycina fundacyjna z 1510 roku.", "wikidata": "Q30052565", "wikidata_url": "https://www.wikidata.org/wiki/Q30052565", "wikipedia": "pl:Dwór w Platerówce", "wikipedia_url": "https://pl.wikipedia.org/wiki/Dw%C3%B3r_w_Plater%C3%B3wce", "published": "2026-08-14" }, "geometry": { "type": "Point", "coordinates": [ 15.172712012, 51.059757863 ] } },
{ "type": "Feature", "id": 513, "properties": { "wkt_wgs84": "POINT (15.017830085 51.184118493)", "x_wgs84": 15.017830085, "y_wgs84": 51.184118493, "country": "Polska", "province": "dolnośląskie", "district": "zgorzelecki", "municipality": "Zgorzelec", "postcode": "59-900", "object_type": "K01.30.20", "object_type_name": "Dwory obronne", "veracity_score": "poor", "accessibility": "partial", "state": "fair", "otar_id": "K01.30.20.3QDXRX", "name": "Dwór obronny w Jędrzychowicach", "description": "Dwór w Jędrzychowicach, obecnie w stanie ruiny, to obszerna rezydencja renesansowa z wieżą, wzniesiona w latach 1611-1625 na wcześniejszych fundamentach. W XIX wieku została rozbudowana. Po nacjonalizacji w 1945 roku obiekt uległ stopniowej degradacji i popadł w ruinę.", "wikidata": "Q9386652", "wikidata_url": "https://www.wikidata.org/wiki/Q9386652", "wikipedia": "pl:Dwór w Jędrzychowicach", "wikipedia_url": "https://pl.wikipedia.org/wiki/Dw%C3%B3r_w_J%C4%99drzychowicach", "published": "2026-08-14" }, "geometry": { "type": "Point", "coordinates": [ 15.017830085, 51.184118493 ] } },
{ "type": "Feature", "id": 514, "properties": { "wkt_wgs84": "POINT (16.482350194 50.890110383)", "x_wgs84": 16.482350194, "y_wgs84": 50.890110383, "country": "Polska", "province": "dolnośląskie", "district": "świdnicki", "municipality": "Jaworzyna Śląska", "postcode": "58-140", "object_type": "K01.30.20", "object_type_name": "Dwory obronne", "veracity_score": "good", "accessibility": "limited", "state": "excellent", "otar_id": "K01.30.20.3SD8PP", "name": "Dwór obronny w Bagieńcu", "description": "Zabytkowy dwór obronny w Bagieńcu to cenny przykład śląskiej architektury rezydencjonalnej, który w unikalny sposób łączy surowe cechy średniowiecznej warowni z elegancją renesansu i baroku. Malowniczo posadowiony na sztucznej wyspie pośrodku rozległego stawu, obiekt od stuleci stanowi integralny i fotogeniczny element tutejszego krajobrazu kulturowego. Początki tego założenia sięgają drugiej połowy XIII wieku, kiedy wzniesiono tu murowaną, gotycką placówkę obronną otoczoną nawodnioną fosą.", "wikidata": "Q20033714", "wikidata_url": "https://www.wikidata.org/wiki/Q20033714", "wikipedia": "pl:Dwór w Bagieńcu", "wikipedia_url": "https://pl.wikipedia.org/wiki/Dw%C3%B3r_w_Bagie%C5%84cu", "published": "2026-08-14" }, "geometry": { "type": "Point", "coordinates": [ 16.482350194, 50.890110383 ] } },
{ "type": "Feature", "id": 515, "properties": { "wkt_wgs84": "POINT (16.830437746 50.965886283)", "x_wgs84": 16.830437746000001, "y_wgs84": 50.965886283000003, "country": "Polska", "province": "dolnośląskie", "district": "wrocławski", "municipality": "Kąty Wrocławskie", "postcode": "55-080", "object_type": "K01.30.20", "object_type_name": "Dwory obronne", "veracity_score": "fair", "accessibility": "limited", "state": "fair", "otar_id": "K01.30.20.3UN55J", "name": "Dwór obronny w Górzycach", "description": "Dwór obronnny w Górzycach wzniesiono w na przełomie XVI i XVII w. następnie w XVII w. przebudowana w stylu renesansowym. Około 1700 r. został zbarokizowany przez dobudowę ryzalitu i uporządkowanie bryły. Murowany z cegły, dwukondygnacyjny, częściowo podpiwniczony, pierwotnie otoczony fosą. Po 1945 r. użytkowany mieszkalnie, później przez PGR. Od lat 90. XX w. opuszczony, obecnie znajduje się w stanie postępującej ruiny.", "wikidata": "Q60862113", "wikidata_url": "https://www.wikidata.org/wiki/Q60862113", "wikipedia": "pl:Dwór w Górzycach", "wikipedia_url": "https://pl.wikipedia.org/wiki/Dw%C3%B3r_w_G%C3%B3rzycach", "published": "2026-08-14" }, "geometry": { "type": "Point", "coordinates": [ 16.830437746, 50.965886283 ] } },
{ "type": "Feature", "id": 516, "properties": { "wkt_wgs84": "POINT (14.818409532 51.633799644)", "x_wgs84": 14.818409532, "y_wgs84": 51.633799644, "country": "Polska", "province": "lubuskie", "district": "żarski", "municipality": "Trzebiel", "postcode": "68-212", "object_type": "K01.30.20", "object_type_name": "Dwory obronne", "veracity_score": "fair", "accessibility": "limited", "state": "fair", "otar_id": "K01.30.20.4P8HG7", "name": "Wieża mieszkalna Trzebiel", "description": "Wieża mieszkalno-obronna, wzniesiona prawdopodobnie w XIV w. na planie zbliżonym do kwadratu, z kamienia polnego i cegły. Pierwotnie miała trzy kondygnacje i dach dwuspadowy. Zachowały się ceglane sklepienia krzyżowe i kolebkowe oraz centralna klatka schodowa. Obiekt przebudowywano w XVI i XIX w.; okresowo pełnił funkcję więzienia. Po 1945 r. popadł w ruinę i został obniżony do wysokości dwóch kondygnacji. Zamurowane okna i wejścia. Możliwa do obejrzenia z zewnątrz", "wikidata": "Q30143459", "wikidata_url": "https://www.wikidata.org/wiki/Q30143459", "wikipedia": "n/a", "wikipedia_url": "n/a", "published": "2026-08-14" }, "geometry": { "type": "Point", "coordinates": [ 14.818409532, 51.633799644 ] } },
{ "type": "Feature", "id": 517, "properties": { "wkt_wgs84": "POINT (18.925589382 53.800155796)", "x_wgs84": 18.925589381999998, "y_wgs84": 53.800155796, "country": "Polska", "province": "pomorskie", "district": "kwidzyński", "municipality": "Kwidzyn", "postcode": "82-501", "object_type": "K01.30.20", "object_type_name": "Dwory obronne", "veracity_score": "good", "accessibility": "partial", "state": "excellent", "otar_id": "K01.30.20.5D9QLK", "name": "Biały Dwór w Podzamczu", "description": "Biały Dwór to nazwa odnosząca się do historycznego zespołu dworskiego, którego tradycje obronne i rezydencjonalne są mocno zakorzenione w architekturze oraz historii Pomorza i Kujaw (najbardziej znany obiekt o tej nazwie znajduje się w Białym Dworze w powiecie kwidzyńskim, niedaleko Sztumu). Początki założeń majątkowych w tej lokalizacji sięgają czasów średniowiecza i zakonu krzyżackiego, kiedy to obszary te miały kluczowe znaczenie militarne.", "wikidata": "Q30584545", "wikidata_url": "https://www.wikidata.org/wiki/Q30584545", "wikipedia": "n/a", "wikipedia_url": "n/a", "published": "2026-08-14" }, "geometry": { "type": "Point", "coordinates": [ 18.925589382, 53.800155796 ] } },
{ "type": "Feature", "id": 518, "properties": { "wkt_wgs84": "POINT (19.240057131 49.86296892)", "x_wgs84": 19.240057131, "y_wgs84": 49.86296892, "country": "Polska", "province": "śląskie", "district": "bielski", "municipality": "Porąbka", "postcode": "43-354", "object_type": "K01.30.20", "object_type_name": "Dwory obronne", "veracity_score": "good", "accessibility": "limited", "state": "excellent", "otar_id": "K01.30.20.5FW6GH", "name": "Dwór obronny w Czańcu", "description": "Dwór obronny w Czańcu (woj. śląskie) to renesansowo-barokowa rezydencja z XVII wieku, wzniesiona przez rodów Stokstockich. Piętrowy budynek charakteryzuje się dwiema narożnymi basztami alkierzowymi nakrytymi dachem namiotowym oraz centralnym ryzalitem z głównym wjazdem. Obecnie obiekt jest zaniedbany.", "wikidata": "Q9213394", "wikidata_url": "https://www.wikidata.org/wiki/Q9213394", "wikipedia": "pl:Dwór obronny w Czańcu", "wikipedia_url": "https://pl.wikipedia.org/wiki/Dw%C3%B3r_obronny_w_Cza%C5%84cu", "published": "2026-08-14" }, "geometry": { "type": "Point", "coordinates": [ 19.240057131, 49.86296892 ] } },
{ "type": "Feature", "id": 519, "properties": { "wkt_wgs84": "POINT (21.042945992 49.600298765)", "x_wgs84": 21.042945992, "y_wgs84": 49.600298764999998, "country": "Polska", "province": "małopolskie", "district": "gorlicki", "municipality": "Ropa", "postcode": "38-312", "object_type": "K01.30.20", "object_type_name": "Dwory obronne", "veracity_score": "good", "accessibility": "full", "state": "excellent", "otar_id": "K01.30.20.5NDW3B", "name": "Dwór obronny w Ropie", "description": "Znajdujący się w Ropie dawny dwór obronny to zabytek, którego powstanie datuje się najprawdopodobniej na połowę XVI wieku. Za fundatorów tej budowli uznaje się ród Brzezińskich. W XIX stuleciu obiekt przeszedł architektoniczną transformację, w wyniku której zmienił swoją pierwotną funkcję na dworski lamus  i w takiej formie zachował się do czasów współczesnych. Budynek jest zlokalizowany w samym centrum miejscowości, gdzie stanowi zachodnią część miejscowego zespołu pałacowego.", "wikidata": "Q30159292", "wikidata_url": "https://www.wikidata.org/wiki/Q30159292", "wikipedia": "pl:Dwór obronny w Ropie", "wikipedia_url": "https://pl.wikipedia.org/wiki/Dw%C3%B3r_obronny_w_Ropie", "published": "2026-08-14" }, "geometry": { "type": "Point", "coordinates": [ 21.042945992, 49.600298765 ] } },
{ "type": "Feature", "id": 520, "properties": { "wkt_wgs84": "POINT (23.153113617 50.239025887)", "x_wgs84": 23.153113617, "y_wgs84": 50.239025886999997, "country": "Polska", "province": "podkarpackie", "district": "lubaczowski", "municipality": "Cieszanów", "postcode": "37-611", "object_type": "K01.30.20", "object_type_name": "Dwory obronne", "veracity_score": "good", "accessibility": "limited", "state": "bad", "otar_id": "K01.30.20.5QW5QR", "name": "Dwór obronny w Nowym Siole", "description": "Zrujnowany dwór obronny z pierwszej połowy XIX w., należący dawniej do Gnoińskich. Obiekt wyróżnia się zachowanymi bastionowymi fortyfikacjami ziemnymi systemu holenderskiego oraz parkiem.", "wikidata": "n/a", "wikidata_url": "n/a", "wikipedia": "n/a", "wikipedia_url": "n/a", "published": "2026-08-14" }, "geometry": { "type": "Point", "coordinates": [ 23.153113617, 50.239025887 ] } },
{ "type": "Feature", "id": 521, "properties": { "wkt_wgs84": "POINT (19.333326586 51.410523011)", "x_wgs84": 19.333326585999998, "y_wgs84": 51.410523011000002, "country": "Polska", "province": "łódzkie", "district": "bełchatowski", "municipality": "Bełchatów", "postcode": "97-400", "object_type": "K01.30.20", "object_type_name": "Dwory obronne", "veracity_score": "good", "accessibility": "limited", "state": "bad", "otar_id": "K01.30.20.5TZQQ6", "name": "Dwór obronny w Mikorzycach", "description": "Dwór w Mikorzycach wzniesiono w XVI wieku jako murowaną siedzibę o funkcjach mieszkalnych i obronnych. Budowla miała zwartą bryłę, typową dla niewielkich dworów obronnych, i była w późniejszych okresach przekształcana. Zachowały się fragmenty ścian i fosa.", "wikidata": "Q30089596", "wikidata_url": "https://www.wikidata.org/wiki/Q30089596", "wikipedia": "n/a", "wikipedia_url": "n/a", "published": "2026-08-14" }, "geometry": { "type": "Point", "coordinates": [ 19.333326586, 51.410523011 ] } },
{ "type": "Feature", "id": 522, "properties": { "wkt_wgs84": "POINT (22.558927338 49.646803723)", "x_wgs84": 22.558927338, "y_wgs84": 49.646803722999998, "country": "Polska", "province": "podkarpackie", "district": "bieszczadzki", "municipality": "Ustrzyki Dolne", "postcode": "38-700", "object_type": "K01.30.20", "object_type_name": "Dwory obronne", "veracity_score": "poor", "accessibility": "full", "state": "poor", "otar_id": "K01.30.20.6E3GHG", "name": "Dwór obronny Trójca", "description": "Dwór Obronny w Trójcy  Renesansowa Fortalicja Nadgraniczna Malowniczo usytuowany nad potokiem Jaminka dwór obronny w Trójcy to jeden z najbardziej fascynujących i unikalnych zabytków dawnego pogranicza. Ta szlachecka rezydencja o wyraźnych cechach obronnych stanowi rzadki przykład murowanej nowożytnej architektury rezydencjonalno-obronnej w tej części Karpat. Początki murowanego obiektu sięgają przełomu XVI i XVII wieku.", "wikidata": "n/a", "wikidata_url": "n/a", "wikipedia": "n/a", "wikipedia_url": "n/a", "published": "2026-08-14" }, "geometry": { "type": "Point", "coordinates": [ 22.558927338, 49.646803723 ] } },
{ "type": "Feature", "id": 523, "properties": { "wkt_wgs84": "POINT (16.989900204 51.034572981)", "x_wgs84": 16.989900204000001, "y_wgs84": 51.034572980999997, "country": "Polska", "province": "dolnośląskie", "district": "wrocławski", "municipality": "Kobierzyce", "postcode": "55-040", "object_type": "K01.30.20", "object_type_name": "Dwory obronne", "veracity_score": "good", "accessibility": "partial", "state": "excellent", "otar_id": "K01.30.20.6F98QG", "name": "Dwór obronny w Ślęzie", "description": "Dwór w Ślęzie wzniesiono w XVI w. jako renesansową siedzibę o funkcjach mieszkalnych i obronnych. Murowany obiekt ma zwartą bryłę, grube mury oraz zachowane elementy dawnego układu rezydencjonalnego. W kolejnych stuleciach był przebudowywany i adaptowany do nowych funkcji. Obecnie dwór jest zachowany jako zabytek architektury rezydencjonalnej i pozostaje elementem historycznego zespołu majątkowego.", "wikidata": "Q60862133", "wikidata_url": "https://www.wikidata.org/wiki/Q60862133", "wikipedia": "pl:Dwór w Ślęzie", "wikipedia_url": "https://pl.wikipedia.org/wiki/Dw%C3%B3r_w_%C5%9Al%C4%99zie", "published": "2026-08-14" }, "geometry": { "type": "Point", "coordinates": [ 16.989900204, 51.034572981 ] } },
{ "type": "Feature", "id": 524, "properties": { "wkt_wgs84": "POINT (16.828346697 50.347278048)", "x_wgs84": 16.828346697000001, "y_wgs84": 50.347278048, "country": "Polska", "province": "dolnośląskie", "district": "kłodzki", "municipality": "Lądek-Zdrój", "postcode": "57-540", "object_type": "K01.30.20", "object_type_name": "Dwory obronne", "veracity_score": "good", "accessibility": "limited", "state": "good", "otar_id": "K01.30.20.6RC1NS", "name": "Dwór obronny w Radochowie", "description": "Dwór obronny w Radochowie powstał około 1610 roku z inicjatywy Bernarda von Pannwitza jako późnorenesansowa siedziba o funkcjach mieszkalnych i obronnych. Dwukondygnacyjny budynek wzniesiono na planie prostokąta z kamienia i cegły, a jego najbardziej charakterystycznym elementem jest narożna wieża alkierzowa o bastionowym zarysie. W kolejnych stuleciach dwór był przebudowywany, zachowując jednak renesansowy układ przestrzenny oraz część oryginalnych sklepień.", "wikidata": "Q18614104", "wikidata_url": "https://www.wikidata.org/wiki/Q18614104", "wikipedia": "pl:Dwór w Radochowie", "wikipedia_url": "https://pl.wikipedia.org/wiki/Dw%C3%B3r_w_Radochowie", "published": "2026-08-14" }, "geometry": { "type": "Point", "coordinates": [ 16.828346697, 50.347278048 ] } },
{ "type": "Feature", "id": 525, "properties": { "wkt_wgs84": "POINT (14.923076 51.826881)", "x_wgs84": 14.923076, "y_wgs84": 51.826881, "country": "Polska", "province": "lubuskie", "district": "żarski", "municipality": "Lubsko", "postcode": "68-300", "object_type": "K01.30.20", "object_type_name": "Dwory obronne", "veracity_score": "fair", "accessibility": "partial", "state": "poor", "otar_id": "K01.30.20.7819CM", "name": "Dwór obronny w Osieku", "description": "Dwór w Osieku wzniesiono w XV w., a następnie przebudowywano w XVIII i XX stuleciu. Murowany z kamienia i cegły, ma plan prostokąta, dwie kondygnacje oraz dwie cylindryczne wieże w narożach elewacji zachodniej; od tej strony znajduje się także późniejsza dobudówka. Po 1945 r. obiekt nie był właściwie użytkowany i stopniowo popadał w ruinę. Obecnie pozostaje w stanie ruiny.", "wikidata": "n/a", "wikidata_url": "n/a", "wikipedia": "n/a", "wikipedia_url": "n/a", "published": "2026-08-14" }, "geometry": { "type": "Point", "coordinates": [ 14.923076, 51.826881 ] } },
{ "type": "Feature", "id": 526, "properties": { "wkt_wgs84": "POINT (15.816178 51.651508)", "x_wgs84": 15.816178, "y_wgs84": 51.651508, "country": "Polska", "province": "lubuskie", "district": "żagański", "municipality": "Niegosławice", "postcode": "67-312", "object_type": "K01.30.20", "object_type_name": "Dwory obronne", "veracity_score": "fair", "accessibility": "limited", "state": "bad", "otar_id": "K01.30.20.7DB1JZ", "name": "Dwór obronny w Zimnej Brzeźnicy", "description": "Renesansowy dwór obronny, o którego wyglądzie nie można dużo powiedzieć, ponieważ do dziś zachowały się tylko jego zarośnięte drzewami i roślinnością fragmenty budowli. O jego wyglądzie można wnioskować tylko z ocalonych fragmentów oraz z analiz architektonicznych bryły.", "wikidata": "Q30142423", "wikidata_url": "https://www.wikidata.org/wiki/Q30142423", "wikipedia": "n/a", "wikipedia_url": "n/a", "published": "2026-08-14" }, "geometry": { "type": "Point", "coordinates": [ 15.816178, 51.651508 ] } },
{ "type": "Feature", "id": 527, "properties": { "wkt_wgs84": "POINT (21.562656252 50.090350275)", "x_wgs84": 21.562656252, "y_wgs84": 50.090350275, "country": "Polska", "province": "podkarpackie", "district": "ropczycko-sędziszowski", "municipality": "Ostrów", "postcode": "39-103", "object_type": "K01.30.20", "object_type_name": "Dwory obronne", "veracity_score": "fair", "accessibility": "limited", "state": "excellent", "otar_id": "K01.30.20.7DZQRL", "name": "Dwór obronny w Skrzyszowie", "description": "Dwór obronny w Skrzyszowie to unikalny, choć mało znany zabytek polskiej architektury rezydencjonalnej o wyraźnych cechach obronnych. Reprezentuje typ ufortyfikowanego dworu szlacheckiego, który w okresie renesansu łączył elegancję nowożytnej siedziby z funkcją militarną. Początki murowanego obiektu sięgają drugiej połowy XVI wieku.", "wikidata": "n/a", "wikidata_url": "n/a", "wikipedia": "n/a", "wikipedia_url": "n/a", "published": "2026-08-14" }, "geometry": { "type": "Point", "coordinates": [ 21.562656252, 50.090350275 ] } },
{ "type": "Feature", "id": 528, "properties": { "wkt_wgs84": "POINT (18.590912 51.178726)", "x_wgs84": 18.590912, "y_wgs84": 51.178726, "country": "Polska", "province": "łódzkie", "district": "wieluński", "municipality": "Pątnów", "postcode": "98-335", "object_type": "K01.30.20", "object_type_name": "Dwory obronne", "veracity_score": "fair", "accessibility": "limited", "state": "fair", "otar_id": "K01.30.20.7G5BD8", "name": "Dwór obronny w Kamionce", "description": "Dwór obronny w Kamionce wzniesiono prawdopodobnie w drugiej połowie XVI w. dla arcybiskupów gnieźnieńskich. Trójkondygnacyjny budynek na planie prostokąta 10,7 × 18,3 m miał sklepione dolne kondygnacje i dach czterospadowy. W XVIII w. dobudowano trakt komunikacyjny i barokowy szczyt. Już w 1677 r. pełnił funkcję lamusa. Obecnie zachowały się głównie ceglane mury obwodowe, a prywatny obiekt pozostaje w złym stanie technicznym.", "wikidata": "n/a", "wikidata_url": "n/a", "wikipedia": "n/a", "wikipedia_url": "n/a", "published": "2026-08-14" }, "geometry": { "type": "Point", "coordinates": [ 18.590912, 51.178726 ] } },
{ "type": "Feature", "id": 529, "properties": { "wkt_wgs84": "POINT (19.151125288839552 49.72222748885974)", "x_wgs84": 19.151125288839552, "y_wgs84": 49.722227488859737, "country": "Polska", "province": "śląskie", "district": "żywiecki", "municipality": "Łodygowice", "postcode": "34-325", "object_type": "K01.30.20", "object_type_name": "Dwory obronne", "veracity_score": "good", "accessibility": "partial", "state": "excellent", "otar_id": "K01.30.20.7K3AXF", "name": "Dwór w Łodygowicach", "description": "Dwór w Łodygowicach wzniesiono w XVII w. jako murowaną siedzibę o funkcjach mieszkalnych i obronnych. Założenie miało zwartą bryłę, a jego charakter podkreślały grube mury i usytuowanie w obrębie dawnego majątku. W kolejnych stuleciach obiekt był przebudowywany i dostosowywany do nowych funkcji. Obecnie dwór jest zachowany i stanowi element historycznego zespołu rezydencjonalnego.", "wikidata": "Q20033718", "wikidata_url": "https://www.wikidata.org/wiki/Q20033718", "wikipedia": "pl:Dwór w Łodygowicach", "wikipedia_url": "https://pl.wikipedia.org/wiki/Dw%C3%B3r_w_%C5%81odygowicach", "published": "2026-08-30" }, "geometry": { "type": "Point", "coordinates": [ 19.151125288839552, 49.722227488859737 ] } },
{ "type": "Feature", "id": 530, "properties": { "wkt_wgs84": "POINT (20.228784432 49.449450912)", "x_wgs84": 20.228784432000001, "y_wgs84": 49.449450912000003, "country": "Polska", "province": "małopolskie", "district": "nowotarski", "municipality": "Łapsze Niżne", "postcode": "34-435", "object_type": "K01.30.20", "object_type_name": "Dwory obronne", "veracity_score": "fair", "accessibility": "limited", "state": "excellent", "otar_id": "K01.30.20.7PEL4N", "name": "Kasztel we Frydmanie", "description": "Kasztel we Frydmanie powstał w latach 1585–1590 jako renesansowa rezydencja obronna, przebudowana z wcześniejszej XIV-wiecznej wieży strażniczej chroniącej granicę polsko-węgierską. Jednokondygnacyjny dwór miał formę inspirowaną włoskimi zamkami, z alkierzami i attyką. Przebudowa z 1910 r. zatarła część renesansowych cech. Obecnie kasztel pozostaje własnością prywatną i nie jest udostępniony turystom.", "wikidata": "Q30182142", "wikidata_url": "https://www.wikidata.org/wiki/Q30182142", "wikipedia": "pl:Kasztel we Frydmanie", "wikipedia_url": "https://pl.wikipedia.org/wiki/Kasztel_we_Frydmanie", "published": "2026-08-14" }, "geometry": { "type": "Point", "coordinates": [ 20.228784432, 49.449450912 ] } },
{ "type": "Feature", "id": 531, "properties": { "wkt_wgs84": "POINT (16.970529416 51.041749412)", "x_wgs84": 16.970529416000002, "y_wgs84": 51.041749412000001, "country": "Polska", "province": "dolnośląskie", "district": "wrocławski", "municipality": "Kobierzyce", "postcode": "55-040", "object_type": "K01.30.20", "object_type_name": "Dwory obronne", "veracity_score": "good", "accessibility": "limited", "state": "good", "otar_id": "K01.30.20.7UE7FX", "name": "Dwór obronny w Bielanach Wrocławskich", "description": "Dwór w Bielanach Wrocławskich wzniesiono w XVI w. jako renesansową siedzibę o cechach obronnych. Murowany obiekt miał zwartą bryłę, grube mury i pełnił funkcje mieszkalne oraz gospodarcze. W kolejnych stuleciach był przebudowywany, tracąc część pierwotnych cech stylowych. Obecnie zachował się jako zabytkowy budynek dawnego założenia dworskiego.", "wikidata": "Q60862111", "wikidata_url": "https://www.wikidata.org/wiki/Q60862111", "wikipedia": "pl:Dwór w Bielanach Wrocławskich", "wikipedia_url": "https://pl.wikipedia.org/wiki/Dw%C3%B3r_w_Bielanach_Wroc%C5%82awskich", "published": "2026-08-14" }, "geometry": { "type": "Point", "coordinates": [ 16.970529416, 51.041749412 ] } },
{ "type": "Feature", "id": 532, "properties": { "wkt_wgs84": "POINT (15.519897064 51.628548451)", "x_wgs84": 15.519897064, "y_wgs84": 51.628548451, "country": "Polska", "province": "lubuskie", "district": "żagański", "municipality": "Szprotawa", "postcode": "67-300", "object_type": "K01.30.20", "object_type_name": "Dwory obronne", "veracity_score": "good", "accessibility": "full", "state": "good", "otar_id": "K01.30.20.8SYMPA", "name": "Wieża rycerska w Witkowie", "description": "Wieża rycerska w Witkowie to jeden z najbardziej unikalnych i spektakularnych zabytków średniowiecznej architektury mieszkalno-obronnej w Polsce. Stanowi podręcznikowy, rzadko spotykany przykład zachowanego w całości wolnostojącego donżonu rycerskiego. Początki murowanej budowli sięgają przełomu XIV i XV wieku. Obecnie wieża w Witkowie znajduje się w rękach prywatnych i została pieczołowicie odrestaurowana.", "wikidata": "Q48848918", "wikidata_url": "https://www.wikidata.org/wiki/Q48848918", "wikipedia": "pl:Wieża rycerska w Witkowie", "wikipedia_url": "https://pl.wikipedia.org/wiki/Wie%C5%BCa_rycerska_w_Witkowie", "published": "2026-08-14" }, "geometry": { "type": "Point", "coordinates": [ 15.519897064, 51.628548451 ] } },
{ "type": "Feature", "id": 533, "properties": { "wkt_wgs84": "POINT (15.661675688 52.946526836)", "x_wgs84": 15.661675688000001, "y_wgs84": 52.946526835999997, "country": "Polska", "province": "lubuskie", "district": "strzelecko-drezdenecki", "municipality": "Dobiegniew", "postcode": "66-520", "object_type": "K01.30.20", "object_type_name": "Dwory obronne", "veracity_score": "poor", "accessibility": "limited", "state": "fair", "otar_id": "K01.30.20.8VQBWU", "name": "Wieża rycerska w Chomętowie", "description": "Wieża rycerska będąca pozostałościami dworu obronnego, przebudowana na spichlerz, który wchodzi obecnie w skład zespołu dworsko - folwarcznego w Chomętowie. ", "wikidata": "n/a", "wikidata_url": "n/a", "wikipedia": "n/a", "wikipedia_url": "n/a", "published": "2026-08-14" }, "geometry": { "type": "Point", "coordinates": [ 15.661675688, 52.946526836 ] } },
{ "type": "Feature", "id": 534, "properties": { "wkt_wgs84": "POINT (17.040266612 51.032513635)", "x_wgs84": 17.040266612, "y_wgs84": 51.032513635000001, "country": "Polska", "province": "dolnośląskie", "district": "wrocławski", "municipality": "Siechnice", "postcode": "55-010", "object_type": "K01.30.20", "object_type_name": "Dwory obronne", "veracity_score": "good", "accessibility": "limited", "state": "excellent", "otar_id": "K01.30.20.8Z23HZ", "name": "Wieża mieszkalno-obronna w Biestrzykowie", "description": "Wznosząca się w Biestrzykowie średniowieczna wieża to jeden z najcenniejszych i najlepiej zachowanych przykładów gotyckiej architektury mieszkalno-obronnej w Polsce. Ta unikalna budowla stanowi doskonałą ilustrację tego, jak w XIV wieku mieszkali zamożni rycerze na Śląsku. Początki wieży sięgają pierwszej połowy XIV wieku (około 1300-1314 roku). Powstała najprawdopodobniej z inicjatywy biskupa wrocławskiego Henryka z Wierzbna lub jako prywatna, rodowa siedziba rycerska.", "wikidata": "Q30084045", "wikidata_url": "https://www.wikidata.org/wiki/Q30084045", "wikipedia": "pl:Wieża mieszkalna w Biestrzykowie", "wikipedia_url": "https://pl.wikipedia.org/wiki/Wie%C5%BCa_mieszkalna_w_Biestrzykowie", "published": "2026-08-14" }, "geometry": { "type": "Point", "coordinates": [ 17.040266612, 51.032513635 ] } },
{ "type": "Feature", "id": 535, "properties": { "wkt_wgs84": "POINT (16.975075483 50.704677204)", "x_wgs84": 16.975075483000001, "y_wgs84": 50.704677204, "country": "Polska", "province": "dolnośląskie", "district": "strzeliński", "municipality": "Strzelin", "postcode": "57-100", "object_type": "K01.30.20", "object_type_name": "Dwory obronne", "veracity_score": "fair", "accessibility": "limited", "state": "bad", "otar_id": "K01.30.20.94B2UC", "name": "Dwór obronny w Nieszkowicach", "description": "Dwór obronny w Nieszkowicach powstał w XVI w. jako gotycka wieża mieszkalna otoczona fosą. W XVII w. rozbudowano go o renesansowy dwór, tworząc rezydencję szlachecką. Obiekt był wielokrotnie niszczony i przebudowywany, m.in. w XVIII–XIX w. oraz w latach 30. XX w. Do dziś zachowały się trzy prostokątne skrzydła otaczające dziedziniec oraz XIX-wieczny most nad dawną fosą. Dwór pozostaje w stanie ruiny.", "wikidata": "Q19401686", "wikidata_url": "https://www.wikidata.org/wiki/Q19401686", "wikipedia": "pl:Zamek w Nieszkowicach", "wikipedia_url": "https://pl.wikipedia.org/wiki/Zamek_w_Nieszkowicach", "published": "2026-08-14" }, "geometry": { "type": "Point", "coordinates": [ 16.975075483, 50.704677204 ] } },
{ "type": "Feature", "id": 536, "properties": { "wkt_wgs84": "POINT (19.005905 51.478622)", "x_wgs84": 19.005905, "y_wgs84": 51.478622, "country": "Polska", "province": "łódzkie", "district": "łaski", "municipality": "Sędziejowice", "postcode": "98-160", "object_type": "K01.30.20", "object_type_name": "Dwory obronne", "veracity_score": "good", "accessibility": "limited", "state": "poor", "otar_id": "K01.30.20.9N8ECY", "name": "Dwór obronny w Woli Wężykowej", "description": "XVI-wieczne ruiny murowanej siedziby rodu Wężyków, położone na podmokłych terenach dawnych rozlewisk, ok. 300 m od głównej drogi we wsi Wola Wężykowa, wpisane do rejestru zabytków pod nr 441 z 25.07.1967 (lub 651 z 31.08.1967). Teren jest prywatny i ogrodzony, wejście na miejsce utrudnione; w pobliskim parku znajduje się inny dwór, który do 1939 r. należał do Rogowskich, po wojnie wykupiony przez Kazimierza Ziółkowskiego.", "wikidata": "Q30091042", "wikidata_url": "https://www.wikidata.org/wiki/Q30091042", "wikipedia": "n/a", "wikipedia_url": "n/a", "published": "2026-08-14" }, "geometry": { "type": "Point", "coordinates": [ 19.005905, 51.478622 ] } },
{ "type": "Feature", "id": 537, "properties": { "wkt_wgs84": "POINT (19.67839940578036 49.881730897544315)", "x_wgs84": 19.678399405780361, "y_wgs84": 49.881730897544315, "country": "Polska", "province": "małopolskie", "district": "wadowicki", "municipality": "Kalwaria Zebrzydowska", "postcode": "34-130", "object_type": "K01.30.20", "object_type_name": "Dwory obronne", "veracity_score": "good", "accessibility": "partial", "state": "fair", "otar_id": "K01.30.20.A7E3WV", "name": "Dwór obronny w Zebrzydowicach", "description": "Dwór obronny w Zebrzydowicach wzniesiono w XVI w. jako renesansową siedzibę o funkcjach mieszkalnych i obronnych. Murowany budynek miał zwartą bryłę i był związany z założeniem dworskim otoczonym elementami obronnymi. W kolejnych stuleciach obiekt przebudowywano i dostosowywano do nowych funkcji. Obecnie zachował się jako zabytkowy budynek dawnej rezydencji i pozostaje elementem historycznego zespołu miejscowości.", "wikidata": "Q9213408", "wikidata_url": "https://www.wikidata.org/wiki/Q9213408", "wikipedia": "pl:Dwór obronny w Zebrzydowicach", "wikipedia_url": "https://pl.wikipedia.org/wiki/Dw%C3%B3r_obronny_w_Zebrzydowicach", "published": "2026-08-30" }, "geometry": { "type": "Point", "coordinates": [ 19.678399405780361, 49.881730897544315 ] } },
{ "type": "Feature", "id": 538, "properties": { "wkt_wgs84": "POINT (16.439756883 50.947713438)", "x_wgs84": 16.439756883000001, "y_wgs84": 50.947713438000001, "country": "Polska", "province": "dolnośląskie", "district": "świdnicki", "municipality": "Jaworzyna Śląska", "postcode": "58-140", "object_type": "K01.30.20", "object_type_name": "Dwory obronne", "veracity_score": "fair", "accessibility": "limited", "state": "good", "otar_id": "K01.30.20.AU3PSF", "name": "Wieża w Pastuchowie", "description": "Wieża w Pastuchowie to zabytkowa wieża mieszkalno-obronna z przełomu XV i XVI wieku, otoczona później renesansowym dworem. Obiekt przebudowano w XVIII i XIX wieku, a po wojnie był użytkowany gospodarczo. Zachowały się m.in. gotyckie obramowania okien i dekoracje sufitowe.", "wikidata": "Q20034245", "wikidata_url": "https://www.wikidata.org/wiki/Q20034245", "wikipedia": "pl:Wieża w Pastuchowie", "wikipedia_url": "https://pl.wikipedia.org/wiki/Wie%C5%BCa_w_Pastuchowie", "published": "2026-08-14" }, "geometry": { "type": "Point", "coordinates": [ 16.439756883, 50.947713438 ] } },
{ "type": "Feature", "id": 539, "properties": { "wkt_wgs84": "POINT (19.112972892 51.569963255)", "x_wgs84": 19.112972891999998, "y_wgs84": 51.569963254999998, "country": "Polska", "province": "łódzkie", "district": "łaski", "municipality": "Łask", "postcode": "98-100", "object_type": "K01.30.20", "object_type_name": "Dwory obronne", "veracity_score": "fair", "accessibility": "limited", "state": "good", "otar_id": "K01.30.20.B37R9D", "name": "Dwór obronny w Łopatkach", "description": "Dwór obronny w Łopatkach - renesansowy obiekt zabytkowy wzniesiony w XVI w. (nr rej.: 550-IV-42 oraz 60). W XV w. majątek należał do Łaskich, później m.in. do Bużeńskich, Gomolińskich i Bykowskich, a od 1876 r. do rodziny Pruskich, w której rękach prywatnych pozostaje do dziś. Po 1580 r. budynek podupadł; przejściowo służył jako zbór ariański, a na przełomie XVII/XVIII w. został przekształcony w spichlerz. Obecnie, wkomponowany w infrastrukturę gospodarstwa rolnego, pełni funkcję magazynu.", "wikidata": "n/a", "wikidata_url": "n/a", "wikipedia": "n/a", "wikipedia_url": "n/a", "published": "2026-08-14" }, "geometry": { "type": "Point", "coordinates": [ 19.112972892, 51.569963255 ] } },
{ "type": "Feature", "id": 540, "properties": { "wkt_wgs84": "POINT (21.513493134 50.212482348)", "x_wgs84": 21.513493134000001, "y_wgs84": 50.212482348000002, "country": "Polska", "province": "podkarpackie", "district": "mielecki", "municipality": "Przecław", "postcode": "39-322", "object_type": "K01.30.20", "object_type_name": "Dwory obronne", "veracity_score": "fair", "accessibility": "limited", "state": "excellent", "otar_id": "K01.30.20.B94V32", "name": "Dwór obronny w Rzemieniu", "description": "Dwór obronny w Rzemieniu (często nazywany zamkiem książęcym) to jeden z najciekawszych i najlepiej zachowanych przykładów średniowieczno-nowożytnej prywatnej architektury obronnej w regionie Podkarpacia. Usytuowany w widłach Wisłoki, w dawnych podmokłych rozlewiskach, stanowił nieliczny przykład murowanej warowni wzniesionej na terenie Puszczy Sandomierskiej.", "wikidata": "Q30549847", "wikidata_url": "https://www.wikidata.org/wiki/Q30549847", "wikipedia": "n/a", "wikipedia_url": "n/a", "published": "2026-08-14" }, "geometry": { "type": "Point", "coordinates": [ 21.513493134, 50.212482348 ] } },
{ "type": "Feature", "id": 541, "properties": { "wkt_wgs84": "POINT (16.625514938 50.690201377)", "x_wgs84": 16.625514937999998, "y_wgs84": 50.690201377000001, "country": "Polska", "province": "dolnośląskie", "district": "dzierżoniowski", "municipality": "Bielawa", "postcode": "58-260", "object_type": "K01.30.20", "object_type_name": "Dwory obronne", "veracity_score": "fair", "accessibility": "limited", "state": "fair", "otar_id": "K01.30.20.D6HJ2Q", "name": "Dwór obronny w Bielawie", "description": "Dwór w Bielawie wzniesiono w 1592 r. jako renesansowy dwór obronny. Czteroskrzydłowa, dwukondygnacyjna budowla nakryta jest dachami dwuspadowymi, a w narożu północno-wschodnim zachowała cylindryczną basztę ze stożkowym hełmem. Wnętrza zdobią sztukaterie z herbem von Sandreczky. Obiekt był niszczony przez pożary w 1736 i 1877 r. Obecnie dwór zachował historyczną bryłę.", "wikidata": "Q24946754", "wikidata_url": "https://www.wikidata.org/wiki/Q24946754", "wikipedia": "pl:Dwór w Bielawie", "wikipedia_url": "https://pl.wikipedia.org/wiki/Dw%C3%B3r_w_Bielawie", "published": "2026-08-14" }, "geometry": { "type": "Point", "coordinates": [ 16.625514938, 50.690201377 ] } },
{ "type": "Feature", "id": 542, "properties": { "wkt_wgs84": "POINT (20.135011676 50.068482774)", "x_wgs84": 20.135011676000001, "y_wgs84": 50.068482774000003, "country": "Polska", "province": "małopolskie", "district": "Kraków", "municipality": "Kraków", "postcode": "31-985", "object_type": "K01.30.20", "object_type_name": "Dwory obronne", "veracity_score": "fair", "accessibility": "full", "state": "excellent", "otar_id": "K01.30.20.DFHR3A", "name": "Dwór obronny Branickich (lamus)", "description": "Renesansowa rezydencja Branickich w Branicach powstała na początku XVI w. jako wieża mieszkalno-obronna, rozbudowana około 1603 r. przez warsztat Santi Gucciego. Murowany budynek na planie ok. 12 × 10 m wyróżniają attyka z krenelażem, sgraffitowe boniowanie, sklepienia kolebkowe oraz bogato rzeźbiony kominek i portal. Obecnie zachował historyczną bryłę i cenne elementy późnorenesansowego wystroju.", "wikidata": "n/a", "wikidata_url": "n/a", "wikipedia": "n/a", "wikipedia_url": "n/a", "published": "2026-08-14" }, "geometry": { "type": "Point", "coordinates": [ 20.135011676, 50.068482774 ] } },
{ "type": "Feature", "id": 543, "properties": { "wkt_wgs84": "POINT (22.404606283 51.124525234)", "x_wgs84": 22.404606283, "y_wgs84": 51.124525233999996, "country": "Polska", "province": "lubelskie", "district": "lubelski", "municipality": "Niedrzwica Duża", "postcode": "24-220", "object_type": "K01.30.20", "object_type_name": "Dwory obronne", "veracity_score": "fair", "accessibility": "limited", "state": "fair", "otar_id": "K01.30.20.DLYSU7", "name": "Dwór obronny w Niedrzwicy Dużej", "description": "Dwór obronny w Niedrzwicy Dużej to cenny, choć słabo eksponowany zabytek późnorenesansowej architektury rezydencjonalno-militarnej. Stanowi on rzadki na Lubelszczyźnie przykład murowanej siedziby szlacheckiej typu fortalicium, która ńczyła funkcje reprezentacyjne z możliwościami obrony przed mniejszymi oddziałami wroga lub pospolitymi rozbójnikami. Początki murowanej budowli sięgają przełomu XVI i XVII wieku.", "wikidata": "n/a", "wikidata_url": "n/a", "wikipedia": "n/a", "wikipedia_url": "n/a", "published": "2026-08-14" }, "geometry": { "type": "Point", "coordinates": [ 22.404606283, 51.124525234 ] } },
{ "type": "Feature", "id": 544, "properties": { "wkt_wgs84": "POINT (16.744185574 50.809893861)", "x_wgs84": 16.744185574, "y_wgs84": 50.809893861, "country": "Polska", "province": "dolnośląskie", "district": "dzierżoniowski", "municipality": "Łagiewniki", "postcode": "58-212", "object_type": "K01.30.20", "object_type_name": "Dwory obronne", "veracity_score": "good", "accessibility": "partial", "state": "bad", "otar_id": "K01.30.20.F19XU8", "name": "Dwór obronny w Słupicach", "description": "Ruiny dworu obronnego w Słupicach to pozostałość po szlacheckiej rezydencji z epoki renesansu, która wtopiła się w krajobraz dawnego folwarku. Obiekt wzniesiono w drugiej połowie XVI wieku  prawdopodobnie około 1589 roku  z inicjatywy rodu von Gaffron, jako murowaną siedzibę rodową o wyraźnych cechach obronnych, zabezpieczoną otaczającą go nawodnioną fosą. Budowla została założona na rzucie prostokąta, wzniesiona z kamienia łamanego oraz cegły i pierwotnie liczyła dwie kondygnacje.", "wikidata": "Q30041230", "wikidata_url": "https://www.wikidata.org/wiki/Q30041230", "wikipedia": "n/a", "wikipedia_url": "n/a", "published": "2026-08-14" }, "geometry": { "type": "Point", "coordinates": [ 16.744185574, 50.809893861 ] } },
{ "type": "Feature", "id": 545, "properties": { "wkt_wgs84": "POINT (18.68351111140598 52.26364394827185)", "x_wgs84": 18.683511111405981, "y_wgs84": 52.263643948271849, "country": "Polska", "province": "wielkopolskie", "district": "kolski", "municipality": "Koło", "postcode": "62-600", "object_type": "K01.30.20", "object_type_name": "Dwory obronne", "veracity_score": "good", "accessibility": "limited", "state": "poor", "otar_id": "K01.30.20.F1BQM1", "name": "Dwór obronny we Wrzącej Wielkiej ", "description": "Ruiny późnośredniowiecznego dworu obronnego we Wrzącej Wielkiej usytuowane są w dawnym parku dworskim, za klasycystycznym pałacem. Pierwsza wzmianka o obiekcie pochodzi z 1585 roku. Przez stulecia rezydencja należała m.in. do rodzin Sokołowskich, Raczyńskich i Walewskich. W XIX wieku, po wzniesieniu nowej siedziby, dawny dwór obronny przekształcono w lamus gospodarczy. Obecnie to trwała ruina położona na płaskim, zadrzewionym terenie, otoczona stawami parkowymi oraz polami uprawnymi.", "wikidata": "n/a", "wikidata_url": "n/a", "wikipedia": "n/a", "wikipedia_url": "n/a", "published": "2026-08-14" }, "geometry": { "type": "Point", "coordinates": [ 18.683511111405981, 52.263643948271849 ] } },
{ "type": "Feature", "id": 546, "properties": { "wkt_wgs84": "POINT (20.354847 50.811725)", "x_wgs84": 20.354847, "y_wgs84": 50.811725, "country": "Polska", "province": "świętokrzyskie", "district": "kielecki", "municipality": "Chęciny", "postcode": "26-060", "object_type": "K01.30.20", "object_type_name": "Dwory obronne", "veracity_score": "fair", "accessibility": "limited", "state": "bad", "otar_id": "K01.30.20.G57BA1", "name": "Dwór obronny w Bolminie", "description": "Ruiny dworu obronnego z przełomu XVI i XVII w. Zniszczony w trakcie I wojny światowej, pozostaje w takiej formie do dzisiaj.", "wikidata": "Q33490516", "wikidata_url": "https://www.wikidata.org/wiki/Q33490516", "wikipedia": "n/a", "wikipedia_url": "n/a", "published": "2026-08-14" }, "geometry": { "type": "Point", "coordinates": [ 20.354847, 50.811725 ] } },
{ "type": "Feature", "id": 547, "properties": { "wkt_wgs84": "POINT (20.792390274 50.487282659)", "x_wgs84": 20.792390274, "y_wgs84": 50.487282659000002, "country": "Polska", "province": "świętokrzyskie", "district": "buski", "municipality": "Busko-Zdrój", "postcode": "28-100", "object_type": "K01.30.20", "object_type_name": "Dwory obronne", "veracity_score": "good", "accessibility": "limited", "state": "good", "otar_id": "K01.30.20.G7Y1EQ", "name": "Dwór obronny w Widuchowej", "description": "Dwór obronny z 1620 r w stylu późnoklasycystycznym kiedyś był też otoczony murem warownym \nprzed II wojną światową dwór stał się własnością  kapitana Bolesława Makowskiego i do dziś należy do jego przodków. Wejście na teren dworu jest możliwe jedynie po wcześniejszym uzgodnieniu z właścicielami ", "wikidata": "n/a", "wikidata_url": "n/a", "wikipedia": "n/a", "wikipedia_url": "n/a", "published": "2026-08-14" }, "geometry": { "type": "Point", "coordinates": [ 20.792390274, 50.487282659 ] } },
{ "type": "Feature", "id": 548, "properties": { "wkt_wgs84": "POINT (16.995736968576324 51.705556393609584)", "x_wgs84": 16.995736968576324, "y_wgs84": 51.705556393609584, "country": "Polska", "province": "wielkopolskie", "district": "gostyński", "municipality": "Krobia", "postcode": "63-840", "object_type": "K01.30.20", "object_type_name": "Dwory obronne", "veracity_score": "good", "accessibility": "limited", "state": "poor", "otar_id": "K01.30.20.GB2ZR5", "name": "Dwór obronny w Nieparcie", "description": "Zamek w Nieparcie powstał prawdopodobnie w późnym średniowieczu jako niewielka siedziba rycerska o funkcjach mieszkalno-obronnych. Założenie wykorzystywało naturalne warunki terenowe i obejmowało murowaną zabudowę otoczoną elementami obronnymi. W kolejnych stuleciach obiekt utracił znaczenie i popadł w ruinę. Obecnie zachowały się jedynie słabo czytelne relikty murów i fundamentów dawnej warowni.", "wikidata": "n/a", "wikidata_url": "n/a", "wikipedia": "n/a", "wikipedia_url": "n/a", "published": "2026-08-30" }, "geometry": { "type": "Point", "coordinates": [ 16.995736968576324, 51.705556393609584 ] } },
{ "type": "Feature", "id": 549, "properties": { "wkt_wgs84": "POINT (17.778553353 50.944678361)", "x_wgs84": 17.778553353, "y_wgs84": 50.944678361000001, "country": "Polska", "province": "opolskie", "district": "namysłowski", "municipality": "Świerczów", "postcode": "46-112", "object_type": "K01.30.20", "object_type_name": "Dwory obronne", "veracity_score": "poor", "accessibility": "limited", "state": "good", "otar_id": "K01.30.20.GQUMW1", "name": "Dwór obronny w Miejscu", "description": "Dwór obronny w Miejscu wzniesiono na przełomie XVI i XVII w., około 500 m od wcześniejszej średniowiecznej siedziby. W II połowie XIX w. został gruntownie przebudowany, prawdopodobnie z zachowaniem zewnętrznych murów starszej budowli, uzyskując cechy klasycystyczne i neogotyckie. Od południa otacza go Stara Stobrawa, a od zachodu i północnego zachodu fosa. Obecnie dwór jest zachowany i wpisany do rejestru zabytków.", "wikidata": "n/a", "wikidata_url": "n/a", "wikipedia": "n/a", "wikipedia_url": "n/a", "published": "2026-08-14" }, "geometry": { "type": "Point", "coordinates": [ 17.778553353, 50.944678361 ] } },
{ "type": "Feature", "id": 550, "properties": { "wkt_wgs84": "POINT (15.620099236 50.972940422)", "x_wgs84": 15.620099236, "y_wgs84": 50.972940422000001, "country": "Polska", "province": "dolnośląskie", "district": "lwówecki", "municipality": "Lubomierz", "postcode": "59-623", "object_type": "K01.30.20", "object_type_name": "Dwory obronne", "veracity_score": "fair", "accessibility": "limited", "state": "good", "otar_id": "K01.30.20.H4WH91", "name": "Dwór obronny w Maciejowcu", "description": "Wznoszący się w malowniczej wsi Maciejowiec dwór obronny to jeden z najcenniejszych i najlepiej zachowanych zabytków renesansowej architektury rezydencjonalnej na Dolnym Śląsku. Obiekt został wzniesiony w latach 1627-1632 z inicjatywy Johanna von Spillera, wybitnego radcy cesarskiego i dyplomaty, w miejscu wcześniejszego, skromniejszego założenia.", "wikidata": "Q56328572", "wikidata_url": "https://www.wikidata.org/wiki/Q56328572", "wikipedia": "pl:Dwór obronny w Maciejowcu", "wikipedia_url": "https://pl.wikipedia.org/wiki/Dw%C3%B3r_obronny_w_Maciejowcu", "published": "2026-08-14" }, "geometry": { "type": "Point", "coordinates": [ 15.620099236, 50.972940422 ] } },
{ "type": "Feature", "id": 551, "properties": { "wkt_wgs84": "POINT (15.330504288 51.661669773)", "x_wgs84": 15.330504288, "y_wgs84": 51.661669773, "country": "Polska", "province": "lubuskie", "district": "żagański", "municipality": "Żagań", "postcode": "68-100", "object_type": "K01.30.20", "object_type_name": "Dwory obronne", "veracity_score": "good", "accessibility": "partial", "state": "good", "otar_id": "K01.30.20.H9M2NN", "name": "Wieża mieszkalna w Dzietrzychowicach", "description": "Wieża mieszkalna w Dzietrzychowicach to jeden z najcenniejszych i najlepiej zachowanych średniowiecznych obiektów o charakterze mieszkalno-obronnym w zachodniej Polsce. Stanowi rzadki przykład rycerskiej siedziby rodowej, która przetrwała wieki w niemal niezmienionej formie architektonicznej. Początki budowli sięgają przełomu XIV i XV wieku. Wzniesiona została prawdopodobnie przez śląski ród rycerski von Promnitz jako ufortyfikowane centrum tutejszego majątku.", "wikidata": "n/a", "wikidata_url": "n/a", "wikipedia": "n/a", "wikipedia_url": "n/a", "published": "2026-08-14" }, "geometry": { "type": "Point", "coordinates": [ 15.330504288, 51.661669773 ] } },
{ "type": "Feature", "id": 552, "properties": { "wkt_wgs84": "POINT (17.146397360638268 50.68754671869548)", "x_wgs84": 17.146397360638268, "y_wgs84": 50.687546718695479, "country": "Polska", "province": "dolnośląskie", "district": "strzeliński", "municipality": "Przeworno", "postcode": "57-130", "object_type": "K01.30.20", "object_type_name": "Dwory obronne", "veracity_score": "fair", "accessibility": "limited", "state": "good", "otar_id": "K01.30.20.HC76YK", "name": "Dwór obronny w Siemisławicach", "description": "Dwór obronny w Siemisławicach to renesansowa rezydencja z 1609 roku, przebudowana z wcześniejszego, XV-wiecznego niewielkiego zamku książęcego. Zachował się jako dwukondygnacyjny, częściowo podpiwniczony obiekt z centralną wieżą i manierystycznym portalem. Od 2011 roku nie jest użytkowany, a otacza go zdewastowany park i zabudowania folwarczne.", "wikidata": "Q89424477", "wikidata_url": "https://www.wikidata.org/wiki/Q89424477", "wikipedia": "pl:Dwór w Siemisławicach", "wikipedia_url": "https://pl.wikipedia.org/wiki/Dw%C3%B3r_w_Siemis%C5%82awicach", "published": "2026-08-14" }, "geometry": { "type": "Point", "coordinates": [ 17.146397360638268, 50.687546718695479 ] } },
{ "type": "Feature", "id": 553, "properties": { "wkt_wgs84": "POINT (19.2624 51.1898)", "x_wgs84": 19.2624, "y_wgs84": 51.1898, "country": "Polska", "province": "łódzkie", "district": "pajęczański", "municipality": "Sulmierzyce", "postcode": "98-338", "object_type": "K01.30.20", "object_type_name": "Dwory obronne", "veracity_score": "good", "accessibility": "limited", "state": "fair", "otar_id": "K01.30.20.HJYFCQ", "name": "Dwór obronny w Chorzenicach", "description": "Obecnie zachowany budynek to jednopiętrowa prostokątna budowla o grubych murach i dwuspadowym dachu, prawdopodobnie na starych fundamentach z reliktami dawnego założenia, wyremontowana w latach 60. XX w., która w wyniku przebudowy zatraciła wiele cech pierwotnego.", "wikidata": "n/a", "wikidata_url": "n/a", "wikipedia": "n/a", "wikipedia_url": "n/a", "published": "2026-08-14" }, "geometry": { "type": "Point", "coordinates": [ 19.2624, 51.1898 ] } },
{ "type": "Feature", "id": 554, "properties": { "wkt_wgs84": "POINT (22.345946987 50.117142164)", "x_wgs84": 22.345946987000001, "y_wgs84": 50.117142164000001, "country": "Polska", "province": "podkarpackie", "district": "łańcucki", "municipality": "Białobrzegi", "postcode": "37-114", "object_type": "K01.30.20", "object_type_name": "Dwory obronne", "veracity_score": "good", "accessibility": "limited", "state": "excellent", "otar_id": "K01.30.20.JEZK3A", "name": "Dwór obronny w Białobrzegach", "description": "Dwór obronny w Białobrzegach powstał prawdopodobnie w I połowie XVII w. jako szlachecka siedziba o funkcjach mieszkalnych i obronnych. Najstarsza kondygnacja zachowała sześć izb, sklepienia kolebkowe i krzyżowe oraz niewielkie okna obronne. Dwór otaczała ziemna platforma z elementami fortyfikacji bastionowych i fosą. W XVIII w. został przebudowany. Obecnie jest własnością prywatną i stopniowo adaptowany do celów mieszkalnych.", "wikidata": "n/a", "wikidata_url": "n/a", "wikipedia": "n/a", "wikipedia_url": "n/a", "published": "2026-08-14" }, "geometry": { "type": "Point", "coordinates": [ 22.345946987, 50.117142164 ] } },
{ "type": "Feature", "id": 555, "properties": { "wkt_wgs84": "POINT (16.724738032 50.782737225)", "x_wgs84": 16.724738032000001, "y_wgs84": 50.782737224999998, "country": "Polska", "province": "dolnośląskie", "district": "dzierżoniowski", "municipality": "Łagiewniki", "postcode": "58-212", "object_type": "K01.30.20", "object_type_name": "Dwory obronne", "veracity_score": "good", "accessibility": "limited", "state": "bad", "otar_id": "K01.30.20.JFF85D", "name": "Dwór obronny rodu von Zedlitz w Stoszowie", "description": "Dwór obronny w Stoszowie (woj. dolnośląskie) to renesansowa budowla z ok. 1600 r., wzniesiona na planie litery C i otoczona dawną fosą. Trzykondygnacyjny obiekt zdobi kamienny portal z inskrypcją oraz kartuszami herbowymi. Obecnie ten cenny zabytek znajduje się w stanie zaawansowanej ruiny.", "wikidata": "Q24946784", "wikidata_url": "https://www.wikidata.org/wiki/Q24946784", "wikipedia": "pl:Dwór w Stoszowie", "wikipedia_url": "https://pl.wikipedia.org/wiki/Dw%C3%B3r_w_Stoszowie", "published": "2026-08-14" }, "geometry": { "type": "Point", "coordinates": [ 16.724738032, 50.782737225 ] } },
{ "type": "Feature", "id": 556, "properties": { "wkt_wgs84": "POINT (22.534928944 49.933152298)", "x_wgs84": 22.534928944000001, "y_wgs84": 49.933152298000003, "country": "Polska", "province": "podkarpackie", "district": "jarosławski", "municipality": "Pruchnik", "postcode": "37-560", "object_type": "K01.30.20", "object_type_name": "Dwory obronne", "veracity_score": "fair", "accessibility": "full", "state": "good", "otar_id": "K01.30.20.JGXUT4", "name": "Lamus w Hawłowicach Górnych", "description": "Lamus w Hawłowicach Górnych powstał prawdopodobnie w drugiej połowie XV w. jako co najmniej dwukondygnacyjna wieża mieszkalno-obronna. W XVI w. został przebudowany w stylu renesansowym. Zachował kolebkowe sklepienie z lunetami, renesansowe polichromie, kamienny portal i ceglaną posadzkę. Po zniszczeniach XVII w. pełnił funkcję lamusa. Obecnie jest odrestaurowany, mieści ekspozycję i jest udostępniony zwiedzającym.", "wikidata": "n/a", "wikidata_url": "n/a", "wikipedia": "n/a", "wikipedia_url": "n/a", "published": "2026-08-14" }, "geometry": { "type": "Point", "coordinates": [ 22.534928944, 49.933152298 ] } },
{ "type": "Feature", "id": 557, "properties": { "wkt_wgs84": "POINT (15.487099 51.117526)", "x_wgs84": 15.487099, "y_wgs84": 51.117526, "country": "Polska", "province": "dolnośląskie", "district": "lwówecki", "municipality": "Lwówek Śląski", "postcode": "59-600", "object_type": "K01.30.20", "object_type_name": "Dwory obronne", "veracity_score": "good", "accessibility": "limited", "state": "poor", "otar_id": "K01.30.20.JKEUG6", "name": "Dwór obronny w Niwnicach", "description": "Ruiny dworu Cunzendorf to pozostałości renesansowego dworu obronnego wzniesionego w 1597 roku, otoczonego niegdyś fosą i kamiennym mostem. Rezydencja była wielokrotnie przebudowywana, m. in. w 1647 i XIX wieku, zachowując cechy architektury obronno-dworskiej. Do dziś przetrwały malownicze ruiny otoczone dawnym parkiem, będące cennym świadectwem historii i dawnej kultury szlacheckiej Dolnego Śląska.", "wikidata": "Q56328576", "wikidata_url": "https://www.wikidata.org/wiki/Q56328576", "wikipedia": "pl:Dwór obronny w Niwnicach", "wikipedia_url": "https://pl.wikipedia.org/wiki/Dw%C3%B3r_obronny_w_Niwnicach", "published": "2026-08-14" }, "geometry": { "type": "Point", "coordinates": [ 15.487099, 51.117526 ] } },
{ "type": "Feature", "id": 558, "properties": { "wkt_wgs84": "POINT (15.302859166 51.692521974)", "x_wgs84": 15.302859166, "y_wgs84": 51.692521974000002, "country": "Polska", "province": "lubuskie", "district": "żagański", "municipality": "Żagań", "postcode": "68-100", "object_type": "K01.30.20", "object_type_name": "Dwory obronne", "veracity_score": "fair", "accessibility": "limited", "state": "good", "otar_id": "K01.30.20.JRTJM6", "name": "Dwór obronny w Miodnicy", "description": "Dwór obronny w Miodnicy to ciekawy, choć nieco zapomniany zabytek architektury rycerskiej. Przez lokalną społeczność bywa on potocznie, ze względu na swoją masywną bryłę, nazywany zamkiem. Historia tej warowni sięga XV wieku  pierwsze udokumentowane wzmianki o siedzibie rycerskiej pochodzą z 1467 roku, kiedy to tutejsze dobra należały do śląskiego rodu von Unruh.", "wikidata": "Q30142733", "wikidata_url": "https://www.wikidata.org/wiki/Q30142733", "wikipedia": "n/a", "wikipedia_url": "n/a", "published": "2026-08-14" }, "geometry": { "type": "Point", "coordinates": [ 15.302859166, 51.692521974 ] } },
{ "type": "Feature", "id": 559, "properties": { "wkt_wgs84": "POINT (15.665959723 51.649866687)", "x_wgs84": 15.665959723, "y_wgs84": 51.649866687, "country": "Polska", "province": "lubuskie", "district": "żagański", "municipality": "Szprotawa", "postcode": "67-300", "object_type": "K01.30.20", "object_type_name": "Dwory obronne", "veracity_score": "good", "accessibility": "limited", "state": "good", "otar_id": "K01.30.20.KA6GTR", "name": "Dwór obronny w Długiem", "description": "Dwór wzniesiono w I połowie XVI w. dla rodziny von Warkotsch jako murowaną siedzibę o cechach obronnych. Założony na planie prostokąta, zbudowany z kamienia polnego, jest podpiwniczony, dwukondygnacyjny i nakryty dachem czterospadowym; elewację zachodnią wyróżnia ryzalit z wejściem głównym. W XIX–XX w. wnętrza wielokrotnie przekształcano, zacierając pierwotny układ. Obecnie dwór pozostaje własnością prywatną.", "wikidata": "n/a", "wikidata_url": "n/a", "wikipedia": "n/a", "wikipedia_url": "n/a", "published": "2026-08-14" }, "geometry": { "type": "Point", "coordinates": [ 15.665959723, 51.649866687 ] } },
{ "type": "Feature", "id": 560, "properties": { "wkt_wgs84": "POINT (21.094842328 49.62089264)", "x_wgs84": 21.094842328, "y_wgs84": 49.62089264, "country": "Polska", "province": "małopolskie", "district": "gorlicki", "municipality": "Gorlice", "postcode": "38-311", "object_type": "K01.30.20", "object_type_name": "Dwory obronne", "veracity_score": "good", "accessibility": "full", "state": "excellent", "otar_id": "K01.30.20.KF4SBY", "name": "Kasztel w Szymbarku", "description": "Renesansowy dwór obronny, wzniesiony przez ród Gładyszów w latach 1530-1550, to unikalny przykład dawnej rezydencji o cechach militarnych. Budowla została zaprojektowana na rzucie prostokąta, a jej architektonicznym znakiem rozpoznawczym są charakterystyczne narożne baszty. Na przestrzeni wieków obiekt zmieniał swoje przeznaczenie  w XIX stuleciu utracił reprezentacyjny charakter i został zaadaptowany na gorzelnię.", "wikidata": "Q9213406", "wikidata_url": "https://www.wikidata.org/wiki/Q9213406", "wikipedia": "pl:Kasztel w Szymbarku", "wikipedia_url": "https://pl.wikipedia.org/wiki/Kasztel_w_Szymbarku", "published": "2026-08-14" }, "geometry": { "type": "Point", "coordinates": [ 21.094842328, 49.62089264 ] } },
{ "type": "Feature", "id": 561, "properties": { "wkt_wgs84": "POINT (14.757417023 51.596255128)", "x_wgs84": 14.757417023, "y_wgs84": 51.596255128000003, "country": "Polska", "province": "lubuskie", "district": "żarski", "municipality": "Trzebiel", "postcode": "68-210", "object_type": "K01.30.20", "object_type_name": "Dwory obronne", "veracity_score": "fair", "accessibility": "limited", "state": "poor", "otar_id": "K01.30.20.KW44VS", "name": "Wieża rycerska w Żarkach Wielkich", "description": "Wieża rycerska w Żarkach Wielkich to średniowieczna warowna siedziba rycerska, wzniesiona prawdopodobnie w XIV wieku jako gniazdo lokalnego feudała. Obiekt miał formę prostokątnej, trzykondygnacyjnej wieży z cegły, a dziś zachowały się jedynie fragmenty murów obwodowych, co nadaje mu charakter trwałej ruiny.", "wikidata": "n/a", "wikidata_url": "n/a", "wikipedia": "n/a", "wikipedia_url": "n/a", "published": "2026-08-14" }, "geometry": { "type": "Point", "coordinates": [ 14.757417023, 51.596255128 ] } },
{ "type": "Feature", "id": 562, "properties": { "wkt_wgs84": "POINT (15.685598402 50.934705011)", "x_wgs84": 15.685598402, "y_wgs84": 50.934705010999998, "country": "Polska", "province": "dolnośląskie", "district": "karkonoski", "municipality": "Jeżów Sudecki", "postcode": "58-521", "object_type": "K01.30.20", "object_type_name": "Dwory obronne", "veracity_score": "good", "accessibility": "full", "state": "excellent", "otar_id": "K01.30.20.L51CWP", "name": "Wieża książęca w Siedlęcinie", "description": "Wieża książęca w Siedlęcinie to jedna z najważniejszych i najlepiej zachowanych średniowiecznych wież mieszkalno-obronnych w Europie Środkowej. Wzniesiono ją ok. 1313-1315 z inicjatywy księcia Henryka I jaworskiego. Jej największym skarbem są XIV-wieczne malowidła o legendzie sir Lancelota, zachowane in situ.", "wikidata": "Q7509750", "wikidata_url": "https://www.wikidata.org/wiki/Q7509750", "wikipedia": "pl:Wieża książęca w Siedlęcinie", "wikipedia_url": "https://pl.wikipedia.org/wiki/Wie%C5%BCa_ksi%C4%85%C5%BC%C4%99ca_w_Siedl%C4%99cinie", "published": "2026-08-14" }, "geometry": { "type": "Point", "coordinates": [ 15.685598402, 50.934705011 ] } },
{ "type": "Feature", "id": 563, "properties": { "wkt_wgs84": "POINT (15.107947617604994 52.9101334248961)", "x_wgs84": 15.107947617604994, "y_wgs84": 52.910133424896102, "country": "Polska", "province": "zachodniopomorskie", "district": "myśliborski", "municipality": "Nowogródek Pomorski", "postcode": "74-305", "object_type": "K01.30.20", "object_type_name": "Dwory obronne", "veracity_score": "good", "accessibility": "limited", "state": "bad", "otar_id": "K01.30.20.L97R9J", "name": "Dwór obronny w Karsku", "description": "Dwór obronny w Karsku wzniesiono w 1624 r. z inicjatywy Adama von Schwarzenberga jako późnorenesansowy dwór myśliwski. Prostokątny, trzykondygnacyjny budynek posiadał cztery duże narożne baszty o podobnej wysokości. Uszkodzony podczas potopu szwedzkiego i ponownie w 1709 r., został opuszczony. W XIX w. jego mury wykorzystano do budowy gorzelni, likwidując m.in. dwie baszty. Obecnie zachowały się ruiny parterowego korpusu i dwóch dwukondygnacyjnych baszt.", "wikidata": "n/a", "wikidata_url": "n/a", "wikipedia": "n/a", "wikipedia_url": "n/a", "published": "2026-08-30" }, "geometry": { "type": "Point", "coordinates": [ 15.107947617604994, 52.910133424896102 ] } },
{ "type": "Feature", "id": 564, "properties": { "wkt_wgs84": "POINT (16.460128061 51.634284273)", "x_wgs84": 16.460128061, "y_wgs84": 51.634284273, "country": "Polska", "province": "dolnośląskie", "district": "górowski", "municipality": "Góra", "postcode": "56-200", "object_type": "K01.30.20", "object_type_name": "Dwory obronne", "veracity_score": "fair", "accessibility": "partial", "state": "good", "otar_id": "K01.30.20.LF73RV", "name": "Dwór obronny w Osetnie", "description": "Dwór obronny w Osetnie wzniesiono w latach 1605–1620, a obecną formę uzyskał w wyniku XIX-wiecznej przebudowy. Trójskrzydłowe założenie otacza wewnętrzny dziedziniec i posiada okrągłą wieżę oraz dachy dwuspadowe. Na parterze zachowały się sklepienia i portal datowane na początek XVI w. W otoczeniu widoczne są relikty fosy i wałów ziemnych. Obecnie dwór zachował czytelną historyczną bryłę.", "wikidata": "Q19947138", "wikidata_url": "https://www.wikidata.org/wiki/Q19947138", "wikipedia": "pl:Pałac w Osetnie", "wikipedia_url": "https://pl.wikipedia.org/wiki/Pa%C5%82ac_w_Osetnie", "published": "2026-08-14" }, "geometry": { "type": "Point", "coordinates": [ 16.460128061, 51.634284273 ] } },
{ "type": "Feature", "id": 565, "properties": { "wkt_wgs84": "POINT (20.167057409822647 49.47684569589494)", "x_wgs84": 20.167057409822647, "y_wgs84": 49.476845695894937, "country": "Polska", "province": "małopolskie", "district": "nowotarski", "municipality": "Nowy Targ", "postcode": "34-434", "object_type": "K01.30.20", "object_type_name": "Dwory obronne", "veracity_score": "poor", "accessibility": "limited", "state": "excellent", "otar_id": "K01.30.20.LGLLBH", "name": "Dwór obronny w Harklowej", "description": "Ten niewielki dwór obronny powstał w pierwszej połowie XVII wieku. Obiekt otacza kamienny mur z bramą wjazdową o sklepieniach kolebkowych. Dzięki przeprowadzonym pracom adaptacyjnym, zabytkowy budynek służy dziś jako dom mieszkalny.", "wikidata": "n/a", "wikidata_url": "n/a", "wikipedia": "n/a", "wikipedia_url": "n/a", "published": "2026-08-14" }, "geometry": { "type": "Point", "coordinates": [ 20.167057409822647, 49.476845695894937 ] } },
{ "type": "Feature", "id": 566, "properties": { "wkt_wgs84": "POINT (20.491698892 50.931446844)", "x_wgs84": 20.491698892, "y_wgs84": 50.931446844, "country": "Polska", "province": "świętokrzyskie", "district": "kielecki", "municipality": "Strawczyn", "postcode": "26-067", "object_type": "K01.30.20", "object_type_name": "Dwory obronne", "veracity_score": "good", "accessibility": "limited", "state": "good", "otar_id": "K01.30.20.LU1P7P", "name": "Dwór obronny w Chełmcach", "description": "Dwór obronny w Chełmcach wzniesiono w II połowie XVI w., gdy wieś należała do książąt Ostrogskich. Murowany z kamienia obiekt posiada grube ściany, a pierwotnie dostęp na górną kondygnację zapewniał most zwodzony od zachodu, co podkreślało jego funkcję obronną. Później wykonano klatkę schodową. W XVII w. dwór przejęli Tarłowie. Obecnie jest własnością prywatną i został częściowo rozbudowany od wschodu.", "wikidata": "Q33503518", "wikidata_url": "https://www.wikidata.org/wiki/Q33503518", "wikipedia": "n/a", "wikipedia_url": "n/a", "published": "2026-08-14" }, "geometry": { "type": "Point", "coordinates": [ 20.491698892, 50.931446844 ] } },
{ "type": "Feature", "id": 567, "properties": { "wkt_wgs84": "POINT (15.545926563 51.770364566)", "x_wgs84": 15.545926563, "y_wgs84": 51.770364565999998, "country": "Polska", "province": "lubuskie", "district": "nowosolski", "municipality": "Kożuchów", "postcode": "67-128", "object_type": "K01.30.20", "object_type_name": "Dwory obronne", "veracity_score": "good", "accessibility": "limited", "state": "bad", "otar_id": "K01.30.20.M4M1Q2", "name": "Dwór obronny w Mirocinie Średnim", "description": "Dwór obronny z II połowy XVI w., wzniesiony prawdopodobnie na zrębach starszej budowli (wieży mieszkalnej) za czasów rodu von Schlichtingów, następnie rozbudowany za von Dyherrnów; położony w Mirocinie Średnim, wpisany do rejestru zabytków jako zespół dworski z XVII w. Budowla murowana z kamienia i cegły, założona na planie prostokąta. W XVII w. powiększony o część zachodnią, przy remoncie w początkach XX w. wymieniono lico zewnętrzne północnej ściany.", "wikidata": "Q19400608", "wikidata_url": "https://www.wikidata.org/wiki/Q19400608", "wikipedia": "pl:Dwór w Mirocinie Średnim", "wikipedia_url": "https://pl.wikipedia.org/wiki/Dw%C3%B3r_w_Mirocinie_%C5%9Arednim", "published": "2026-08-14" }, "geometry": { "type": "Point", "coordinates": [ 15.545926563, 51.770364566 ] } },
{ "type": "Feature", "id": 568, "properties": { "wkt_wgs84": "POINT (20.74122 51.339857)", "x_wgs84": 20.74122, "y_wgs84": 51.339857, "country": "Polska", "province": "mazowieckie", "district": "przysuski", "municipality": "Wieniawa", "postcode": "26-432", "object_type": "K01.30.20", "object_type_name": "Dwory obronne", "veracity_score": "fair", "accessibility": "partial", "state": "poor", "otar_id": "K01.30.20.M7AQUH", "name": "Dwór obronny w Żukowie", "description": "Renesansowy dwór obronny typu palais-donjon wzniesiony około 1550 r. z inicjatywy Walentego Podlodowskiego na miejscu średniowiecznego, stożkowatego gródka rycerskiego należącego pierwotnie do rodu Łabędziów; położony w Żukowie. Do dnia dzisiejszego przetrwał ziemny kopiec z zachowanymi dwiema sklepionymi piwnicami o sklepieniach belkowych oraz resztki fosy przekształconej w stawy; obiekt w formie trwałej ruiny, wpisany do rejestru zabytków.", "wikidata": "n/a", "wikidata_url": "n/a", "wikipedia": "n/a", "wikipedia_url": "n/a", "published": "2026-08-14" }, "geometry": { "type": "Point", "coordinates": [ 20.74122, 51.339857 ] } },
{ "type": "Feature", "id": 569, "properties": { "wkt_wgs84": "POINT (19.001467 50.396008)", "x_wgs84": 19.001467, "y_wgs84": 50.396008, "country": "Polska", "province": "śląskie", "district": "będziński", "municipality": "Bobrowniki", "postcode": "42-584", "object_type": "K01.30.20", "object_type_name": "Dwory obronne", "veracity_score": "good", "accessibility": "full", "state": "excellent", "otar_id": "K01.30.20.MGPS6H", "name": "Dwór obronny w Dobieszowicach", "description": "Dwór obronny w Dobieszowicach, wzmiankowany w XVII w., został w XIX w. przebudowany przez Donnersmarcków. Murowany z kamienia i otynkowany, zachował w piwnicy fazowany węgar portalu, a na parterze sklepienia krzyżowe i stropy belkowane. Budynek nakrywa łamany dach polski, pierwotnie kryty gontem. Obiekt zachował historyczną bryłę i część dawnego wystroju, pełniąc dziś funkcję zabytkowej rezydencji.", "wikidata": "Q28056622", "wikidata_url": "https://www.wikidata.org/wiki/Q28056622", "wikipedia": "n/a", "wikipedia_url": "n/a", "published": "2026-08-14" }, "geometry": { "type": "Point", "coordinates": [ 19.001467, 50.396008 ] } },
{ "type": "Feature", "id": 570, "properties": { "wkt_wgs84": "POINT (22.100368864 49.432489633)", "x_wgs84": 22.100368864, "y_wgs84": 49.432489633000003, "country": "Polska", "province": "podkarpackie", "district": "sanocki", "municipality": "Bukowsko", "postcode": "38-542", "object_type": "K01.30.20", "object_type_name": "Dwory obronne", "veracity_score": "good", "accessibility": "partial", "state": "poor", "otar_id": "K01.30.20.MMJ44P", "name": "Dwór obronny w Płonnej", "description": "Dwór w Płonnej to zabytkowa rezydencja o metryce nowożytnej, związana z dawnym majątkiem ziemskim. Dostępne mi obecnie źródła nie pozwalają wiarygodnie potwierdzić szczegółów dotyczących daty budowy, układu architektonicznego, przebudów ani stanu zachowania. W tym przypadku potrzebuję treści artykułu lub innego źródła, aby przygotować opis w tym samym standardzie co poprzednie obiekty.", "wikidata": "n/a", "wikidata_url": "n/a", "wikipedia": "n/a", "wikipedia_url": "n/a", "published": "2026-08-14" }, "geometry": { "type": "Point", "coordinates": [ 22.100368864, 49.432489633 ] } },
{ "type": "Feature", "id": 571, "properties": { "wkt_wgs84": "POINT (18.645032725 49.936803251)", "x_wgs84": 18.645032725, "y_wgs84": 49.936803251000001, "country": "Polska", "province": "śląskie", "district": "Jastrzębie-Zdrój", "municipality": "Jastrzębie-Zdrój", "postcode": "44-336", "object_type": "K01.30.20", "object_type_name": "Dwory obronne", "veracity_score": "good", "accessibility": "partial", "state": "excellent", "otar_id": "K01.30.20.MNDTV9", "name": "Dwór obronny w Jastrzębiu-Zdroju", "description": "Dwór obronny w Jastrzębiu-Zdroju wzniesiono w XVII w. jako niewielką murowaną rezydencję o cechach obronnych. Budowla miała zwartą bryłę, grube mury i była elementem dawnego założenia dworskiego. W kolejnych stuleciach obiekt przebudowywano, dostosowując go do funkcji mieszkalnych. Obecnie dwór zachował historyczną formę i stanowi cenny zabytek architektury rezydencjonalnej..", "wikidata": "Q30063729", "wikidata_url": "https://www.wikidata.org/wiki/Q30063729", "wikipedia": "pl:Dwór obronny w Jastrzębiu-Zdroju", "wikipedia_url": "https://pl.wikipedia.org/wiki/Dw%C3%B3r_obronny_w_Jastrz%C4%99biu-Zdroju", "published": "2026-08-14" }, "geometry": { "type": "Point", "coordinates": [ 18.645032725, 49.936803251 ] } },
{ "type": "Feature", "id": 572, "properties": { "wkt_wgs84": "POINT (21.84782 49.94154)", "x_wgs84": 21.84782, "y_wgs84": 49.94154, "country": "Polska", "province": "podkarpackie", "district": "strzyżowski", "municipality": "Czudec", "postcode": "38-120", "object_type": "K01.30.20", "object_type_name": "Dwory obronne", "veracity_score": "good", "accessibility": "limited", "state": "good", "otar_id": "K01.30.20.MSCK9U", "name": "Dwór obronny w Czudcu", "description": "Dwór obronny w Czudcu, zwany Skarbcem dziś wchodzi w skład zespołu dworsko-parkowego. Jest to piętrowa budowla na planie kwadratu, z czterospadowym dachem, później przekształcona w lamus. W zespole zachowały się też XVIII-wieczny dwór, park krajobrazowy, dawne stajnie, lodownia i bramy wjazdowe.", "wikidata": "n/a", "wikidata_url": "n/a", "wikipedia": "n/a", "wikipedia_url": "n/a", "published": "2026-08-14" }, "geometry": { "type": "Point", "coordinates": [ 21.84782, 49.94154 ] } },
{ "type": "Feature", "id": 573, "properties": { "wkt_wgs84": "POINT (16.754297286 50.865005832)", "x_wgs84": 16.754297286, "y_wgs84": 50.865005832000001, "country": "Polska", "province": "dolnośląskie", "district": "wrocławski", "municipality": "Sobótka", "postcode": "55-050", "object_type": "K01.30.20", "object_type_name": "Dwory obronne", "veracity_score": "good", "accessibility": "limited", "state": "good", "otar_id": "K01.30.20.N6D14C", "name": "Dwór obronny w Będkowicach", "description": "Dwór obronny w Będkowicach wzniesiono prawdopodobnie w XVI w. jako niewielką murowaną siedzibę rycerską o funkcjach mieszkalnych i obronnych. Zwarta budowla miała grube mury, sklepione wnętrza i była częścią większego założenia dworskiego. W kolejnych stuleciach obiekt przebudowywano i dostosowywano do nowych funkcji. Obecnie dwór jest zachowany i stanowi element zabytkowego zespołu rezydencjonalnego.", "wikidata": "Q60862110", "wikidata_url": "https://www.wikidata.org/wiki/Q60862110", "wikipedia": "pl:Dwór w Będkowicach", "wikipedia_url": "https://pl.wikipedia.org/wiki/Dw%C3%B3r_w_B%C4%99dkowicach", "published": "2026-08-14" }, "geometry": { "type": "Point", "coordinates": [ 16.754297286, 50.865005832 ] } },
{ "type": "Feature", "id": 574, "properties": { "wkt_wgs84": "POINT (19.860266166 51.139874661)", "x_wgs84": 19.860266166, "y_wgs84": 51.139874661, "country": "Polska", "province": "łódzkie", "district": "piotrkowski", "municipality": "Ręczno", "postcode": "97-510", "object_type": "K01.30.20", "object_type_name": "Dwory obronne", "veracity_score": "good", "accessibility": "partial", "state": "fair", "otar_id": "K01.30.20.NME8QP", "name": "Dwór obronny w Bąkowej Górze", "description": "Ruiny zamku w Bąkowej Górze to pozostałości dawnej, późnośredniowiecznej siedziby rycerskiej. Choć obiekt często nazywany jest zamkiem, architektonicznie reprezentuje typ ufortyfikowanego dworu obronnego, malowniczo wpisanego w krajobraz wzniesienia nad doliną Pilicy. Początki murowanej budowli sięgają XV wieku. Za jej fundatora uważa się biskupa włocławskiego Zbigniewa z Oleśnicy lub ród Bąków herbu Zadora, od którego nazwiska pochodzi nazwa miejscowości.", "wikidata": "Q30092488", "wikidata_url": "https://www.wikidata.org/wiki/Q30092488", "wikipedia": "pl:Zamek w Bąkowej Górze", "wikipedia_url": "https://pl.wikipedia.org/wiki/Zamek_w_B%C4%85kowej_G%C3%B3rze", "published": "2026-08-14" }, "geometry": { "type": "Point", "coordinates": [ 19.860266166, 51.139874661 ] } },
{ "type": "Feature", "id": 575, "properties": { "wkt_wgs84": "POINT (21.63831025 50.612167455)", "x_wgs84": 21.63831025, "y_wgs84": 50.612167454999998, "country": "Polska", "province": "świętokrzyskie", "district": "sandomierski", "municipality": "Samborzec", "postcode": "27-650", "object_type": "K01.30.20", "object_type_name": "Dwory obronne", "veracity_score": "fair", "accessibility": "limited", "state": "excellent", "otar_id": "K01.30.20.NSUCWT", "name": "Dwór obronny w Skotnikach", "description": "Dwór Skotnickich w Skotnikach to staropolska rezydencja szlachecka z przełomu XVII i XVIII w., wzniesiona na planie prostokąta z czterema narożnymi alkierzami o pierwotnie obronnej funkcji. Zachowały się m.in. sklepione piwnice, kominki i dekoracje sgraffitowe. O charakterze obronnym świadczą relikty fosy i fortyfikacji bastionowych. Obecnie budynek zachował historyczną bryłę i otaczający go starodrzew parkowy.", "wikidata": "Q33510166", "wikidata_url": "https://www.wikidata.org/wiki/Q33510166", "wikipedia": "n/a", "wikipedia_url": "n/a", "published": "2026-08-14" }, "geometry": { "type": "Point", "coordinates": [ 21.63831025, 50.612167455 ] } },
{ "type": "Feature", "id": 576, "properties": { "wkt_wgs84": "POINT (20.927107254 49.688506972)", "x_wgs84": 20.927107254, "y_wgs84": 49.688506972, "country": "Polska", "province": "małopolskie", "district": "gorlicki", "municipality": "Bobowa", "postcode": "38-350", "object_type": "K01.30.20", "object_type_name": "Dwory obronne", "veracity_score": "good", "accessibility": "partial", "state": "excellent", "otar_id": "K01.30.20.NWUY66", "name": "Dwór obronny w Jeżowie", "description": "Dwór obronny w Jeżowie to jeden z najlepiej zachowanych i najcenniejszych renesansowych dworów obronnych w Polsce. Reprezentuje unikalny typ ufortyfikowanej siedziby szlacheckiej, zwanej kasztelem, będącej doskonałym przykładem architektury rezydencjonalno-militarnej z epoki Jagiellonów. Początki murowanego obiektu sięgają 1525 roku, kiedy to sędzia czchowski Jeżowski herbu Strzemię wzniósł tu gotycko-renesansową fortalicję.", "wikidata": "Q30159137", "wikidata_url": "https://www.wikidata.org/wiki/Q30159137", "wikipedia": "pl:Dwór obronny w Jeżowie", "wikipedia_url": "https://pl.wikipedia.org/wiki/Dw%C3%B3r_obronny_w_Je%C5%BCowie", "published": "2026-08-14" }, "geometry": { "type": "Point", "coordinates": [ 20.927107254, 49.688506972 ] } },
{ "type": "Feature", "id": 577, "properties": { "wkt_wgs84": "POINT (21.204422 49.973015)", "x_wgs84": 21.204422, "y_wgs84": 49.973015, "country": "Polska", "province": "podkarpackie", "district": "dębicki", "municipality": "Pilzno", "postcode": "39-221", "object_type": "K01.30.20", "object_type_name": "Dwory obronne", "veracity_score": "good", "accessibility": "limited", "state": "excellent", "otar_id": "K01.30.20.NZB2SX", "name": "Dwór obronny w Łękach Górnych", "description": "Zespół dworski w Łękach Górnych (woj. podkarpackie) to unikalny, renesansowy dwór obronny z przełomu XVI i XVII wieku. Murowany zabytek, wzniesiony na planie prostokąta, zdobi rzadka na tych terenach attyka typu krakowskiego. Otacza go zabytkowy park z wiekowym drzewostanem oraz dawnymi stawami rybnymi.", "wikidata": "Q30232219", "wikidata_url": "https://www.wikidata.org/wiki/Q30232219", "wikipedia": "pl:Dwór obronny w Łękach Górnych", "wikipedia_url": "https://pl.wikipedia.org/wiki/Dw%C3%B3r_obronny_w_%C5%81%C4%99kach_G%C3%B3rnych", "published": "2026-08-14" }, "geometry": { "type": "Point", "coordinates": [ 21.204422, 49.973015 ] } },
{ "type": "Feature", "id": 578, "properties": { "wkt_wgs84": "POINT (21.448422548 50.080548699)", "x_wgs84": 21.448422548, "y_wgs84": 50.080548698999998, "country": "Polska", "province": "podkarpackie", "district": "dębicki", "municipality": "Dębica", "postcode": "39-200", "object_type": "K01.30.20", "object_type_name": "Dwory obronne", "veracity_score": "good", "accessibility": "limited", "state": "excellent", "otar_id": "K01.30.20.P836QY", "name": "Dwór obronny w Pustyni", "description": "Dwór wzniesiono w XVII w., a w XVIII stuleciu rozbudowano. Barokowy, piętrowy budynek na planie prostokąta wyróżnia sześcioboczna baszta alkierzowa przy północno-zachodnim narożniku; piwnice nakrywają sklepienia kolebkowe. Współcześnie obiekt rozbudowano o drugą, analogiczną wieżę. Wokół rozciąga się kilkuhektarowy zespół stawów. Obecnie dwór pozostaje własnością prywatną.", "wikidata": "Q30232163", "wikidata_url": "https://www.wikidata.org/wiki/Q30232163", "wikipedia": "n/a", "wikipedia_url": "n/a", "published": "2026-08-14" }, "geometry": { "type": "Point", "coordinates": [ 21.448422548, 50.080548699 ] } },
{ "type": "Feature", "id": 579, "properties": { "wkt_wgs84": "POINT (20.320339112 50.18706416)", "x_wgs84": 20.320339112, "y_wgs84": 50.18706416, "country": "Polska", "province": "małopolskie", "district": "proszowicki", "municipality": "Proszowice", "postcode": "32-100", "object_type": "K01.30.20", "object_type_name": "Dwory obronne", "veracity_score": "good", "accessibility": "limited", "state": "excellent", "otar_id": "K01.30.20.P9JFXS", "name": "Dwór obronny w Jakubowicach", "description": "Dwór wzniesiono w XVI w. przez rodzinę Jakubowskich herbu Topór jako dwór obronny. Jest to murowany, piętrowy budynek o zwartej bryle, nakryty wysokim dachem czterospadowym, z parterową przybudówką. Zachowały się m.in. sklepienie kolebkowe ze sztukateriami z XVII w., renesansowy kominek, kamienne portale, obramienia okienne i stropy belkowe. Po 1945 r. użytkowany przez PGR. Od 1998 r. pozostaje własnością prywatną.", "wikidata": "n/a", "wikidata_url": "n/a", "wikipedia": "n/a", "wikipedia_url": "n/a", "published": "2026-08-14" }, "geometry": { "type": "Point", "coordinates": [ 20.320339112, 50.18706416 ] } },
{ "type": "Feature", "id": 580, "properties": { "wkt_wgs84": "POINT (16.210219837 51.022134694)", "x_wgs84": 16.210219837, "y_wgs84": 51.022134694000002, "country": "Polska", "province": "dolnośląskie", "district": "jaworski", "municipality": "Paszowice", "postcode": "59-411", "object_type": "K01.30.20", "object_type_name": "Dwory obronne", "veracity_score": "good", "accessibility": "partial", "state": "good", "otar_id": "K01.30.20.PHJ821", "name": "Wieża obronna w Zębowicach", "description": "Wieża obronna w Zębowicach to interesujący, choć skromny zabytek średniowiecznej architektury mieszkalno-obronnej. Położona na Pogórzu Kaczawskim budowla stanowi rzadki przykład ufortyfikowanej siedziby rycerskiej, która wtopiła się w późniejszą zabudowę folwarczną. Początki wieży sięgają przełomu XIV i XV wieku. Wzniesiono ją jako samodzielny donżon dla lokalnego rodu rycerskiego, zapewniający bezpieczeństwo w niespokojnych czasach konfliktów na Śląsku.", "wikidata": "n/a", "wikidata_url": "n/a", "wikipedia": "n/a", "wikipedia_url": "n/a", "published": "2026-08-14" }, "geometry": { "type": "Point", "coordinates": [ 16.210219837, 51.022134694 ] } },
{ "type": "Feature", "id": 581, "properties": { "wkt_wgs84": "POINT (19.00564804 53.413453316)", "x_wgs84": 19.00564804, "y_wgs84": 53.413453316000002, "country": "Polska", "province": "kujawsko-pomorskie", "district": "grudziądzki", "municipality": "Gruta", "postcode": "86-330", "object_type": "K01.30.20", "object_type_name": "Dwory obronne", "veracity_score": "good", "accessibility": "partial", "state": "fair", "otar_id": "K01.30.20.PMYDM4", "name": "Dwór obronny w Boguszewie", "description": "Dwór obronny w Boguszewie to cenny, choć stosunkowo mało znany zabytek budownictwa rezydencjonalno-obronnego z przełomu średniowiecza i renesansu. Stanowi interesujący przykład prywatnej fortalicji szlacheckiej, która mimo licznych przebudów zachowała ślady swojej dawnej, obronnej funkcji. Początki murowanej budowli sięgają przełomu XV i XVI wieku.", "wikidata": "Q29975068", "wikidata_url": "https://www.wikidata.org/wiki/Q29975068", "wikipedia": "n/a", "wikipedia_url": "n/a", "published": "2026-08-14" }, "geometry": { "type": "Point", "coordinates": [ 19.00564804, 53.413453316 ] } },
{ "type": "Feature", "id": 582, "properties": { "wkt_wgs84": "POINT (16.462418613361688 50.546237156917115)", "x_wgs84": 16.462418613361688, "y_wgs84": 50.546237156917115, "country": "Polska", "province": "dolnośląskie", "district": "kłodzki", "municipality": "Radków", "postcode": "57-410", "object_type": "K01.30.20", "object_type_name": "Dwory obronne", "veracity_score": "fair", "accessibility": "full", "state": "good", "otar_id": "K01.30.20.QAHLWL", "name": "Pałac w Sarnach", "description": "Pałac w Sarnach to renesansowa, obronna rezydencja wzniesiona ok. 1590 roku z częściowym wykorzystaniem murów wcześniejszego założenia. Budowla miała reprezentacyjny charakter, była trzykondygnacyjna, z wieżową klatką schodową, dekoracją sgraffitową i regularnym układem wnętrz. W XVIII wieku dobudowano kaplicę, a w 1819 roku wykonano nową więźbę i dach łamany. Późniejsze przebudowy nadały mu historyzujący wygląd, jednak zachował on renesansowy charakter.", "wikidata": "Q30049512", "wikidata_url": "https://www.wikidata.org/wiki/Q30049512", "wikipedia": "n/a", "wikipedia_url": "n/a", "published": "2026-08-14" }, "geometry": { "type": "Point", "coordinates": [ 16.462418613361688, 50.546237156917115 ] } },
{ "type": "Feature", "id": 583, "properties": { "wkt_wgs84": "POINT (23.163951848 50.025948072)", "x_wgs84": 23.163951848, "y_wgs84": 50.025948071999998, "country": "Polska", "province": "podkarpackie", "district": "lubaczowski", "municipality": "Wielkie Oczy", "postcode": "37-627", "object_type": "K01.30.20", "object_type_name": "Dwory obronne", "veracity_score": "good", "accessibility": "partial", "state": "excellent", "otar_id": "K01.30.20.QC9HU4", "name": "Dwór obronny w Wielkich Oczach", "description": "W drugiej połowie XVII wieku Andrzej Modrzewski, w nagrodę za uratowanie życia wielkiemu hetmanowi koronnemu Stefanowi Potockiemu, otrzymał wieś Wielkie Oczy. Wkrótce wzniósł tu dwór obronny, który stał się siedzibą majątku. Na przestrzeni kolejnych lat dwór i majątek wielokrotnie zmieniały właścicieli. Po zniszczeniach wojennych obiekt został gruntownie przebudowany. Obecnie budynek pełni funkcję siedziby władz gminnych.", "wikidata": "n/a", "wikidata_url": "n/a", "wikipedia": "n/a", "wikipedia_url": "n/a", "published": "2026-08-14" }, "geometry": { "type": "Point", "coordinates": [ 23.163951848, 50.025948072 ] } },
{ "type": "Feature", "id": 584, "properties": { "wkt_wgs84": "POINT (16.982774699 50.581061008)", "x_wgs84": 16.982774699, "y_wgs84": 50.581061008, "country": "Polska", "province": "dolnośląskie", "district": "ząbkowicki", "municipality": "Ziębice", "postcode": "57-224", "object_type": "K01.30.20", "object_type_name": "Dwory obronne", "veracity_score": "good", "accessibility": "partial", "state": "good", "otar_id": "K01.30.20.QCDMTG", "name": "Dwór obronny w Służejowie", "description": "Dwór w Służejowie wzniesiono około 1600 r. jako renesansową rezydencję obronną. Dwukondygnacyjny budynek na planie prostokąta nakrywa dach mansardowy; od frontu dominuje sześciokondygnacyjna wieża, czworoboczna u podstawy i przechodząca w ośmiobok. Wejście prowadzi przez kamienny portal z dekoracją heraldyczną. Obiekt przebudowywano w XIX i XX w. Obecnie należy do zabytkowego zespołu dworskiego wraz z parkiem.", "wikidata": "Q30088742", "wikidata_url": "https://www.wikidata.org/wiki/Q30088742", "wikipedia": "pl:Dwór w Służejowie", "wikipedia_url": "https://pl.wikipedia.org/wiki/Dw%C3%B3r_w_S%C5%82u%C5%BCejowie", "published": "2026-08-14" }, "geometry": { "type": "Point", "coordinates": [ 16.982774699, 50.581061008 ] } },
{ "type": "Feature", "id": 585, "properties": { "wkt_wgs84": "POINT (15.569092265 51.127929681)", "x_wgs84": 15.569092265, "y_wgs84": 51.127929680999998, "country": "Polska", "province": "dolnośląskie", "district": "lwówecki", "municipality": "Lwówek Śląski", "postcode": "59-600", "object_type": "K01.30.20", "object_type_name": "Dwory obronne", "veracity_score": "good", "accessibility": "partial", "state": "excellent", "otar_id": "K01.30.20.QL1UZ5", "name": "Wieża rycerska w Rakowicach Wielkich", "description": "Wieża obronna (zwana rycerską lub miejską), powstała na przełomie XV i XVI wieku. Wykonana z kamienia, jest to jedna z dwóch wież obronnych w Rakowicach Wielkich.", "wikidata": "Q50999296", "wikidata_url": "https://www.wikidata.org/wiki/Q50999296", "wikipedia": "pl:Wieża rycerska w Rakowicach Wielkich", "wikipedia_url": "https://pl.wikipedia.org/wiki/Wie%C5%BCa_rycerska_w_Rakowicach_Wielkich", "published": "2026-08-14" }, "geometry": { "type": "Point", "coordinates": [ 15.569092265, 51.127929681 ] } },
{ "type": "Feature", "id": 586, "properties": { "wkt_wgs84": "POINT (15.794803405 51.677533952)", "x_wgs84": 15.794803405, "y_wgs84": 51.677533951999997, "country": "Polska", "province": "lubuskie", "district": "nowosolski", "municipality": "Nowe Miasteczko", "postcode": "67-124", "object_type": "K01.30.20", "object_type_name": "Dwory obronne", "veracity_score": "fair", "accessibility": "limited", "state": "good", "otar_id": "K01.30.20.R5QVC5", "name": "Dwór obronny w Miłakowie", "description": "Dwór obronny w Miłakowie to cenny, choć mało znany przykład nowożytnej architektury rezydencjonalno-obronnej na Dolnym Śląsku. Wzniesiony w drugiej połowie XVI wieku (około 1587 roku) przez rycerski ród von Rechenberg, obiekt pełnił funkcję reprezentacyjnego centrum lokalnego majątku ziemskiego oraz ufortyfikowanego schronienia.", "wikidata": "Q30107659", "wikidata_url": "https://www.wikidata.org/wiki/Q30107659", "wikipedia": "n/a", "wikipedia_url": "n/a", "published": "2026-08-14" }, "geometry": { "type": "Point", "coordinates": [ 15.794803405, 51.677533952 ] } },
{ "type": "Feature", "id": 587, "properties": { "wkt_wgs84": "POINT (20.108426 51.133855)", "x_wgs84": 20.108426, "y_wgs84": 51.133855, "country": "Polska", "province": "świętokrzyskie", "district": "konecki", "municipality": "Fałków", "postcode": "26-260", "object_type": "K01.30.20", "object_type_name": "Dwory obronne", "veracity_score": "good", "accessibility": "full", "state": "poor", "otar_id": "K01.30.20.R9V7WG", "name": "Dwór obronny w Fałkowie", "description": "Dwór obronny w Fałkowie powstała prawdopodobnie w XVI w. jako murowana siedziba o funkcjach mieszkalnych i obronnych. Założenie miało zwartą bryłę i było otoczone systemem obronnym wykorzystującym naturalne ukształtowanie terenu. W kolejnych stuleciach obiekt utracił pierwotne znaczenie i uległ zniszczeniu. Obecnie zachowały się jedynie relikty murów oraz ślady dawnego założenia obronnego.", "wikidata": "Q16534071", "wikidata_url": "https://www.wikidata.org/wiki/Q16534071", "wikipedia": "pl:Budowla obronna w Fałkowie", "wikipedia_url": "https://pl.wikipedia.org/wiki/Budowla_obronna_w_Fa%C5%82kowie", "published": "2026-08-14" }, "geometry": { "type": "Point", "coordinates": [ 20.108426, 51.133855 ] } },
{ "type": "Feature", "id": 588, "properties": { "wkt_wgs84": "POINT (20.845703758 50.60155564)", "x_wgs84": 20.845703758, "y_wgs84": 50.60155564, "country": "Polska", "province": "świętokrzyskie", "district": "buski", "municipality": "Gnojno", "postcode": "28-114", "object_type": "K01.30.20", "object_type_name": "Dwory obronne", "veracity_score": "good", "accessibility": "limited", "state": "good", "otar_id": "K01.30.20.S2UMPH", "name": "Dwór obronny w Gnojnie", "description": "Eklektyczny dwór z początku XX w., wzniesiony na skarpie nad rzeczką Żabienką dla rodziny Trzebińskich, następnie rozbudowany w 1908 r. przez Stanisława Jarmułt-Mlickiego herbu Dołęga. Wpisany do rejestru zabytków jako zespół dworski (dwór i park z XIX w.). Dwór zachował się do czasów obecnych, stanowi własność prywatną.", "wikidata": "n/a", "wikidata_url": "n/a", "wikipedia": "n/a", "wikipedia_url": "n/a", "published": "2026-08-14" }, "geometry": { "type": "Point", "coordinates": [ 20.845703758, 50.60155564 ] } },
{ "type": "Feature", "id": 589, "properties": { "wkt_wgs84": "POINT (19.689550978 50.129055086)", "x_wgs84": 19.689550978, "y_wgs84": 50.129055086000001, "country": "Polska", "province": "małopolskie", "district": "krakowski", "municipality": "Zabierzów", "postcode": "32-064", "object_type": "K01.30.20", "object_type_name": "Dwory obronne", "veracity_score": "good", "accessibility": "limited", "state": "good", "otar_id": "K01.30.20.SFP6BF", "name": "Lamus dworski w Pisarach", "description": "Lamus dworski w Pisarach to murowany, piętrowy budynek z pierwszej połowy XVII w., pierwotnie pełniący funkcję dworu obronnego. Wzniesiony na planie kwadratu, zachował cechy renesansowe. Nakryty jest stromym dachem namiotowym krytym gontem. Od północy prowadzą schody na ganek piętra, natomiast w przyziemiu zachowało się sklepienie kolebkowe z lunetami. Obiekt należy do zabytkowego zespołu dworskiego.", "wikidata": "Q11752765", "wikidata_url": "https://www.wikidata.org/wiki/Q11752765", "wikipedia": "pl:Lamus dworski w Pisarach", "wikipedia_url": "https://pl.wikipedia.org/wiki/Lamus_dworski_w_Pisarach", "published": "2026-08-14" }, "geometry": { "type": "Point", "coordinates": [ 19.689550978, 50.129055086 ] } },
{ "type": "Feature", "id": 590, "properties": { "wkt_wgs84": "POINT (16.483989201 50.525221395)", "x_wgs84": 16.483989201, "y_wgs84": 50.525221395000003, "country": "Polska", "province": "dolnośląskie", "district": "kłodzki", "municipality": "Radków", "postcode": "57-410", "object_type": "K01.30.20", "object_type_name": "Dwory obronne", "veracity_score": "good", "accessibility": "full", "state": "excellent", "otar_id": "K01.30.20.SHWSMU", "name": "Dwór obronny Kapitanowo w Ścinawce Średniej", "description": "W Ścinawce Średniej w połowie XIV wieku istniała wieża obronna wzniesiona przez Thammona von Zeschau. Była to budowla trzykondygnacyjna, otoczona fosą. W dokumencie z 1412 roku obiekt wzmiankowany był już jako murowany dwór. W pierwszej połowie XVI wieku ówcześni właściciele rozbudowali go w stylu renesansowym. Pomimo późniejszych przekształceń zamek zachował swój pierwotny charakter. W obrębie założenia przetrwała pierwotna wieża oraz dwa skrzydła dobudowane w późniejszym okresie.", "wikidata": "Q9386524", "wikidata_url": "https://www.wikidata.org/wiki/Q9386524", "wikipedia": "pl:Zamek Kapitanowo w Ścinawce Średniej", "wikipedia_url": "https://pl.wikipedia.org/wiki/Zamek_Kapitanowo_w_%C5%9Acinawce_%C5%9Aredniej", "published": "2026-08-14" }, "geometry": { "type": "Point", "coordinates": [ 16.483989201, 50.525221395 ] } },
{ "type": "Feature", "id": 591, "properties": { "wkt_wgs84": "POINT (17.423768402 52.988502714)", "x_wgs84": 17.423768402, "y_wgs84": 52.988502714, "country": "Polska", "province": "kujawsko-pomorskie", "district": "nakielski", "municipality": "Kcynia", "postcode": "89-240", "object_type": "K01.30.20", "object_type_name": "Dwory obronne", "veracity_score": "good", "accessibility": "partial", "state": "excellent", "otar_id": "K01.30.20.SLQSDC", "name": "Dwór obronny w Grocholinie", "description": "Dwór obronny wzniesiono na przełomie XVI i XVII w. jako późnorenesansową fortalicję fundacji Wojciecha Baranowskiego. Budowlę cechują masywne, grube mury, wieża o późniejszym, XIX-wiecznym zwieńczeniu oraz manierystyczny portal wejściowy. Obiekt łączy funkcję mieszkalną z obronną i zachował charakterystyczne elementy dawnej rezydencji szlacheckiej.", "wikidata": "Q30037414", "wikidata_url": "https://www.wikidata.org/wiki/Q30037414", "wikipedia": "n/a", "wikipedia_url": "n/a", "published": "2026-08-14" }, "geometry": { "type": "Point", "coordinates": [ 17.423768402, 52.988502714 ] } },
{ "type": "Feature", "id": 592, "properties": { "wkt_wgs84": "POINT (19.360366907 51.664021097)", "x_wgs84": 19.360366907, "y_wgs84": 51.664021097000003, "country": "Polska", "province": "łódzkie", "district": "pabianicki", "municipality": "Pabianice", "postcode": "95-200", "object_type": "K01.30.20", "object_type_name": "Dwory obronne", "veracity_score": "good", "accessibility": "full", "state": "excellent", "otar_id": "K01.30.20.T1474V", "name": "Dwór obronny kapituły krakowskiej w Pabianicach", "description": "Dwór obronny kapituły krakowskiej w Pabianicach wzniesiono w XVI w. jako murowaną siedzibę administracyjną i rezydencjonalną kapituły. Budowla miała zwartą bryłę, funkcje mieszkalne i gospodarcze oraz elementy obronne odpowiadające charakterowi fortalicji. W kolejnych stuleciach obiekt był przebudowywany i adaptowany do nowych potrzeb. Obecnie jest zachowany jako cenny zabytek dawnej zabudowy rezydencjonalnej Pabianic.", "wikidata": "Q19865831", "wikidata_url": "https://www.wikidata.org/wiki/Q19865831", "wikipedia": "n/a", "wikipedia_url": "n/a", "published": "2026-08-14" }, "geometry": { "type": "Point", "coordinates": [ 19.360366907, 51.664021097 ] } },
{ "type": "Feature", "id": 593, "properties": { "wkt_wgs84": "POINT (16.83356002 51.20281022)", "x_wgs84": 16.83356002, "y_wgs84": 51.20281022, "country": "Polska", "province": "dolnośląskie", "district": "średzki", "municipality": "Miękinia", "postcode": "55-330", "object_type": "K01.30.20", "object_type_name": "Dwory obronne", "veracity_score": "poor", "accessibility": "limited", "state": "poor", "otar_id": "K01.30.20.TD4D1Y", "name": "Dwór obronny w Brzezinie Wrocławskiej", "description": "W miejscowości Brzezina autentyczne relikty dawnej warowni rycerskiej znajdują się w sąsiedztwie znacznie bardziej widocznego, osiemnastowiecznego pałacu barokowego. Pierwotna siedziba obronna wzniesiona została w XVI wieku jako klasyczny nizinny zamek na wodzie, posadowiony na regularnej wyspie i zabezpieczony rozbudowanym systemem fos zasilanych z okolicznych cieków wodnych. Było to założenie obronno-mieszkalne o charakterze dworskim, typowe dla średniozamożnej szlachty śląskiej tego okresu.", "wikidata": "n/a", "wikidata_url": "n/a", "wikipedia": "n/a", "wikipedia_url": "n/a", "published": "2026-08-14" }, "geometry": { "type": "Point", "coordinates": [ 16.83356002, 51.20281022 ] } },
{ "type": "Feature", "id": 594, "properties": { "wkt_wgs84": "POINT (20.323810227 49.869673414)", "x_wgs84": 20.323810227, "y_wgs84": 49.869673413999998, "country": "Polska", "province": "małopolskie", "district": "bocheński", "municipality": "Łapanów", "postcode": "32-740", "object_type": "K01.30.20", "object_type_name": "Dwory obronne", "veracity_score": "fair", "accessibility": "limited", "state": "excellent", "otar_id": "K01.30.20.TL4PJ3", "name": "Dwór obronny Wieruskich w Wieruszycach", "description": "Dwór obronny Wieruskich w Wieruszycach to renesansowa siedziba szlachecka należąca niegdyś do rodu Wieruskich. Wzniesiono go z kamienia z niewielkim użyciem cegły na planie prostokąta; mury miejscami osiągają ok. 2 m grubości. Budowlę przykrywa czterospadowy dach gontowy, a narożną wieżę – dach stożkowy. Funkcje obronne wzmacniały fosa i położenie na wzniesieniu. Później dwór służył jako spichlerz. Obecnie jest własnością prywatną i zachował się w dobrym stanie.", "wikidata": "Q30144378", "wikidata_url": "https://www.wikidata.org/wiki/Q30144378", "wikipedia": "n/a", "wikipedia_url": "n/a", "published": "2026-08-14" }, "geometry": { "type": "Point", "coordinates": [ 20.323810227, 49.869673414 ] } },
{ "type": "Feature", "id": 595, "properties": { "wkt_wgs84": "POINT (16.255809286 51.08475237)", "x_wgs84": 16.255809286000002, "y_wgs84": 51.08475237, "country": "Polska", "province": "dolnośląskie", "district": "jaworski", "municipality": "Mściwojów", "postcode": "59-407", "object_type": "K01.30.20", "object_type_name": "Dwory obronne", "veracity_score": "good", "accessibility": "limited", "state": "good", "otar_id": "K01.30.20.U8ZUWC", "name": "Dwór obronny w Snowidzy", "description": "Dwór w Snowidzy (dawniej Hertwigswaldau) to zabytkowa rezydencja położona w województwie dolnośląskim, w powiecie jaworskim, w gminie Mściwojów. Obiekt powstał w drugiej połowie XVII wieku, prawdopodobnie z inicjatywy rodu von Nostitz. Pierwotnie miał charakter obronny i był otoczony fosą. W XVIII i XIX wieku dwór był wielokrotnie przebudowywany, uzyskując obecną rozbudowaną formę. Z rezydencją związany jest zabytkowy park z ogrodem ozdobnym oraz pozostałości dawnego zespołu folwarcznego.", "wikidata": "Q24947727", "wikidata_url": "https://www.wikidata.org/wiki/Q24947727", "wikipedia": "pl:Dwór w Snowidzy", "wikipedia_url": "https://pl.wikipedia.org/wiki/Dw%C3%B3r_w_Snowidzy", "published": "2026-08-14" }, "geometry": { "type": "Point", "coordinates": [ 16.255809286, 51.08475237 ] } },
{ "type": "Feature", "id": 596, "properties": { "wkt_wgs84": "POINT (16.856951193 50.811894899)", "x_wgs84": 16.856951193, "y_wgs84": 50.811894899000002, "country": "Polska", "province": "dolnośląskie", "district": "dzierżoniowski", "municipality": "Łagiewniki", "postcode": "58-210", "object_type": "K01.30.20", "object_type_name": "Dwory obronne", "veracity_score": "good", "accessibility": "limited", "state": "bad", "otar_id": "K01.30.20.UMVNLG", "name": "Dwór obronny w Radzikowie", "description": "Dwór w Radzikowie wzniesiono w I połowie XVI w. jako renesansową siedzibę szlachecką, a w XVII w. został rozbudowany. Na początku XIX w. obiekt przebudowano, zachowując część wcześniejszej substancji. Dwór otaczała fosa, której relikty są nadal czytelne, a w sąsiedztwie zachowały się zabudowania gospodarcze. Po 1945 r. budynek nie był użytkowany i stopniowo popadał w ruinę.", "wikidata": "Q24946780", "wikidata_url": "https://www.wikidata.org/wiki/Q24946780", "wikipedia": "pl:Dwór w Radzikowie", "wikipedia_url": "https://pl.wikipedia.org/wiki/Dw%C3%B3r_w_Radzikowie", "published": "2026-08-14" }, "geometry": { "type": "Point", "coordinates": [ 16.856951193, 50.811894899 ] } },
{ "type": "Feature", "id": 597, "properties": { "wkt_wgs84": "POINT (15.563072 51.132568)", "x_wgs84": 15.563072, "y_wgs84": 51.132568, "country": "Polska", "province": "dolnośląskie", "district": "lwówecki", "municipality": "Lwówek Śląski", "postcode": "59-600", "object_type": "K01.30.20", "object_type_name": "Dwory obronne", "veracity_score": "good", "accessibility": "partial", "state": "poor", "otar_id": "K01.30.20.UTFK84", "name": "Wieża książęca w Rakowicach Wielkich", "description": "Wieża książęca w Rakowicach Wielkich to pozostałość późnośredniowiecznej siedziby obronno-mieszkalnej, wzniesionej w XV lub na początku XVI wieku. Budowlę wykonano z łamanego piaskowca i kamiennych ciosów na planie zbliżonym do kwadratu. Pierwotnie posiadała trzy kondygnacje oraz stromy dach i pełniła funkcję mieszkalną zarządcy miejscowego folwarku. W latach 60. XX wieku zawalił się dach, a w następnej dekadzie runęła większość konstrukcji.", "wikidata": "Q56328357", "wikidata_url": "https://www.wikidata.org/wiki/Q56328357", "wikipedia": "pl:Wieża książęca w Rakowicach Wielkich", "wikipedia_url": "https://pl.wikipedia.org/wiki/Wie%C5%BCa_ksi%C4%85%C5%BC%C4%99ca_w_Rakowicach_Wielkich", "published": "2026-08-14" }, "geometry": { "type": "Point", "coordinates": [ 15.563072, 51.132568 ] } },
{ "type": "Feature", "id": 598, "properties": { "wkt_wgs84": "POINT (16.809715023 50.588935399)", "x_wgs84": 16.809715023, "y_wgs84": 50.588935399, "country": "Polska", "province": "dolnośląskie", "district": "ząbkowicki", "municipality": "Ząbkowice Śląskie", "postcode": "57-200", "object_type": "K01.30.20", "object_type_name": "Dwory obronne", "veracity_score": "good", "accessibility": "full", "state": "excellent", "otar_id": "K01.30.20.V112YF", "name": "Krzywa Wieża w Ząbkowicach Śląskich", "description": "Krzywa Wieża w Ząbkowicach Śląskich to najwyższa krzywa wieża w Polsce i jedna z najbardziej unikalnych atrakcji architektonicznych w kraju. Ta średniowieczna, czworoboczna budowla wznosi się na wysokość 34 metrów, a jej obecne odchylenie od pionu wynosi aż 2,14 metra. Do dziś nie ma całkowitej pewności, co wywołało pochylenie obiektu.", "wikidata": "Q2234461", "wikidata_url": "https://www.wikidata.org/wiki/Q2234461", "wikipedia": "pl:Krzywa Wieża w Ząbkowicach Śląskich", "wikipedia_url": "https://pl.wikipedia.org/wiki/Krzywa_Wie%C5%BCa_w_Z%C4%85bkowicach_%C5%9Al%C4%85skich", "published": "2026-08-14" }, "geometry": { "type": "Point", "coordinates": [ 16.809715023, 50.588935399 ] } },
{ "type": "Feature", "id": 599, "properties": { "wkt_wgs84": "POINT (20.371738 51.204353)", "x_wgs84": 20.371738, "y_wgs84": 51.204353, "country": "Polska", "province": "świętokrzyskie", "district": "konecki", "municipality": "Końskie", "postcode": "26-200", "object_type": "K01.30.20", "object_type_name": "Dwory obronne", "veracity_score": "fair", "accessibility": "partial", "state": "good", "otar_id": "K01.30.20.V5LCNA", "name": "Dwór obronny w Modliszewicach", "description": "Dwór w Modliszewicach wzniesiono w XVI w. jako renesansową siedzibę o funkcjach mieszkalnych i obronnych. Murowana budowla miała zwartą bryłę, była otoczona fosą i stanowiła element większego założenia dworskiego. W kolejnych stuleciach obiekt przebudowywano i przystosowywano do nowych funkcji. Obecnie dwór jest zachowany jako zabytek architektury rezydencjonalnej.", "wikidata": "Q9213462", "wikidata_url": "https://www.wikidata.org/wiki/Q9213462", "wikipedia": "pl:Dwór w Modliszewicach", "wikipedia_url": "https://pl.wikipedia.org/wiki/Dw%C3%B3r_w_Modliszewicach", "published": "2026-08-14" }, "geometry": { "type": "Point", "coordinates": [ 20.371738, 51.204353 ] } },
{ "type": "Feature", "id": 600, "properties": { "wkt_wgs84": "POINT (17.521119313 53.249529868)", "x_wgs84": 17.521119313, "y_wgs84": 53.249529868000003, "country": "Polska", "province": "kujawsko-pomorskie", "district": "nakielski", "municipality": "Mrocza", "postcode": "89-115", "object_type": "K01.30.20", "object_type_name": "Dwory obronne", "veracity_score": "poor", "accessibility": "full", "state": "poor", "otar_id": "K01.30.20.V74MUM", "name": "Dwór obronny w Orlu", "description": "Ruina dworu w Orlu to pozostałość gotyckiej, ceglanej rezydencji obronnej z XV w., położonej na sztucznej wyspie otoczonej fosą połączoną z rzeką Orlą. Budowla miała plan prostokąta, dwa pomieszczenia, narożne szkarpy oraz ośmioboczną basztę z kolistym wnętrzem. Prawdopodobnie towarzyszyło jej przedzamcze. Dwór zniszczono podczas potopu szwedzkiego. Obecnie zachowały się jedynie relikty murów w strefie fundamentowej.", "wikidata": "n/a", "wikidata_url": "n/a", "wikipedia": "n/a", "wikipedia_url": "n/a", "published": "2026-08-14" }, "geometry": { "type": "Point", "coordinates": [ 17.521119313, 53.249529868 ] } },
{ "type": "Feature", "id": 601, "properties": { "wkt_wgs84": "POINT (16.678686737 50.754856091)", "x_wgs84": 16.678686737, "y_wgs84": 50.754856091000001, "country": "Polska", "province": "dolnośląskie", "district": "dzierżoniowski", "municipality": "Dzierżoniów", "postcode": "58-211", "object_type": "K01.30.20", "object_type_name": "Dwory obronne", "veracity_score": "poor", "accessibility": "limited", "state": "good", "otar_id": "K01.30.20.VGG2XJ", "name": "Dwór obronny w Uciechowie", "description": "To zabytkowy dwór w Uciechowie, wzniesiony na planie prostokąta i nakryty dachem naczółkowym. Jest częścią zespołu dworskiego, do którego należą także park krajobrazowy z końca XVII wieku, przekształcony w XVIII wieku, oraz zabudowania gospodarcze wokół dziedzińca: trzy oficyny mieszkalne, trzy obory i stodoła.", "wikidata": "Q24946796", "wikidata_url": "https://www.wikidata.org/wiki/Q24946796", "wikipedia": "pl:Dwór w Uciechowie", "wikipedia_url": "https://pl.wikipedia.org/wiki/Dw%C3%B3r_w_Uciechowie", "published": "2026-08-14" }, "geometry": { "type": "Point", "coordinates": [ 16.678686737, 50.754856091 ] } },
{ "type": "Feature", "id": 602, "properties": { "wkt_wgs84": "POINT (18.63296858 49.731791795)", "x_wgs84": 18.63296858, "y_wgs84": 49.731791795, "country": "Polska", "province": "śląskie", "district": "cieszyński", "municipality": "Cieszyn", "postcode": "43-400", "object_type": "K01.30.20", "object_type_name": "Dwory obronne", "veracity_score": "fair", "accessibility": "limited", "state": "excellent", "otar_id": "K01.30.20.VN5C36", "name": "Dwór obronny w Cieszynie-Błogocicach", "description": "Dwór obronny wzniesiono w 1447 roku i pierwotnie posiadał on wieżę mieszkalną. Choć liczne przebudowy zatarły jego pierwotny, zabytkowy charakter, obiekt przetrwał do dziś. Obecnie znajduje się w rękach prywatnych, a jego zwiedzanie jest możliwe wyłącznie z zewnątrz.", "wikidata": "n/a", "wikidata_url": "n/a", "wikipedia": "n/a", "wikipedia_url": "n/a", "published": "2026-08-14" }, "geometry": { "type": "Point", "coordinates": [ 18.63296858, 49.731791795 ] } },
{ "type": "Feature", "id": 603, "properties": { "wkt_wgs84": "POINT (16.557674363014833 51.18664473603192)", "x_wgs84": 16.557674363014833, "y_wgs84": 51.186644736031923, "country": "Polska", "province": "dolnośląskie", "district": "średzki", "municipality": "Środa Śląska", "postcode": "55-300", "object_type": "K01.30.20", "object_type_name": "Dwory obronne", "veracity_score": "fair", "accessibility": "limited", "state": "bad", "otar_id": "K01.30.20.W4HVPQ", "name": "Dwór obronny w Jastrzębcach", "description": "Dwór obronny w Jastrzębcach wzniesiono w XVI w. jako renesansową siedzibę szlachecką o funkcjach mieszkalnych i obronnych. Murowany obiekt miał zwartą bryłę, grube mury i układ dostosowany do potrzeb niewielkiej fortalicji. W kolejnych stuleciach był przebudowywany i tracił część pierwotnych cech obronnych. Obecnie zachował się jako zabytkowy budynek dawnego założenia dworskiego.", "wikidata": "Q30079338", "wikidata_url": "https://www.wikidata.org/wiki/Q30079338", "wikipedia": "pl:Dwór obronny w Jastrzębcach", "wikipedia_url": "https://pl.wikipedia.org/wiki/Dw%C3%B3r_obronny_w_Jastrz%C4%99bcach", "published": "2026-08-14" }, "geometry": { "type": "Point", "coordinates": [ 16.557674363014833, 51.186644736031923 ] } },
{ "type": "Feature", "id": 604, "properties": { "wkt_wgs84": "POINT (22.088597 52.464832)", "x_wgs84": 22.088597, "y_wgs84": 52.464832, "country": "Polska", "province": "mazowieckie", "district": "węgrowski", "municipality": "Miedzna", "postcode": "07-106", "object_type": "K01.30.20", "object_type_name": "Dwory obronne", "veracity_score": "fair", "accessibility": "full", "state": "poor", "otar_id": "K01.30.20.W5RQX4", "name": "Dwór obronny w Miedznej", "description": "Ruiny dawnego dworu warownego w Miedznie to XVI-wieczny zabytek o charakterze mieszkalno-obronnym, który obecnie znajduje się w stanie trwałej ruiny. Obiekt, wzniesiony z kamienia i cegły, był pierwotnie otoczony fosą.", "wikidata": "Q33466363", "wikidata_url": "https://www.wikidata.org/wiki/Q33466363", "wikipedia": "n/a", "wikipedia_url": "n/a", "published": "2026-08-14" }, "geometry": { "type": "Point", "coordinates": [ 22.088597, 52.464832 ] } },
{ "type": "Feature", "id": 605, "properties": { "wkt_wgs84": "POINT (19.850403078 49.618787628)", "x_wgs84": 19.850403078, "y_wgs84": 49.618787628, "country": "Polska", "province": "małopolskie", "district": "suski", "municipality": "Jordanów", "postcode": "34-240", "object_type": "K01.30.20", "object_type_name": "Dwory obronne", "veracity_score": "fair", "accessibility": "limited", "state": "excellent", "otar_id": "K01.30.20.WRMM3U", "name": "Dwór obronny w Wysokiej", "description": "Dwór obronny z I. połowy XVII wieku oryginalnie w stylu renesansowym, przebudowany na barokowy. Przekształcony na spichlerz w połowie wieku XIX, ponownie oddany do użytku mieszkalnego w 1912 roku. Budynek spłonął w trakcie działań wojennych roku 1939, odbudowany w 1942 roku i użytkowany jako szkoła podstawowa, a po wojnie jako ośrodek wypoczynkowy. Od 1988 w rękach prywatnych właścicieli, gruntownie wyremontowany.", "wikidata": "n/a", "wikidata_url": "n/a", "wikipedia": "n/a", "wikipedia_url": "n/a", "published": "2026-08-14" }, "geometry": { "type": "Point", "coordinates": [ 19.850403078, 49.618787628 ] } },
{ "type": "Feature", "id": 606, "properties": { "wkt_wgs84": "POINT (23.474765303 51.155786475)", "x_wgs84": 23.474765303000002, "y_wgs84": 51.155786475, "country": "Polska", "province": "lubelskie", "district": "Chełm", "municipality": "Chełm", "postcode": "22-100", "object_type": "K01.30.20", "object_type_name": "Dwory obronne", "veracity_score": "fair", "accessibility": "full", "state": "poor", "otar_id": "K01.30.20.XRF1E9", "name": "Wieża w Bieławinie", "description": "Obronna wieża grodowa wzniesiona w XIV wieku przez książąt halickich. Zniszczona w 1944 roku. Odbudowana wraz z częścią grodu w 1996 roku. Do naszych czasów zachowały się jedynie niewielkie fragmenty pierwotnych murów, stanowiące relikty średniowiecznej konstrukcji.", "wikidata": "Q9373857", "wikidata_url": "https://www.wikidata.org/wiki/Q9373857", "wikipedia": "pl:Wieża w Bieławinie", "wikipedia_url": "https://pl.wikipedia.org/wiki/Wie%C5%BCa_w_Bie%C5%82awinie", "published": "2026-08-14" }, "geometry": { "type": "Point", "coordinates": [ 23.474765303, 51.155786475 ] } },
{ "type": "Feature", "id": 607, "properties": { "wkt_wgs84": "POINT (16.561968905 50.165571933)", "x_wgs84": 16.561968905000001, "y_wgs84": 50.165571933000003, "country": "Polska", "province": "dolnośląskie", "district": "kłodzki", "municipality": "Międzylesie", "postcode": "57-530", "object_type": "K01.30.20", "object_type_name": "Dwory obronne", "veracity_score": "fair", "accessibility": "limited", "state": "poor", "otar_id": "K01.30.20.XTUM29", "name": "Dwór obronny sołtysów w Niemojowie", "description": "Dwór sołtysów w Niemojowie wzniesiono w XVI w. jako renesansową siedzibę sołtysa o funkcjach mieszkalnych i obronnych. Murowany obiekt miał zwartą bryłę, grube ściany, sklepione pomieszczenia i był częścią większego założenia gospodarczego. W późniejszych stuleciach ulegał przekształceniom i stopniowej degradacji. Obecnie zachował się w stanie ruiny, z czytelnymi fragmentami murów i układu dawnej budowli.", "wikidata": "Q9213411", "wikidata_url": "https://www.wikidata.org/wiki/Q9213411", "wikipedia": "pl:Dwór sołtysów w Niemojowie", "wikipedia_url": "https://pl.wikipedia.org/wiki/Dw%C3%B3r_so%C5%82tys%C3%B3w_w_Niemojowie", "published": "2026-08-14" }, "geometry": { "type": "Point", "coordinates": [ 16.561968905, 50.165571933 ] } },
{ "type": "Feature", "id": 608, "properties": { "wkt_wgs84": "POINT (16.269564 50.982993)", "x_wgs84": 16.269564, "y_wgs84": 50.982993, "country": "Polska", "province": "dolnośląskie", "district": "świdnicki", "municipality": "Strzegom", "postcode": "58-150", "object_type": "K01.30.20", "object_type_name": "Dwory obronne", "veracity_score": "fair", "accessibility": "limited", "state": "bad", "otar_id": "K01.30.20.XWFXQ3", "name": "Dwór obronny w Kostrzy", "description": "Ruiny dworu z 1. poł. XIX w. wybudowanego na miejscu dworu obronnego z XVI w. otoczone pozostałościami fosy. Budynek znajduje się w centrum Zespołu Dworskiego. ", "wikidata": "Q20033716", "wikidata_url": "https://www.wikidata.org/wiki/Q20033716", "wikipedia": "pl:Dwór w Kostrzy", "wikipedia_url": "https://pl.wikipedia.org/wiki/Dw%C3%B3r_w_Kostrzy", "published": "2026-08-14" }, "geometry": { "type": "Point", "coordinates": [ 16.269564, 50.982993 ] } },
{ "type": "Feature", "id": 609, "properties": { "wkt_wgs84": "POINT (16.765342 50.351221)", "x_wgs84": 16.765342, "y_wgs84": 50.351221, "country": "Polska", "province": "dolnośląskie", "district": "kłodzki", "municipality": "Lądek-Zdrój", "postcode": "57-540", "object_type": "K01.30.20", "object_type_name": "Dwory obronne", "veracity_score": "fair", "accessibility": "partial", "state": "bad", "otar_id": "K01.30.20.ZFJ8EL", "name": "Dwór obronny w Trzebieszowicach", "description": "Ruiny renesansowego dworu z 1580 r., wzniesionego przy XIV-wiecznej wieży mieszkalno-obronnej. Po wojnie był tu zakład przetwórczy, od lat 90. XX w. budowla niszczeje.", "wikidata": "Q18614062", "wikidata_url": "https://www.wikidata.org/wiki/Q18614062", "wikipedia": "pl:Dwór w Trzebieszowicach", "wikipedia_url": "https://pl.wikipedia.org/wiki/Dw%C3%B3r_w_Trzebieszowicach", "published": "2026-08-14" }, "geometry": { "type": "Point", "coordinates": [ 16.765342, 50.351221 ] } }
]
}
